contribution_date,amount,contributor_name,sector_category,alignment,candidate_name,office
2022-06-13,57200.0,Montefiore Health System,hospital_health_system_provider,neutral,Kathleen C. Hochul,governor
2021-09-28,47100.0,New York State Dental Association PAC (NYSDAPAC),industry_association,neutral,Kathleen C. Hochul,governor
2021-11-02,47100.0,Centene,health_insurer,neutral,Kathleen C. Hochul,governor
2021-09-23,35000.0,Elevance,health_insurer,neutral,Kathleen C. Hochul,governor
2021-10-09,30000.0,NY Health Care PAC,industry_association,neutral,Kathleen C. Hochul,governor
2021-11-30,25000.0,Montefiore Health System,hospital_health_system_provider,neutral,Kathleen C. Hochul,governor
2021-11-01,25000.0,Montefiore Health System,hospital_health_system_provider,neutral,Kathleen C. Hochul,governor
2021-11-02,22600.0,Centene,health_insurer,neutral,Kathleen C. Hochul,governor
2022-08-03,20000.0,NewYork-Presbyterian,hospital_health_system_provider,neutral,Kathleen C. Hochul,governor
2021-12-06,19700.0,Montefiore Health System,hospital_health_system_provider,neutral,Kathleen C. Hochul,governor
2022-07-11,19300.0,Montefiore Health System,hospital_health_system_provider,neutral,Gustavo Rivera,state_senate
2023-11-15,18000.0,TriADD PAC,industry_association,neutral,Kathleen C. Hochul,governor
2024-04-30,18000.0,Montefiore Health System,hospital_health_system_provider,neutral,Kathleen C. Hochul,governor
2025-01-10,18000.0,District Council 37 (DC37),union,blocker,Kathleen C. Hochul,governor
2025-06-13,18000.0,NYU Langone Health,hospital_health_system_provider,neutral,Kathleen C. Hochul,governor
2023-04-18,18000.0,New York State Dental Association PAC (NYSDAPAC),industry_association,neutral,Kathleen C. Hochul,governor
2021-09-23,15000.0,Empire State Assn. of Assisted Living (ESAAL),industry_association,neutral,Kathleen C. Hochul,governor
2024-08-07,15000.0,Greater New York Nursing Home Association,industry_association,neutral,Kathleen C. Hochul,governor
2021-10-23,15000.0,Medical Society of the State of New York,industry_association,neutral,Kathleen C. Hochul,governor
2021-10-12,14000.0,Mount Sinai Health System,hospital_health_system_provider,neutral,Kathleen C. Hochul,governor
2025-01-08,13000.0,NewYork-Presbyterian,hospital_health_system_provider,neutral,Kathleen C. Hochul,governor
2022-02-04,12500.0,Montefiore Health System,hospital_health_system_provider,neutral,Kathleen C. Hochul,governor
2022-05-18,11800.0,New York State Dental Association PAC (NYSDAPAC),industry_association,unknown,Andrea Stewart-Cousins,state_senate
2022-01-14,11800.0,Montefiore Health System,hospital_health_system_provider,neutral,Gustavo Rivera,state_senate
2021-12-16,11800.0,Montefiore Health System,hospital_health_system_provider,neutral,Andrea Stewart-Cousins,state_senate
2021-10-28,10000.0,Nurse Practitioners Of NY State PAC,industry_association,neutral,Kathleen C. Hochul,governor
2022-08-18,10000.0,Eli Lilly,pharma,neutral,Kathleen C. Hochul,governor
2024-07-10,10000.0,Greater New York Hospital Association (GNYHA),industry_association,unknown,Kathleen C. Hochul,governor
2021-02-18,10000.0,New York State Dental Association PAC (NYSDAPAC),industry_association,unknown,Gustavo Rivera,state_senate
2022-10-17,10000.0,Montefiore Health System,hospital_health_system_provider,neutral,Michael Gianaris,assembly
2023-06-08,10000.0,Cigna,health_insurer,neutral,Kathleen C. Hochul,governor
2022-05-20,10000.0,New York State Dental Association PAC (NYSDAPAC),industry_association,unknown,Toby Ann Stavisky,state_senate
2021-06-18,10000.0,New York State Dental Association PAC (NYSDAPAC),industry_association,neutral,Michael Gianaris,state_senate
2024-05-28,10000.0,NYU Langone Health,hospital_health_system_provider,neutral,Kathleen C. Hochul,governor
2022-10-17,10000.0,Montefiore Health System,hospital_health_system_provider,neutral,Michael Gianaris,state_senate
2022-06-22,10000.0,Coalition of Asian-American Independent Practice Associations,industry_association,unknown,Kathleen C. Hochul,governor
2023-10-26,10000.0,Coalition of Asian-American Independent Practice Associations,industry_association,unknown,Kathleen C. Hochul,governor
2022-05-12,10000.0,Have Doctor Will Travel Medical P.C.,hospital_health_system_provider,neutral,Jumaane D. Williams,governor
2022-01-10,10000.0,Ascent Pharmaceuticals,pharma,neutral,Thomas R. Suozzi,governor
2021-08-24,10000.0,Community Medical Wellness PC,hospital_health_system_provider,neutral,Lee Michael Zeldin,governor
2022-08-10,10000.0,Montefiore Health System,hospital_health_system_provider,neutral,Elijah Reichlin-Melnick,state_senate
2021-09-23,10000.0,Cigna,health_insurer,neutral,Kathleen C. Hochul,governor
2022-04-15,10000.0,Cigna,health_insurer,neutral,Kathleen C. Hochul,governor
2021-04-24,10000.0,Empire State Assn. of Assisted Living (ESAAL),industry_association,neutral,Andrea Stewart-Cousins,state_senate
2022-06-09,10000.0,Coalition of Asian-American Independent Practice Associations,industry_association,unknown,Andrea Stewart-Cousins,state_senate
2022-10-03,10000.0,United Healthcare / UnitedHealth Group (UHC/UHG),health_insurer,neutral,Kathleen C. Hochul,governor
2022-06-27,10000.0,New York State Dental Association PAC (NYSDAPAC),industry_association,unknown,Antonio Delgado,governor
2025-12-29,10000.0,NY Assn. of Nurse Anesthetists,industry_association,neutral,Kathleen C. Hochul,governor
2022-05-19,10000.0,Greater New York Hospital Association (GNYHA),industry_association,unknown,Kathleen C. Hochul,governor
2022-10-28,10000.0,District Council 37 (DC37),union,blocker,Kathleen C. Hochul,governor
2021-11-05,10000.0,Centene,health_insurer,neutral,Kathleen C. Hochul,governor
2022-01-21,10000.0,Leadingage New York Pac,industry_association,neutral,Kathleen C. Hochul,governor
2022-06-21,10000.0,District Council 37 (DC37),union,blocker,Kathleen C. Hochul,governor
2022-09-26,10000.0,Pfizer,pharma,unknown,Kathleen C. Hochul,governor
2022-01-14,10000.0,Montefiore Health System,hospital_health_system_provider,neutral,Jamaal T. Bailey,state_senate
2024-05-22,10000.0,Pharmaceutical Care Management Association,industry_association,neutral,Kathleen C. Hochul,governor
2022-09-23,10000.0,Healthcare Association of New York State (HANYS),industry_association,unknown,Kathleen C. Hochul,governor
2022-03-15,10000.0,NewYork-Presbyterian,hospital_health_system_provider,neutral,Kathleen C. Hochul,governor
2021-10-14,10000.0,NewYork-Presbyterian,hospital_health_system_provider,neutral,Kathleen C. Hochul,governor
2023-09-14,10000.0,Centene,health_insurer,neutral,Kathleen C. Hochul,governor
2021-07-06,10000.0,Pharmacists Society of the State of New York,industry_association,unknown,James Skoufis,state_senate
2024-04-26,10000.0,NYU Langone Health,hospital_health_system_provider,neutral,Kathleen C. Hochul,governor
2022-04-06,10000.0,Medical Society of the State of New York,industry_association,neutral,Kathleen C. Hochul,governor
2022-02-01,10000.0,Healthcare Association of New York State (HANYS),industry_association,unknown,Kathleen C. Hochul,governor
2022-06-06,10000.0,Healthcare Association of New York State (HANYS),industry_association,unknown,Kathleen C. Hochul,governor
2021-08-18,10000.0,Healthcare Association of New York State (HANYS),industry_association,unknown,Kathleen C. Hochul,governor
2021-10-12,10000.0,Greater New York Hospital Association (GNYHA),industry_association,neutral,Kathleen C. Hochul,governor
2022-10-15,10000.0,New York State Society of Anesthesiologists,industry_association,neutral,Kathleen C. Hochul,governor
2024-05-22,10000.0,Empire State Assn. of Assisted Living (ESAAL),industry_association,unknown,Kathleen C. Hochul,governor
2021-06-18,10000.0,New York State Dental Association PAC (NYSDAPAC),industry_association,neutral,Michael Gianaris,assembly
2021-10-22,10000.0,Greater New York Hospital Association (GNYHA),industry_association,unknown,Kathleen C. Hochul,governor
2026-05-12,10000.0,New York State Dental Association PAC (NYSDAPAC),industry_association,neutral,Kathleen C. Hochul,governor
2025-06-30,9000.0,Molina Healthcare,health_insurer,neutral,Kathleen C. Hochul,governor
2024-08-01,9000.0,The Doctors Company New York (DocPac),other_healthcare_related,neutral,Kathleen C. Hochul,governor
2024-05-22,9000.0,Elevance,health_insurer,neutral,Kathleen C. Hochul,governor
2023-09-21,9000.0,Eli Lilly,pharma,neutral,Kathleen C. Hochul,governor
2026-03-04,9000.0,Health Care Providers PAC,industry_association,neutral,Kathleen C. Hochul,governor
2023-12-31,9000.0,United Healthcare / UnitedHealth Group (UHC/UHG),health_insurer,neutral,Antonio Delgado,governor
2025-06-30,9000.0,Molina Healthcare,health_insurer,neutral,Kathleen C. Hochul,governor
2025-12-29,9000.0,Centene,health_insurer,neutral,Kathleen C. Hochul,governor
2024-06-27,9000.0,New York State Society of Anesthesiologists,industry_association,neutral,Kathleen C. Hochul,governor
2023-12-12,9000.0,New York State Society of Anesthesiologists,industry_association,neutral,Kathleen C. Hochul,governor
2024-01-02,8500.0,New York State Dental Association PAC (NYSDAPAC),industry_association,unknown,Antonio Delgado,governor
2021-09-23,8500.0,Capital District Physicians' Health Plan (CDPHP),health_insurer,neutral,Kathleen C. Hochul,governor
2020-09-24,8000.0,New York State Dental Association PAC (NYSDAPAC),industry_association,unknown,Thomas F O'Mara,assembly
2024-07-11,8000.0,Greater New York Hospital Association (GNYHA),industry_association,unknown,Kathleen C. Hochul,governor
2024-12-04,8000.0,Coalition of Asian-American Independent Practice Associations,industry_association,unknown,Kathleen C. Hochul,governor
2024-01-03,8000.0,Pfizer,pharma,unknown,Kathleen C. Hochul,governor
2025-07-10,8000.0,NYU Langone Health,hospital_health_system_provider,neutral,Kathleen C. Hochul,governor
2024-03-27,8000.0,Cigna,health_insurer,neutral,Kathleen C. Hochul,governor
2020-09-24,8000.0,New York State Dental Association PAC (NYSDAPAC),industry_association,unknown,Thomas F O'Mara,state_senate
2022-08-27,7500.0,"Western New York MRI, LLP",imaging_diagnostics,neutral,Kathleen C. Hochul,governor
2022-09-27,7500.0,Coalition of Asian-American Independent Practice Associations,industry_association,unknown,Gustavo Rivera,state_senate
2022-01-07,7500.0,Montefiore Health System,hospital_health_system_provider,neutral,Gustavo Rivera,state_senate
2021-10-28,7500.0,MVP Health Care,health_insurer,neutral,Kathleen C. Hochul,governor
2021-10-28,7500.0,EmblemHealth,health_insurer,neutral,Kathleen C. Hochul,governor
2022-01-14,7500.0,Montefiore Health System,hospital_health_system_provider,neutral,Andrea Stewart-Cousins,state_senate
2022-07-11,7500.0,Coalition of Asian-American Independent Practice Associations,industry_association,unknown,Michael Gianaris,assembly
2022-07-11,7500.0,Coalition of Asian-American Independent Practice Associations,industry_association,unknown,Michael Gianaris,state_senate
2022-07-06,7500.0,New York State Dental Association PAC (NYSDAPAC),industry_association,unknown,Jessica Scarcella-Spanton,state_senate
2021-12-13,7500.0,United Healthcare / UnitedHealth Group (UHC/UHG),health_insurer,neutral,Kathleen C. Hochul,governor
2021-05-12,7000.0,New York State Dental Association PAC (NYSDAPAC),industry_association,unknown,Peter Harckham,state_senate
2020-10-13,7000.0,Planned Parenthood PAC,other_healthcare_related,unknown,Peter Harckham,state_senate
2022-01-12,7000.0,Rainbow Care Pharma Inc.,pharmacy,neutral,Kathleen C. Hochul,governor
2022-07-27,6800.0,Montefiore Health System,hospital_health_system_provider,neutral,James Skoufis,state_senate
2022-01-11,6800.0,New York State Dental Association PAC (NYSDAPAC),industry_association,unknown,Andrew Gounardes,state_senate
2022-07-06,6000.0,New York State Dental Association PAC (NYSDAPAC),industry_association,neutral,Andrew Gounardes,state_senate
2021-05-13,6000.0,New York State Dental Association PAC (NYSDAPAC),industry_association,neutral,Todd Kaminsky,state_senate
2025-03-31,6000.0,NY Assn. of Nurse Anesthetists,industry_association,neutral,Jeremy Cooney,state_senate
2026-04-24,6000.0,"The Central Orthopedic Group, LLP",hospital_health_system_provider,neutral,Kathleen C. Hochul,governor
2024-05-22,6000.0,Elevance,health_insurer,neutral,Kathleen C. Hochul,governor
2021-10-06,6000.0,Epic Healthcare Management LLC,hospital_health_system_provider,neutral,Kathleen C. Hochul,governor
2026-05-13,5252.31,Medical Society of the State of New York,industry_association,neutral,Kathleen C. Hochul,governor
2021-06-29,5000.0,New York State Dental Association PAC (NYSDAPAC),industry_association,neutral,Thomas F O'Mara,state_senate
2022-10-24,5000.0,NY Radiological Society,industry_association,neutral,Kathleen C. Hochul,governor
2023-11-30,5000.0,"Committed Home Care, Inc.",post_acute_long_term_care,neutral,Kathleen C. Hochul,governor
2022-10-14,5000.0,Health Care Providers PAC,industry_association,neutral,Kathleen C. Hochul,governor
2025-06-24,5000.0,New York State Dental Association PAC (NYSDAPAC),industry_association,neutral,Kathleen C. Hochul,governor
2021-10-06,5000.0,Coalition for Quality Long Term Care Inc,industry_association,neutral,Kathleen C. Hochul,governor
2022-03-06,5000.0,Coalition for Quality Long Term Care Inc,industry_association,neutral,Kathleen C. Hochul,governor
2024-03-27,5000.0,NY Assn. of Nurse Anesthetists,industry_association,neutral,Kathleen C. Hochul,governor
2024-06-20,5000.0,Upstate Health Advocacy Project (UHAP),industry_association,neutral,Kathleen C. Hochul,governor
2023-12-07,5000.0,Rhythm Pharmaceuticals,pharma,neutral,Kathleen C. Hochul,governor
2021-11-29,5000.0,Upstate Health Advocacy Project (UHAP),industry_association,neutral,Kathleen C. Hochul,governor
2026-03-06,5000.0,Montefiore Health System,hospital_health_system_provider,neutral,Gustavo Rivera,state_senate
2025-06-16,5000.0,New York State Assoc. of Healthcare Providers (NYSHCP),industry_association,neutral,Kathleen C. Hochul,governor
2025-11-05,5000.0,Centene,health_insurer,neutral,Kathleen C. Hochul,governor
2021-10-28,5000.0,Centene,health_insurer,neutral,Kathleen C. Hochul,governor
2022-04-18,5000.0,The Doctors Company New York (DocPac),other_healthcare_related,neutral,Kathleen C. Hochul,governor
2022-11-01,5000.0,TriADD PAC,industry_association,neutral,Kathleen C. Hochul,governor
2026-02-01,5000.0,Clove Lake Health Care and Rehabilitation,hospital_health_system_provider,neutral,Kathleen C. Hochul,governor
2024-11-04,5000.0,Montefiore Health System,hospital_health_system_provider,neutral,Jamaal T. Bailey,state_senate
2021-10-28,5000.0,Centene,health_insurer,neutral,Kathleen C. Hochul,governor
2025-09-09,5000.0,American Assoc. of Orthopedic Surgeons,industry_association,neutral,Kathleen C. Hochul,governor
2021-09-30,5000.0,"KPH Healthcare Services, Inc",hospital_health_system_provider,neutral,Kathleen C. Hochul,governor
2021-10-28,5000.0,Centene,health_insurer,neutral,Kathleen C. Hochul,governor
2022-10-03,5000.0,United Biotech Corp,other_healthcare_related,neutral,Lee Michael Zeldin,governor
2022-02-22,5000.0,Mobile Health Management Services Inc,hospital_health_system_provider,neutral,Kathleen C. Hochul,governor
2025-11-05,5000.0,Centene,health_insurer,neutral,Kathleen C. Hochul,governor
2023-11-30,5000.0,Eagle Home Care,post_acute_long_term_care,neutral,Kathleen C. Hochul,governor
2024-10-23,5000.0,Theodore F Mayer DDS PA,hospital_health_system_provider,neutral,Kathleen C. Hochul,governor
2024-12-13,5000.0,Montefiore Health System,hospital_health_system_provider,neutral,Jamaal T. Bailey,state_senate
2022-09-12,5000.0,Deptford Center for Rehabilitation & Hea,post_acute_long_term_care,neutral,Kathleen C. Hochul,governor
2022-03-01,5000.0,American Assoc. of Orthopedic Surgeons,industry_association,neutral,Kathleen C. Hochul,governor
2024-10-23,5000.0,S K Pesis DDS,hospital_health_system_provider,neutral,Kathleen C. Hochul,governor
2022-09-21,5000.0,Centene,health_insurer,neutral,Kathleen C. Hochul,governor
2025-12-19,5000.0,Centene,health_insurer,neutral,Kathleen C. Hochul,governor
2021-12-10,5000.0,Pfizer,pharma,unknown,Kathleen C. Hochul,governor
2023-06-30,5000.0,Pfizer,pharma,unknown,Kathleen C. Hochul,governor
2025-03-24,5000.0,Cigna,health_insurer,neutral,Jamaal T. Bailey,state_senate
2025-06-24,5000.0,Riverview Medical Care Corp,hospital_health_system_provider,neutral,Kathleen C. Hochul,governor
2021-12-30,5000.0,Sarepta Therapeutics,pharma,neutral,Kathleen C. Hochul,governor
2021-11-07,5000.0,Centene,health_insurer,neutral,Kathleen C. Hochul,governor
2022-09-21,5000.0,Centene,health_insurer,neutral,Kathleen C. Hochul,governor
2023-04-14,5000.0,Century Medical and Dental Center Inc.,hospital_health_system_provider,neutral,Nikki Lucas,assembly
2021-03-17,5000.0,New York State Dental Association PAC (NYSDAPAC),industry_association,neutral,Timothy M Kennedy,state_senate
2020-10-05,5000.0,Planned Parenthood PAC,other_healthcare_related,unknown,James Skoufis,state_senate
2021-10-28,5000.0,Centene,health_insurer,neutral,Kathleen C. Hochul,governor
2022-09-21,5000.0,Centene,health_insurer,neutral,Kathleen C. Hochul,governor
2022-09-21,5000.0,Centene,health_insurer,neutral,Kathleen C. Hochul,governor
2023-09-26,5000.0,Centene,health_insurer,neutral,Kathleen C. Hochul,governor
2023-09-26,5000.0,Centene,health_insurer,neutral,Kathleen C. Hochul,governor
2021-12-22,5000.0,CVS Health / Aetna,health_insurer,neutral,Kathleen C. Hochul,governor
2024-12-12,5000.0,Empire State Assn. of Assisted Living (ESAAL),industry_association,unknown,Kathleen C. Hochul,governor
2023-06-26,5000.0,New York Chiropractic Pac,industry_association,neutral,Kathleen C. Hochul,governor
2025-05-05,5000.0,New York Chiropractic Pac,industry_association,neutral,Kathleen C. Hochul,governor
2024-04-30,5000.0,New York Chiropractic Pac,industry_association,neutral,Kathleen C. Hochul,governor
2026-03-17,5000.0,New York Chiropractic Pac,industry_association,neutral,Kathleen C. Hochul,governor
2022-10-03,5000.0,New York Chiropractic Pac,industry_association,neutral,Kathleen C. Hochul,governor
2022-09-21,5000.0,Centene,health_insurer,neutral,Kathleen C. Hochul,governor
2022-09-21,5000.0,Centene,health_insurer,neutral,Kathleen C. Hochul,governor
2022-09-21,5000.0,Centene,health_insurer,neutral,Kathleen C. Hochul,governor
2023-03-29,5000.0,Takeda Pharmaceuticals,pharma,neutral,Kathleen C. Hochul,governor
2022-08-29,5000.0,Takeda Pharmaceuticals,pharma,neutral,Kathleen C. Hochul,governor
2021-09-23,5000.0,Revival Home Health Care Operating Accou,post_acute_long_term_care,neutral,Kathleen C. Hochul,governor
2023-11-02,5000.0,Sarepta Therapeutics,pharma,neutral,Kathleen C. Hochul,governor
2020-12-01,5000.0,Rca Healthcare Management LLC,hospital_health_system_provider,neutral,Gustavo Rivera,state_senate
2021-10-28,5000.0,Centene,health_insurer,neutral,Kathleen C. Hochul,governor
2025-10-02,5000.0,Centene,health_insurer,neutral,Kathleen C. Hochul,governor
2022-04-29,5000.0,"Senior Care EMS, Inc.",other_healthcare_related,neutral,Kathleen C. Hochul,governor
2024-06-26,5000.0,NewYork-Presbyterian,hospital_health_system_provider,neutral,Kathleen C. Hochul,governor
2022-04-29,5000.0,Revival Home Health Care Operating Accou,post_acute_long_term_care,neutral,Kathleen C. Hochul,governor
2022-09-21,5000.0,Centene,health_insurer,neutral,Kathleen C. Hochul,governor
2024-12-03,5000.0,The Doctors Company New York (DocPac),other_healthcare_related,neutral,Kathleen C. Hochul,governor
2026-02-01,5000.0,TenBroeck Center for Rehabilitation and Nursing,post_acute_long_term_care,neutral,Kathleen C. Hochul,governor
2026-02-01,5000.0,Delmar Center for Rehabilitation and Nursing,post_acute_long_term_care,neutral,Kathleen C. Hochul,governor
2025-12-12,5000.0,Centene,health_insurer,neutral,Kathleen C. Hochul,governor
2021-10-28,5000.0,Centene,health_insurer,neutral,Kathleen C. Hochul,governor
2024-10-23,5000.0,ReachOut Healthcare America,other_healthcare_related,neutral,Kathleen C. Hochul,governor
2024-07-11,5000.0,Hazel Health,hospital_health_system_provider,neutral,Kathleen C. Hochul,governor
2022-01-04,5000.0,Centene,health_insurer,neutral,Jumaane D. Williams,governor
2023-09-26,5000.0,Centene,health_insurer,neutral,Kathleen C. Hochul,governor
2021-10-28,5000.0,Centene,health_insurer,neutral,Kathleen C. Hochul,governor
2021-12-20,5000.0,New York Chiropractic Pac,industry_association,neutral,Kathleen C. Hochul,governor
2022-01-12,5000.0,Lawrence Chiropractic Diagnostics Servic,imaging_diagnostics,neutral,Jumaane D. Williams,governor
2022-04-10,5000.0,Northwell Health,hospital_health_system_provider,neutral,Kathleen C. Hochul,governor
2024-10-23,5000.0,Michael Lacorte Dentistry PC,hospital_health_system_provider,neutral,Kathleen C. Hochul,governor
2024-10-23,5000.0,Michigan Dental Outreach,hospital_health_system_provider,neutral,Kathleen C. Hochul,governor
2022-01-12,5000.0,Great Grace Care Corp,hospital_health_system_provider,neutral,Kathleen C. Hochul,governor
2022-07-11,5000.0,Healthcare Association of New York State (HANYS),industry_association,unknown,Gustavo Rivera,state_senate
2022-04-13,5000.0,Neema Pharmacy Inc,pharmacy,neutral,Thomas R. Suozzi,governor
2021-10-28,5000.0,Centene,health_insurer,neutral,Kathleen C. Hochul,governor
2022-09-12,5000.0,Hammonton Center for Rehabilitation and,post_acute_long_term_care,neutral,Kathleen C. Hochul,governor
2022-05-19,5000.0,Liberty Medical Office PC,hospital_health_system_provider,neutral,Thomas R. Suozzi,governor
2020-06-02,5000.0,New York State Society of Anesthesiologists,industry_association,unknown,Carl Heastie,assembly
2022-01-12,5000.0,Greater NY Social & Health Adult Day Car,adult_day_care,neutral,Kathleen C. Hochul,governor
2022-09-06,5000.0,Long Island Neurosurgical & Pain Special,hospital_health_system_provider,neutral,Kathleen C. Hochul,governor
2022-04-05,5000.0,Intco Medical Industries,hospital_health_system_provider,neutral,Thomas R. Suozzi,governor
2022-08-31,5000.0,"Long Island Thoracic Surgery, P.C.",hospital_health_system_provider,neutral,Kathleen C. Hochul,governor
2023-03-22,5000.0,Morningside Nursing and Rehabilitation,post_acute_long_term_care,neutral,Amy Paulin,assembly
2025-10-02,5000.0,Centene,health_insurer,neutral,Kathleen C. Hochul,governor
2022-09-21,5000.0,Centene,health_insurer,neutral,Kathleen C. Hochul,governor
2021-10-26,5000.0,Healthcare Association of New York State (HANYS),industry_association,unknown,Gustavo Rivera,state_senate
2022-09-12,5000.0,Carillon Dialysis LLC,renal_dialysis,neutral,Kathleen C. Hochul,governor
2022-01-04,5000.0,Greater New York Hospital Association (GNYHA),industry_association,neutral,Gustavo Rivera,state_senate
2021-10-28,5000.0,Centene,health_insurer,neutral,Kathleen C. Hochul,governor
2022-03-27,5000.0,Vaishnavi Pharmacy Inc.,pharmacy,neutral,Thomas R. Suozzi,governor
2022-10-20,5000.0,Care Pro Staff LLC,other_healthcare_related,neutral,Lee Michael Zeldin,governor
2022-05-25,5000.0,RSC Healthcare LLC,other_healthcare_related,neutral,Thomas R. Suozzi,governor
2022-05-19,5000.0,Healthcare Association of New York State (HANYS),industry_association,unknown,Kathleen C. Hochul,governor
2021-10-28,5000.0,Centene,health_insurer,neutral,Kathleen C. Hochul,governor
2021-10-28,5000.0,Centene,health_insurer,neutral,Kathleen C. Hochul,governor
2020-09-23,5000.0,Healthcare Association of New York State (HANYS),industry_association,unknown,James Skoufis,state_senate
2025-06-17,5000.0,Meadowbrook Care Center Inc,hospital_health_system_provider,neutral,Kathleen C. Hochul,governor
2022-04-29,5000.0,Medical Director Services PC,hospital_health_system_provider,neutral,Kathleen C. Hochul,governor
2026-02-01,5000.0,Golden Hill Nursing and Rehabilitation,post_acute_long_term_care,neutral,Kathleen C. Hochul,governor
2024-10-28,5000.0,Medical Society of the State of New York,industry_association,neutral,Kathleen C. Hochul,governor
2025-09-09,5000.0,Medical Society of the State of New York,industry_association,neutral,Kathleen C. Hochul,governor
2023-08-22,5000.0,Medical Society of the State of New York,industry_association,neutral,Kathleen C. Hochul,governor
2022-09-21,5000.0,Centene,health_insurer,neutral,Kathleen C. Hochul,governor
2022-09-21,5000.0,Centene,health_insurer,neutral,Kathleen C. Hochul,governor
2025-01-10,5000.0,Magnolia Home Care Service LLC,post_acute_long_term_care,neutral,Kathleen C. Hochul,governor
2021-09-23,5000.0,Care Partners Medical Management LLC,hospital_health_system_provider,neutral,Kathleen C. Hochul,governor
2022-07-07,5000.0,Coalition of Asian-American Independent Practice Associations,industry_association,unknown,Kathleen C. Hochul,governor
2021-12-03,5000.0,"Jennan Comprehensive Medical, PC",hospital_health_system_provider,neutral,Kathleen C. Hochul,governor
2021-10-07,5000.0,Healthcare Association of New York State (HANYS),industry_association,unknown,Kathleen C. Hochul,governor
2025-12-30,5000.0,Leadingage New York Pac,industry_association,neutral,Kathleen C. Hochul,governor
2022-10-19,5000.0,Healthcare Association of New York State (HANYS),industry_association,unknown,Kathleen C. Hochul,governor
2023-05-30,5000.0,Capital Cardiology Associates PC,hospital_health_system_provider,neutral,Kathleen C. Hochul,governor
2022-01-12,5000.0,Livingwell Day Care Center LLC,adult_day_care,neutral,Kathleen C. Hochul,governor
2022-04-29,5000.0,Care Partners Medical Management LLC,hospital_health_system_provider,neutral,Kathleen C. Hochul,governor
2023-09-26,5000.0,Centene,health_insurer,neutral,Kathleen C. Hochul,governor
2022-11-04,5000.0,Heart To Heart Home Care,post_acute_long_term_care,neutral,Lee Michael Zeldin,governor
2022-08-26,5000.0,Four Seasons Nursing and Rehab Center,post_acute_long_term_care,neutral,Lee Michael Zeldin,governor
2022-09-21,5000.0,Centene,health_insurer,neutral,Kathleen C. Hochul,governor
2023-09-26,5000.0,Centene,health_insurer,neutral,Kathleen C. Hochul,governor
2022-09-16,5000.0,Montefiore Health System,hospital_health_system_provider,neutral,Kathleen C. Hochul,governor
2021-04-26,5000.0,Healthcare Association of New York State (HANYS),industry_association,unknown,Michael Gianaris,assembly
2022-01-12,5000.0,JY Adult Social Day Care Service Inc.,adult_day_care,neutral,Kathleen C. Hochul,governor
2021-12-13,5000.0,Health Plan Association (HPA) PAC,industry_association,neutral,Kathleen C. Hochul,governor
2026-02-01,5000.0,Hudson Hill Center for Rehabilitation,post_acute_long_term_care,neutral,Kathleen C. Hochul,governor
2022-04-29,5000.0,Intergen Health LLC,hospital_health_system_provider,neutral,Kathleen C. Hochul,governor
2025-01-23,5000.0,Intercounty Health Facilities Assoc,other_healthcare_related,neutral,Kathleen C. Hochul,governor
2026-06-22,5000.0,Coalition of Asian-American Independent Practice Associations,industry_association,unknown,Toby Ann Stavisky,state_senate
2022-03-03,5000.0,Healthcare Association of New York State (HANYS),industry_association,unknown,Kathleen C. Hochul,governor
2020-07-01,5000.0,New York State Dental Association PAC (NYSDAPAC),industry_association,unknown,Michael Gianaris,assembly
2023-01-11,5000.0,New York State Dental Association PAC (NYSDAPAC),industry_association,unknown,Michael Gianaris,assembly
2022-09-21,5000.0,Centene,health_insurer,neutral,Kathleen C. Hochul,governor
2021-12-15,5000.0,Hillside Manor Rehabilitation and Extend,post_acute_long_term_care,neutral,Kathleen C. Hochul,governor
2022-08-31,5000.0,Islandwide Surgical PC,hospital_health_system_provider,neutral,Kathleen C. Hochul,governor
2020-09-10,5000.0,Healthcare Association of New York State (HANYS),industry_association,neutral,Kathleen C. Hochul,governor
2020-02-28,5000.0,Healthcare Association of New York State (HANYS),industry_association,unknown,Michael Gianaris,assembly
2022-01-19,5000.0,"Horizon Therapeutics USA, Inc",pharma,neutral,Kathleen C. Hochul,governor
2021-09-30,5000.0,Coalition of Asian-American Independent Practice Associations,industry_association,unknown,Kathleen C. Hochul,governor
2021-02-23,5000.0,Eli Lilly,pharma,neutral,Gustavo Rivera,state_senate
2026-05-12,5000.0,"Independent Health Care Services, Inc",hospital_health_system_provider,neutral,Kathleen C. Hochul,governor
2023-06-11,5000.0,Big Smiles Dental New York,hospital_health_system_provider,neutral,Amy Paulin,assembly
2022-04-14,5000.0,"Independent Health Care Services, Inc",hospital_health_system_provider,neutral,Kathleen C. Hochul,governor
2023-09-26,5000.0,Centene,health_insurer,neutral,Kathleen C. Hochul,governor
2025-10-02,5000.0,Centene,health_insurer,neutral,Kathleen C. Hochul,governor
2025-11-05,5000.0,Centene,health_insurer,neutral,Kathleen C. Hochul,governor
2022-01-13,5000.0,AA Medical PC,hospital_health_system_provider,neutral,Kevin Thomas,state_senate
2022-04-06,5000.0,Healthcare Association of New York State (HANYS),industry_association,neutral,Kevin Thomas,state_senate
2025-06-19,5000.0,Elevance,health_insurer,neutral,Michael Gianaris,state_senate
2025-12-16,5000.0,Acentra Health,other_healthcare_related,neutral,Kathleen C. Hochul,governor
2021-10-30,5000.0,ACM Global Laboratories,imaging_diagnostics,neutral,Kathleen C. Hochul,governor
2023-07-25,5000.0,Montefiore Health System,hospital_health_system_provider,neutral,Nathalia Fernandez,state_senate
2025-02-20,5000.0,Coalition of Asian-American Independent Practice Associations,industry_association,unknown,Michael Gianaris,state_senate
2022-08-10,5000.0,Montefiore Health System,hospital_health_system_provider,neutral,Kevin S Parker,state_senate
2023-11-16,5000.0,Coalition of Asian-American Independent Practice Associations,industry_association,neutral,John C Liu,state_senate
2024-01-25,5000.0,Northern Medical Services PLLC,hospital_health_system_provider,neutral,James Skoufis,state_senate
2026-03-23,5000.0,Community Medical Wellness PC,hospital_health_system_provider,neutral,Bruce  Blakeman,governor
2026-06-10,5000.0,Fera Pharmaceuticals LLC,pharma,neutral,Bruce  Blakeman,governor
2024-07-31,5000.0,Greater New York Hospital Association (GNYHA),industry_association,unknown,Samra Brouk,state_senate
2022-05-16,5000.0,New York State Society of Anesthesiologists,industry_association,neutral,Andrea Stewart-Cousins,state_senate
2020-09-15,5000.0,Integrated Medical Professionals PAC,industry_association,neutral,Todd Kaminsky,state_senate
2021-10-18,5000.0,Greater New York Hospital Association (GNYHA),industry_association,unknown,Andrea Stewart-Cousins,state_senate
2024-01-29,5000.0,Greater New York Hospital Association (GNYHA),industry_association,unknown,Andrea Stewart-Cousins,state_senate
2023-08-09,5000.0,Montefiore Health System,hospital_health_system_provider,neutral,James Skoufis,state_senate
2026-06-08,5000.0,Empire Wellness,other_healthcare_related,neutral,Mario Richard Mattera,state_senate
2022-05-18,5000.0,Healthcare Association of New York State (HANYS),industry_association,neutral,Andrea Stewart-Cousins,state_senate
2024-10-23,5000.0,Arizona Mobile Dental,hospital_health_system_provider,neutral,Kathleen C. Hochul,governor
2020-01-09,5000.0,Elevance,health_insurer,neutral,Sean Ryan,state_senate
2024-10-01,5000.0,"Caring Professionals, Inc",other_healthcare_related,neutral,Andrea Stewart-Cousins,state_senate
2025-07-23,5000.0,Coalition of Asian-American Independent Practice Associations,industry_association,unknown,Andrea Stewart-Cousins,state_senate
2023-01-11,5000.0,New York State Dental Association PAC (NYSDAPAC),industry_association,unknown,Michael Gianaris,state_senate
2024-01-10,5000.0,Montefiore Health System,hospital_health_system_provider,neutral,Nathalia Fernandez,state_senate
2022-04-06,5000.0,Healthcare Association of New York State (HANYS),industry_association,unknown,John Brooks,assembly
2024-07-18,5000.0,New York State Dental Association PAC (NYSDAPAC),industry_association,unknown,Pamela A Helming,state_senate
2022-04-29,5000.0,Apex Licensed Homecare Agency LLC,post_acute_long_term_care,neutral,Kathleen C. Hochul,governor
2025-07-07,5000.0,United Healthcare / UnitedHealth Group (UHC/UHG),health_insurer,neutral,Antonio Delgado,governor
2024-05-08,5000.0,NYU Langone Health,hospital_health_system_provider,neutral,Kathleen C. Hochul,governor
2020-07-01,5000.0,New York State Dental Association PAC (NYSDAPAC),industry_association,unknown,Michael Gianaris,state_senate
2026-01-10,5000.0,Coalition of Asian-American Independent Practice Associations,industry_association,unknown,Jeremy Cooney,state_senate
2025-12-15,5000.0,Molina Healthcare,health_insurer,neutral,Jeremy Cooney,state_senate
2022-10-04,5000.0,New York State Dental Association PAC (NYSDAPAC),industry_association,unknown,Jessica Scarcella-Spanton,state_senate
2023-10-31,5000.0,Montefiore Health System,hospital_health_system_provider,neutral,Gustavo Rivera,state_senate
2023-12-09,5000.0,Greater New York Hospital Association (GNYHA),industry_association,unknown,Gustavo Rivera,state_senate
2020-06-29,5000.0,Elevance,health_insurer,neutral,Todd Kaminsky,state_senate
2022-09-21,5000.0,Centene,health_insurer,neutral,Kathleen C. Hochul,governor
2022-05-22,5000.0,United Healthcare / UnitedHealth Group (UHC/UHG),health_insurer,neutral,Antonio Delgado,governor
2022-01-12,5000.0,Blue Sky Adult Day Care Inc.,adult_day_care,neutral,Kathleen C. Hochul,governor
2022-07-26,5000.0,Coalition of Asian-American Independent Practice Associations,industry_association,unknown,Antonio Delgado,governor
2022-04-13,5000.0,"BioReference Health, LLC",other_healthcare_related,neutral,Kathleen C. Hochul,governor
2022-11-02,5000.0,Coalition of Asian-American Independent Practice Associations,industry_association,unknown,Iwen Chu,state_senate
2022-10-31,5000.0,New York State Dental Association PAC (NYSDAPAC),industry_association,neutral,Iwen Chu,state_senate
2024-10-23,5000.0,Big Smiles Dental New York,hospital_health_system_provider,neutral,Kathleen C. Hochul,governor
2022-04-06,5000.0,Healthcare Association of New York State (HANYS),industry_association,unknown,John Brooks,state_senate
2023-09-26,5000.0,Centene,health_insurer,neutral,Kathleen C. Hochul,governor
2020-01-27,5000.0,New York State Dental Association PAC (NYSDAPAC),industry_association,unknown,Andrea Stewart-Cousins,state_senate
2026-05-17,5000.0,US Orthopedic Medical Management,hospital_health_system_provider,neutral,Bruce  Blakeman,governor
2022-07-05,5000.0,BRENTWOOD PHARMACY,pharmacy,unknown,Philip Ramos,assembly
2026-05-13,5000.0,NYS Optometric Association PAC,industry_association,neutral,John C Liu,state_senate
2021-10-14,5000.0,District Council 37 (DC37),union,blocker,Andrea Stewart-Cousins,state_senate
2024-07-29,5000.0,New York State Society of Anesthesiologists,industry_association,neutral,Zellnor Myrie,state_senate
2021-06-29,5000.0,New York State Dental Association PAC (NYSDAPAC),industry_association,neutral,Thomas F O'Mara,assembly
2023-12-21,5000.0,District Council 37 (DC37),union,blocker,Andrea Stewart-Cousins,state_senate
2022-09-21,5000.0,Centene,health_insurer,neutral,Kathleen C. Hochul,governor
2024-10-28,5000.0,Montefiore Health System,hospital_health_system_provider,neutral,Gustavo Rivera,state_senate
2025-05-22,5000.0,Coalition of Asian-American Independent Practice Associations,industry_association,unknown,Andrew Gounardes,state_senate
2023-05-17,5000.0,New York State Society of Anesthesiologists,industry_association,neutral,Andrea Stewart-Cousins,state_senate
2020-10-01,5000.0,New York State Dental Association PAC (NYSDAPAC),industry_association,unknown,Jeremy Cooney,state_senate
2021-09-12,5000.0,Greater New York Hospital Association (GNYHA),industry_association,neutral,Andrea Stewart-Cousins,state_senate
2022-01-12,5000.0,Cigna,health_insurer,neutral,Neil D Breslin,state_senate
2026-03-20,5000.0,Coalition of Asian-American Independent Practice Associations,industry_association,unknown,Jeremy Zellner,state_senate
2026-05-30,5000.0,Coalition of Asian-American Independent Practice Associations,industry_association,unknown,Jeremy Zellner,state_senate
2021-07-19,5000.0,New York State Dental Association PAC (NYSDAPAC),industry_association,unknown,Neil D Breslin,state_senate
2020-10-05,5000.0,Planned Parenthood PAC,other_healthcare_related,unknown,Andrew Gounardes,state_senate
2022-06-22,5000.0,Medical Society of the State of New York,industry_association,neutral,Andrea Stewart-Cousins,state_senate
2022-07-11,5000.0,Coalition of Asian-American Independent Practice Associations,industry_association,unknown,Jeremy Cooney,state_senate
2025-06-19,5000.0,Elevance,health_insurer,neutral,Michael Gianaris,assembly
2025-02-20,5000.0,Coalition of Asian-American Independent Practice Associations,industry_association,unknown,Michael Gianaris,assembly
2022-07-05,5000.0,BRENTWOOD PHARMACY,pharmacy,unknown,Philip Ramos,state_senate
2020-10-05,5000.0,Planned Parenthood PAC,other_healthcare_related,unknown,Jen Metzger,state_senate
2021-09-23,5000.0,Bushwick Center for Renal Dialysis,renal_dialysis,neutral,Kathleen C. Hochul,governor
2022-11-30,5000.0,Jericho Pharmacy Corporation,pharmacy,neutral,Jack M. Martins,state_senate
2021-04-06,5000.0,New York State Dental Association PAC (NYSDAPAC),industry_association,unknown,Andrew Gounardes,state_senate
2020-10-07,5000.0,Planned Parenthood PAC,other_healthcare_related,unknown,Michelle Hinchey,state_senate
2022-01-12,5000.0,Bao Kang Adult Day Care Center,adult_day_care,neutral,Kathleen C. Hochul,governor
2022-04-20,5000.0,Healthcare Association of New York State (HANYS),industry_association,unknown,Anna M. Kaplan,state_senate
2020-10-02,5000.0,Elevance,health_insurer,neutral,Sean Ryan,state_senate
2022-09-23,5000.0,Vertex Pharmaceuticals,pharma,neutral,Kathleen C. Hochul,governor
2024-05-15,5000.0,Nascentia Health Options,hospital_health_system_provider,neutral,Kathleen C. Hochul,governor
2021-10-28,5000.0,Centene,health_insurer,neutral,Kathleen C. Hochul,governor
2025-08-26,5000.0,"Western New York MRI, LLP",imaging_diagnostics,neutral,Kathleen C. Hochul,governor
2021-07-08,5000.0,"Western New York MRI, LLP",imaging_diagnostics,neutral,Kathleen C. Hochul,governor
2022-03-23,5000.0,New York State Society of Anesthesiologists,industry_association,neutral,Kathleen C. Hochul,governor
2025-10-27,5000.0,Centene,health_insurer,neutral,Kathleen C. Hochul,governor
2023-11-03,5000.0,Vertex Pharmaceuticals,pharma,neutral,Kathleen C. Hochul,governor
2022-01-14,5000.0,Elevance,health_insurer,neutral,Kathleen C. Hochul,governor
2022-04-29,5000.0,Center Care Solutions,other_healthcare_related,neutral,Kathleen C. Hochul,governor
2023-12-21,5000.0,New York State Association Of Ambulatory,industry_association,neutral,Kathleen C. Hochul,governor
2021-12-28,5000.0,United Healthcare / UnitedHealth Group (UHC/UHG),health_insurer,neutral,Kathleen C. Hochul,governor
2024-09-30,5000.0,United Healthcare / UnitedHealth Group (UHC/UHG),health_insurer,neutral,Kathleen C. Hochul,governor
2023-10-24,5000.0,United Healthcare / UnitedHealth Group (UHC/UHG),health_insurer,neutral,Kathleen C. Hochul,governor
2021-12-17,5000.0,United Healthcare / UnitedHealth Group (UHC/UHG),health_insurer,neutral,Kathleen C. Hochul,governor
2021-10-06,5000.0,United Healthcare / UnitedHealth Group (UHC/UHG),health_insurer,neutral,Kathleen C. Hochul,governor
2025-09-09,5000.0,United Healthcare / UnitedHealth Group (UHC/UHG),health_insurer,neutral,Kathleen C. Hochul,governor
2022-02-01,5000.0,MVP Health Care,health_insurer,neutral,Kathleen C. Hochul,governor
2021-10-01,5000.0,Home Care Operator Inc.,post_acute_long_term_care,neutral,James Skoufis,state_senate
2026-02-01,5000.0,Yonkers Center For Nursing and Rehabilition,post_acute_long_term_care,neutral,Kathleen C. Hochul,governor
2024-07-11,5000.0,Greater New York Hospital Association (GNYHA),industry_association,neutral,Kathleen C. Hochul,governor
2021-10-28,5000.0,Centene,health_insurer,neutral,Kathleen C. Hochul,governor
2021-10-28,5000.0,Centene,health_insurer,neutral,Kathleen C. Hochul,governor
2025-05-05,5000.0,Upper East Side Rehabilitation and Nursing,post_acute_long_term_care,neutral,Gustavo Rivera,state_senate
2023-12-13,5000.0,"New York Health Care Alliance IPA, Inc.",industry_association,neutral,Kathleen C. Hochul,governor
2025-12-30,5000.0,Empire State Assn. of Assisted Living (ESAAL),industry_association,unknown,Kathleen C. Hochul,governor
2021-10-19,5000.0,Epic Healthcare Management LLC,hospital_health_system_provider,neutral,Kathleen C. Hochul,governor
2021-09-23,5000.0,Empire State Assn. of Assisted Living (ESAAL),industry_association,neutral,Kathleen C. Hochul,governor
2023-09-26,5000.0,Centene,health_insurer,neutral,Kathleen C. Hochul,governor
2023-09-26,5000.0,Centene,health_insurer,neutral,Kathleen C. Hochul,governor
2021-10-29,5000.0,Centene,health_insurer,neutral,Kathleen C. Hochul,governor
2021-10-28,5000.0,Centene,health_insurer,neutral,Kathleen C. Hochul,governor
2023-09-26,5000.0,Centene,health_insurer,neutral,Kathleen C. Hochul,governor
2022-10-03,5000.0,Greater New York Hospital Association (GNYHA),industry_association,neutral,Kathleen C. Hochul,governor
2022-01-14,5000.0,Molina Healthcare,health_insurer,neutral,Kathleen C. Hochul,governor
2022-05-31,5000.0,Molina Healthcare,health_insurer,neutral,Kathleen C. Hochul,governor
2022-01-12,5000.0,Cathay Adult Day Care Center LLC,adult_day_care,neutral,Kathleen C. Hochul,governor
2025-01-23,5000.0,Four Seasons Nursing and Rehab Center,post_acute_long_term_care,neutral,Kathleen C. Hochul,governor
2024-12-03,5000.0,New York State Society of PAs PAC,industry_association,neutral,Kathleen C. Hochul,governor
2023-01-31,5000.0,New York State Dental Association PAC (NYSDAPAC),industry_association,neutral,Robert G Ortt,state_senate
2026-05-20,5000.0,Montefiore Health System,hospital_health_system_provider,neutral,Jose M. Serrano,state_senate
2024-09-30,5000.0,Montefiore Health System,hospital_health_system_provider,neutral,Shelley Mayer,state_senate
2022-06-17,5000.0,New York State Dental Association PAC (NYSDAPAC),industry_association,unknown,James N. Tedisco,state_senate
2021-04-26,5000.0,Healthcare Association of New York State (HANYS),industry_association,unknown,Michael Gianaris,state_senate
2020-02-28,5000.0,Healthcare Association of New York State (HANYS),industry_association,unknown,Michael Gianaris,state_senate
2022-04-29,5000.0,Alpine Home Health Care LLC,post_acute_long_term_care,neutral,Kathleen C. Hochul,governor
2022-06-14,5000.0,New York State Dental Association PAC (NYSDAPAC),industry_association,neutral,Robert G Ortt,state_senate
2024-04-30,5000.0,Montefiore Health System,hospital_health_system_provider,neutral,Shelley Mayer,state_senate
2021-10-26,5000.0,Empire State Assn. of Assisted Living (ESAAL),industry_association,neutral,Kathleen C. Hochul,governor
2022-04-29,5000.0,Amazing Home Care Operating Account,post_acute_long_term_care,neutral,Kathleen C. Hochul,governor
2026-03-30,5000.0,Care Management Inc.,other_healthcare_related,neutral,Lisa M. Vider,state_senate
2026-02-04,5000.0,Astellas Pharma,pharma,neutral,Kathleen C. Hochul,governor
2023-09-20,5000.0,Astellas Pharma,pharma,neutral,Kathleen C. Hochul,governor
2026-05-01,5000.0,Golden Age Home Care,post_acute_long_term_care,neutral,Adam Muhammad Azam,state_senate
2026-05-01,5000.0,Golden Age Home Care,post_acute_long_term_care,neutral,Adam Muhammad Azam,state_senate
2021-09-23,5000.0,Elevance,health_insurer,neutral,Kathleen C. Hochul,governor
2022-09-21,5000.0,Centene,health_insurer,neutral,Kathleen C. Hochul,governor
2022-06-29,5000.0,Middletown Medical,hospital_health_system_provider,neutral,Robert G Ortt,state_senate
2021-10-07,5000.0,United Healthcare / UnitedHealth Group (UHC/UHG),health_insurer,neutral,Kathleen C. Hochul,governor
2021-11-08,5000.0,United Healthcare / UnitedHealth Group (UHC/UHG),health_insurer,neutral,Kathleen C. Hochul,governor
2023-09-25,5000.0,New York State Society of PAs PAC,industry_association,neutral,Kathleen C. Hochul,governor
2022-04-21,5000.0,NY Assn. of Nurse Anesthetists,industry_association,neutral,Kathleen C. Hochul,governor
2023-05-24,5000.0,NY Assn. of Nurse Anesthetists,industry_association,neutral,Kathleen C. Hochul,governor
2025-04-02,5000.0,NY Assn. of Nurse Anesthetists,industry_association,neutral,Kathleen C. Hochul,governor
2021-05-04,5000.0,New York State Society of Anesthesiologists,industry_association,neutral,Rodneyse Bichotte,assembly
2024-10-15,5000.0,Eli Lilly,pharma,neutral,Kathleen C. Hochul,governor
2022-07-07,5000.0,United Healthcare / UnitedHealth Group (UHC/UHG),health_insurer,neutral,Kathleen C. Hochul,governor
2025-03-26,5000.0,Cigna,health_insurer,neutral,Kathleen C. Hochul,governor
2025-06-06,5000.0,Vertex Pharmaceuticals,pharma,neutral,Kathleen C. Hochul,governor
2024-10-23,5000.0,Elliot P Schlang DDS,hospital_health_system_provider,neutral,Kathleen C. Hochul,governor
2024-10-23,5000.0,Elliot P Schlang DDS,hospital_health_system_provider,neutral,Kathleen C. Hochul,governor
2020-11-24,5000.0,Ny Physical Therapy Association,industry_association,neutral,Timothy M Kennedy,state_senate
2024-10-23,5000.0,Elliot P Schlang DDS,hospital_health_system_provider,neutral,Kathleen C. Hochul,governor
2025-05-28,5000.0,The Phoenix Rehabilitation and Nursing C,post_acute_long_term_care,neutral,Gustavo Rivera,state_senate
2025-11-13,5000.0,Eli Lilly,pharma,neutral,Kathleen C. Hochul,governor
2020-11-02,4800.0,Healthcare Association of New York State (HANYS),industry_association,neutral,Andrea Stewart-Cousins,state_senate
2021-04-19,4700.0,New York State Dental Association PAC (NYSDAPAC),industry_association,unknown,Amy Paulin,assembly
2021-10-17,4700.0,New York State Dental Association PAC (NYSDAPAC),industry_association,unknown,Carl Heastie,assembly
2023-02-10,4700.0,EmblemHealth,health_insurer,neutral,David I Weprin,assembly
2022-05-05,4700.0,Mega Medical & Dental Billing Corp,hospital_health_system_provider,neutral,Nikki Lucas,assembly
2021-12-21,4700.0,New York State Dental Association PAC (NYSDAPAC),industry_association,unknown,Deborah Glick,assembly
2023-02-13,4700.0,EmblemHealth,health_insurer,neutral,Amy Paulin,assembly
2022-05-05,4700.0,Century Medical and Dental Center Inc.,hospital_health_system_provider,neutral,Nikki Lucas,assembly
2022-03-26,4700.0,Contemporary Orthopedics PLLC,hospital_health_system_provider,neutral,Nader J. Sayegh,assembly
2023-02-10,4700.0,EmblemHealth,health_insurer,neutral,David I Weprin,assembly
2021-08-27,4700.0,Marra'S Pharmacy Inc.,pharmacy,neutral,John T. Mcdonald III,assembly
2022-07-29,4700.0,Montefiore Health System,hospital_health_system_provider,neutral,Latoya Joyner,assembly
2022-08-18,4700.0,Montefiore Health System,hospital_health_system_provider,neutral,Karines Reyes,assembly
2021-02-15,4700.0,People Care Inc,hospital_health_system_provider,neutral,Michael R Benedetto,assembly
2022-08-10,4700.0,Montefiore Health System,hospital_health_system_provider,neutral,Karines Reyes,assembly
2022-06-20,4700.0,Montefiore Health System,hospital_health_system_provider,neutral,Kevin Cahill,assembly
2022-11-02,4500.0,Merck,pharma,neutral,Andrea Stewart-Cousins,state_senate
2021-12-01,4500.0,Astellas Pharma,pharma,neutral,Kathleen C. Hochul,governor
2023-12-21,4500.0,Coalition of Asian-American Independent Practice Associations,industry_association,unknown,Sean Ryan,state_senate
2022-08-25,4500.0,Merck,pharma,neutral,Carl Heastie,assembly
2026-03-03,4500.0,Cliffside Rehab And HCC,post_acute_long_term_care,neutral,Bruce  Blakeman,governor
2022-04-29,4500.0,Luxor Nursing & Rehabilitation at Mills,post_acute_long_term_care,neutral,Kathleen C. Hochul,governor
2022-04-29,4500.0,Luxor Nursing & Rehabilitation at Sayvil,post_acute_long_term_care,neutral,Kathleen C. Hochul,governor
2021-05-21,4000.0,New York State Dental Association PAC (NYSDAPAC),industry_association,unknown,William A. Barclay,assembly
2023-08-15,4000.0,Pfizer,pharma,unknown,Kathleen C. Hochul,governor
2022-03-30,4000.0,Chain Pharmacy Association of New York State,industry_association,neutral,Gustavo Rivera,state_senate
2022-05-05,4000.0,Beth Abraham Center for Rehabilitation a,post_acute_long_term_care,neutral,Kathleen C. Hochul,governor
2025-10-06,4000.0,"Parkland Ambulance Service, Inc.",other_healthcare_related,neutral,Kathleen C. Hochul,governor
2021-12-06,4000.0,New York State Dental Association PAC (NYSDAPAC),industry_association,neutral,Rachel May,state_senate
2022-05-05,4000.0,Triboro Center for Rehabilitation and Nu,post_acute_long_term_care,neutral,Kathleen C. Hochul,governor
2025-04-11,4000.0,Coalition of Asian-American Independent Practice Associations,industry_association,unknown,Patricia A. Fahy,state_senate
2022-05-05,4000.0,Boro Park Center for Rehabilitation,post_acute_long_term_care,neutral,Kathleen C. Hochul,governor
2025-04-01,4000.0,Coalition of Asian-American Independent Practice Associations,industry_association,unknown,Jeremy Cooney,state_senate
2023-03-01,4000.0,Elevance,health_insurer,neutral,Michael Gianaris,assembly
2024-11-26,4000.0,Coalition of Asian-American Independent Practice Associations,industry_association,unknown,Sean Ryan,state_senate
2026-05-27,4000.0,New York State Dental Association PAC (NYSDAPAC),industry_association,neutral,Kathleen C. Hochul,governor
2022-11-08,4000.0,Coalition of Asian-American Independent Practice Associations,industry_association,unknown,Kathleen C. Hochul,governor
2021-06-01,4000.0,NY Assn. of Nurse Anesthetists,industry_association,neutral,Jeremy Cooney,state_senate
2022-03-16,4000.0,NY Assn. of Nurse Anesthetists,industry_association,neutral,Jeremy Cooney,state_senate
2025-09-16,4000.0,Coalition of Asian-American Independent Practice Associations,industry_association,unknown,Jamaal T. Bailey,state_senate
2022-07-07,4000.0,New York State Dental Association PAC (NYSDAPAC),industry_association,unknown,Gustavo Rivera,state_senate
2022-01-12,4000.0,Comprehensive Global Healthcare Manageme,other_healthcare_related,neutral,Kathleen C. Hochul,governor
2023-03-01,4000.0,Elevance,health_insurer,neutral,Michael Gianaris,state_senate
2021-07-11,4000.0,Elevance,health_insurer,neutral,Anthony H. Palumbo,state_senate
2020-06-24,4000.0,Pjs Medical Diagnostics PLLC,imaging_diagnostics,neutral,Jodi A. Giglio,assembly
2023-09-24,4000.0,New York State Dental Association PAC (NYSDAPAC),industry_association,unknown,Neil D Breslin,state_senate
2025-04-01,4000.0,Coalition of Asian-American Independent Practice Associations,industry_association,unknown,"Leroy G Comrie, Jr.",state_senate
2023-06-16,4000.0,Elevance,health_insurer,neutral,Andrea Stewart-Cousins,state_senate
2020-08-31,4000.0,New York State Dental Association PAC (NYSDAPAC),industry_association,neutral,Michael Gianaris,assembly
2022-05-21,4000.0,Bushwick Center for Rehabilitation and H,post_acute_long_term_care,neutral,Kathleen C. Hochul,governor
2024-11-01,4000.0,Montefiore Health System,hospital_health_system_provider,neutral,Andrea Stewart-Cousins,state_senate
2020-10-29,4000.0,"Aspen Dental Management, Inc",hospital_health_system_provider,neutral,Carl Heastie,assembly
2020-08-31,4000.0,New York State Dental Association PAC (NYSDAPAC),industry_association,neutral,Michael Gianaris,state_senate
2025-09-02,4000.0,Merck,pharma,neutral,Toby Ann Stavisky,state_senate
2020-02-18,4000.0,New York State Dental Association PAC (NYSDAPAC),industry_association,neutral,Rachel May,state_senate
2020-10-30,4000.0,Susquehanna Nursing And Rehabilitation Center LLC,post_acute_long_term_care,neutral,Todd Kaminsky,state_senate
2024-07-09,4000.0,Vertex Pharmaceuticals,pharma,neutral,Kathleen C. Hochul,governor
2020-09-09,3800.0,New York State Dental Association PAC (NYSDAPAC),industry_association,unknown,Andrew Gounardes,state_senate
2022-04-06,3700.0,New York State Dental Association PAC (NYSDAPAC),industry_association,neutral,"Peter J Abbate, Jr.",assembly
2022-08-09,3500.0,Merck,pharma,neutral,Crystal D Peoples,assembly
2021-12-14,3500.0,Molina Healthcare,health_insurer,neutral,Kathleen C. Hochul,governor
2021-03-22,3500.0,Healthcare Association of New York State (HANYS),industry_association,neutral,Andrea Stewart-Cousins,state_senate
2020-07-07,3500.0,New York State Society of Anesthesiologists,industry_association,neutral,Andrea Stewart-Cousins,state_senate
2020-01-29,3500.0,Elevance,health_insurer,neutral,Andrea Stewart-Cousins,state_senate
2022-07-15,3500.0,Asian American Adult Day Care Center Association,industry_association,unknown,Grace Lee,assembly
2023-04-04,3500.0,"Jennan Comprehensive Medical, PC",hospital_health_system_provider,neutral,Lester Chang,assembly
2020-10-25,3500.0,NY Health Care PAC,industry_association,neutral,Kathleen C. Hochul,governor
2023-12-06,3500.0,Priority Care Staffing,other_healthcare_related,neutral,Kathleen C. Hochul,governor
2022-06-13,3500.0,District Council 37 (DC37),union,blocker,Mathylde Frontus,assembly
2021-10-19,3500.0,Elevance,health_insurer,neutral,Rebecca A. Seawright,assembly
2022-11-22,3500.0,New York State Dental Association PAC (NYSDAPAC),industry_association,neutral,Gustavo Rivera,state_senate
2021-02-15,3400.0,Platinum Care Inc,other_healthcare_related,neutral,Michael R Benedetto,assembly
2022-10-01,3300.0,Healthcare Association of New York State (HANYS),industry_association,unknown,Anna M. Kaplan,state_senate
2020-03-03,3300.0,New York State Dental Association PAC (NYSDAPAC),industry_association,unknown,Gustavo Rivera,state_senate
2023-03-31,3000.0,Roscoe Regional Healthcare LLC,hospital_health_system_provider,neutral,Gustavo Rivera,state_senate
2026-01-09,3000.0,Golden Age Home Care,post_acute_long_term_care,neutral,Jenifer Rajkumar,state_senate
2024-01-08,3000.0,Health Tech Services Inc.,other_healthcare_related,neutral,Jenifer Rajkumar,state_senate
2024-02-27,3000.0,NY Assn. of Nurse Anesthetists,industry_association,neutral,Jeremy Cooney,state_senate
2021-12-15,3000.0,Morningside Nursing and Rehabilitation,post_acute_long_term_care,neutral,Kathleen C. Hochul,governor
2022-09-12,3000.0,Morningside Dialysis Center,renal_dialysis,neutral,Kathleen C. Hochul,governor
2022-09-12,3000.0,Mills Pond Dialysis Center LLC,renal_dialysis,neutral,Kathleen C. Hochul,governor
2022-03-30,3000.0,Health Care Providers PAC,industry_association,neutral,Gustavo Rivera,state_senate
2025-07-11,3000.0,Carillon Nursing & Rehab Center,post_acute_long_term_care,neutral,Kathleen C. Hochul,governor
2021-12-14,3000.0,Carillon Nursing & Rehab Center,post_acute_long_term_care,neutral,Kathleen C. Hochul,governor
2023-01-25,3000.0,Evergreen Homecare Services of NY Inc,post_acute_long_term_care,neutral,Jumaane D. Williams,governor
2023-11-01,3000.0,New York State Society of Anesthesiologists,industry_association,unknown,Carl Heastie,assembly
2023-12-27,3000.0,Merck,pharma,neutral,Amy Paulin,assembly
2025-12-04,3000.0,Molina Healthcare,health_insurer,neutral,Amy Paulin,assembly
2022-05-18,3000.0,Healthcare Association of New York State (HANYS),industry_association,unknown,Peter Harckham,state_senate
2022-03-17,3000.0,Elevance,health_insurer,neutral,Andrew Gounardes,state_senate
2021-10-09,3000.0,New York State Society of Anesthesiologists,industry_association,unknown,Carl Heastie,assembly
2024-10-29,3000.0,NYS Podiatric Assn.,industry_association,neutral,Toby Ann Stavisky,state_senate
2022-05-17,3000.0,Healthline Force Inc.,other_healthcare_related,neutral,Steven B. Raga,assembly
2020-01-20,3000.0,New York State Dental Association PAC (NYSDAPAC),industry_association,unknown,Amy Paulin,assembly
2024-03-29,3000.0,Leadingage New York Pac,industry_association,neutral,Sean Ryan,state_senate
2022-09-12,3000.0,Workmens Circle Dialysis Management LLC,renal_dialysis,neutral,Kathleen C. Hochul,governor
2020-01-03,3000.0,New York State Dental Association PAC (NYSDAPAC),industry_association,unknown,Deborah Glick,assembly
2023-03-21,3000.0,Molina Healthcare,health_insurer,neutral,Amy Paulin,assembly
2025-04-12,3000.0,Coalition of Asian-American Independent Practice Associations,industry_association,unknown,Alicia A. Hyndman,assembly
2025-04-04,3000.0,Cigna,health_insurer,neutral,George M. Borrello,state_senate
2024-01-10,3000.0,Coalition of Asian-American Independent Practice Associations,industry_association,unknown,Amy Paulin,assembly
2025-12-23,3000.0,Coalition of Asian-American Independent Practice Associations,industry_association,unknown,Amy Paulin,assembly
2026-04-27,3000.0,Cigna,health_insurer,neutral,Alicia A. Hyndman,assembly
2024-12-01,3000.0,Merck,pharma,neutral,Gustavo Rivera,state_senate
2026-01-10,3000.0,NY State Psychiatric PAC,industry_association,neutral,Alicia A. Hyndman,assembly
2021-09-28,3000.0,Pharmacists Society of the State of New York,industry_association,unknown,Neil D Breslin,state_senate
2023-04-21,3000.0,NY Assn. of Nurse Anesthetists,industry_association,neutral,Jeremy Cooney,state_senate
2024-02-13,3000.0,Leadingage New York Pac,industry_association,neutral,Jeremy Cooney,state_senate
2023-12-21,3000.0,Caring LHCSA LLC,hospital_health_system_provider,neutral,Simcha Eichenstein,assembly
2025-04-12,3000.0,NYS Podiatric Assn.,industry_association,neutral,Alicia A. Hyndman,assembly
2022-09-12,3000.0,Sea Crest Dialysis Center,renal_dialysis,neutral,Kathleen C. Hochul,governor
2025-07-03,3000.0,NYS Podiatric Assn.,industry_association,neutral,Kathleen C. Hochul,governor
2024-06-24,3000.0,New York State Dental Association PAC (NYSDAPAC),industry_association,unknown,Jordan J G Wright,assembly
2022-11-25,3000.0,Eli Lilly,pharma,neutral,Mark C. Walczyk,state_senate
2026-01-05,3000.0,Ascent Pharmaceuticals,pharma,neutral,Jenifer Rajkumar,state_senate
2022-12-06,3000.0,Eli Lilly,pharma,neutral,Mark C. Walczyk,state_senate
2021-12-14,3000.0,Shore View Nursing and Rehabilitation Center,post_acute_long_term_care,neutral,Kathleen C. Hochul,governor
2023-07-05,3000.0,Coalition of Asian-American Independent Practice Associations,industry_association,unknown,Jeremy Cooney,state_senate
2024-05-02,3000.0,New York State Society of Anesthesiologists,industry_association,neutral,Michael Gianaris,state_senate
2021-12-14,3000.0,Sea Crest Nursing and Rehabilitation Center,post_acute_long_term_care,neutral,Kathleen C. Hochul,governor
2023-08-17,3000.0,Pharmacists Society of the State of New York,industry_association,unknown,Neil D Breslin,state_senate
2025-12-12,3000.0,Molina Healthcare,health_insurer,neutral,Crystal D Peoples,assembly
2026-04-07,3000.0,Cigna,health_insurer,neutral,John T. Mcdonald III,assembly
2021-12-15,3000.0,Peninsula Nursing & Rehabilitation Cente,post_acute_long_term_care,neutral,Kathleen C. Hochul,governor
2022-07-11,3000.0,Elevance,health_insurer,neutral,Michael Gianaris,state_senate
2025-12-15,3000.0,Molina Healthcare,health_insurer,neutral,John T. Mcdonald III,assembly
2021-07-01,3000.0,Elevance,health_insurer,neutral,Michael Gianaris,state_senate
2021-12-15,3000.0,East Neck Nursing and Rehab Center,post_acute_long_term_care,neutral,Kathleen C. Hochul,governor
2022-03-10,3000.0,Queens Adult Care Center,other_healthcare_related,neutral,Kathleen C. Hochul,governor
2024-12-18,3000.0,Medical Society of the State of New York,industry_association,neutral,Gustavo Rivera,state_senate
2023-08-08,3000.0,Cigna,health_insurer,neutral,David I Weprin,assembly
2025-07-11,3000.0,United Healthcare / UnitedHealth Group (UHC/UHG),health_insurer,neutral,Antonio Delgado,governor
2023-10-16,3000.0,Montefiore Health System,hospital_health_system_provider,neutral,Carl Heastie,assembly
2023-10-20,3000.0,New York State Dental Association PAC (NYSDAPAC),industry_association,unknown,Gustavo Rivera,state_senate
2023-07-11,3000.0,Kennedy Healthcare LLC,hospital_health_system_provider,neutral,Kathleen C. Hochul,governor
2020-08-25,3000.0,"Acupath Laboratories, Inc.",imaging_diagnostics,neutral,Mario Richard Mattera,state_senate
2020-06-17,3000.0,Elevance,health_insurer,neutral,Andrew Gounardes,state_senate
2025-12-29,3000.0,Caring LHCSA LLC,hospital_health_system_provider,neutral,Simcha Eichenstein,assembly
2022-12-06,3000.0,New York State Society of Anesthesiologists,industry_association,neutral,Rodneyse Bichotte,assembly
2023-12-21,3000.0,New Century Home Care Inc.,post_acute_long_term_care,neutral,Simcha Eichenstein,assembly
2025-03-21,3000.0,Cigna,health_insurer,neutral,Steven D. Rhoads,state_senate
2024-10-17,3000.0,Medical Society of the State of New York,industry_association,neutral,Michaelle C. Solages,assembly
2026-01-05,3000.0,Ascent Pharmaceuticals,pharma,neutral,Jenifer Rajkumar,assembly
2020-01-27,3000.0,Pharmacists Society of the State of New York,industry_association,unknown,Andrea Stewart-Cousins,state_senate
2022-03-17,3000.0,Elevance,health_insurer,neutral,James Skoufis,state_senate
2022-12-22,3000.0,Caton Park Nursing Home,post_acute_long_term_care,neutral,Rodneyse Bichotte,assembly
2020-08-10,3000.0,Surgicore,hospital_health_system_provider,unknown,Rodneyse Bichotte,assembly
2022-06-23,3000.0,Greater New York Nursing Home Association,industry_association,neutral,Antonio Delgado,governor
2022-09-20,3000.0,Adira at Riverside Rehabilitation,hospital_health_system_provider,neutral,Nader J. Sayegh,assembly
2021-07-01,3000.0,Elevance,health_insurer,neutral,Michael Gianaris,assembly
2022-07-11,3000.0,Elevance,health_insurer,neutral,Michael Gianaris,assembly
2026-03-17,3000.0,NY Assn. of Nurse Anesthetists,industry_association,neutral,Karines Reyes,assembly
2026-05-20,3000.0,Montefiore Health System,hospital_health_system_provider,neutral,Karines Reyes,assembly
2024-07-25,3000.0,Coalition of Asian-American Independent Practice Associations,industry_association,unknown,Zellnor Myrie,state_senate
2025-03-17,3000.0,Coalition of Asian-American Independent Practice Associations,industry_association,unknown,Grace Lee,state_senate
2024-02-20,3000.0,Leadingage New York Pac,industry_association,neutral,Jamaal T. Bailey,state_senate
2024-07-08,3000.0,Medical Society of the State of New York,industry_association,neutral,Andrea Stewart-Cousins,state_senate
2023-06-05,3000.0,Contemporary Orthopedics PLLC,hospital_health_system_provider,neutral,Nader J. Sayegh,assembly
2024-10-02,3000.0,Montefiore Health System,hospital_health_system_provider,neutral,Karines Reyes,assembly
2024-01-28,3000.0,Leadingage New York Pac,industry_association,neutral,James Skoufis,state_senate
2024-02-07,3000.0,Montefiore Health System,hospital_health_system_provider,neutral,Michael R Benedetto,assembly
2025-06-16,3000.0,Elevance,health_insurer,neutral,Jamaal T. Bailey,state_senate
2025-04-14,3000.0,Elevance,health_insurer,neutral,Jamaal T. Bailey,state_senate
2025-04-14,3000.0,Cigna,health_insurer,neutral,Carl Heastie,assembly
2025-03-17,3000.0,Coalition of Asian-American Independent Practice Associations,industry_association,unknown,Grace Lee,assembly
2022-06-12,3000.0,United Healthcare / UnitedHealth Group (UHC/UHG),health_insurer,neutral,Antonio Delgado,governor
2023-02-22,3000.0,Elevance,health_insurer,neutral,Timothy M Kennedy,state_senate
2022-04-21,3000.0,Elevance,health_insurer,neutral,William A. Barclay,assembly
2025-03-24,3000.0,Cigna,health_insurer,neutral,Jamaal T. Bailey,state_senate
2022-11-10,3000.0,New York State Dental Association PAC (NYSDAPAC),industry_association,unknown,Neil D Breslin,state_senate
2022-06-21,3000.0,Medical Society of the State of New York,industry_association,neutral,Andrea Stewart-Cousins,state_senate
2020-08-10,3000.0,New Horizon Surgical Center,hospital_health_system_provider,neutral,Rodneyse Bichotte,assembly
2024-05-02,3000.0,New York State Society of Anesthesiologists,industry_association,neutral,Michael Gianaris,assembly
2026-05-26,3000.0,Montefiore Health System,hospital_health_system_provider,neutral,Michael R Benedetto,assembly
2021-11-23,3000.0,Elevance,health_insurer,neutral,Sean Ryan,state_senate
2024-07-11,3000.0,Coalition of Asian-American Independent Practice Associations,industry_association,unknown,Patricia A. Fahy,state_senate
2025-03-20,3000.0,New York State Society of Anesthesiologists,industry_association,unknown,Carl Heastie,assembly
2022-11-08,3000.0,Foster Care Champions New York PAC,industry_association,neutral,Anna M. Kaplan,state_senate
2024-10-29,3000.0,Merck,pharma,neutral,Gustavo Rivera,state_senate
2023-12-22,3000.0,United New York Ambulance Network (UNYAN),industry_association,neutral,Kathleen C. Hochul,governor
2025-12-04,3000.0,Molina Healthcare,health_insurer,neutral,Pamela Hunter,assembly
2020-05-12,3000.0,Elevance,health_insurer,neutral,Brian A. Benjamin,state_senate
2023-02-24,3000.0,NYS Optometric Association PAC,industry_association,neutral,Amy Paulin,assembly
2026-03-25,3000.0,Cigna,health_insurer,neutral,Pamela Hunter,assembly
2025-03-27,3000.0,Cigna,health_insurer,neutral,Anthony H. Palumbo,state_senate
2021-07-09,3000.0,Elevance,health_insurer,neutral,John W. Mannion,state_senate
2025-04-07,3000.0,Coalition of Asian-American Independent Practice Associations,industry_association,neutral,Michaelle C. Solages,assembly
2023-06-03,3000.0,Pharmacists Society of the State of New York,industry_association,unknown,Andrea Stewart-Cousins,state_senate
2021-12-14,3000.0,Upper East Side Rehabilitation and Nursing,post_acute_long_term_care,neutral,Kathleen C. Hochul,governor
2024-01-08,3000.0,Health Tech Services Inc.,other_healthcare_related,neutral,Jenifer Rajkumar,assembly
2024-01-30,3000.0,New York State Dental Association PAC (NYSDAPAC),industry_association,unknown,Andrea Stewart-Cousins,state_senate
2023-11-01,3000.0,Elevance,health_insurer,neutral,Carl Heastie,assembly
2026-03-31,3000.0,Cigna,health_insurer,neutral,Catalina Cruz,assembly
2020-08-10,3000.0,Surgicore,hospital_health_system_provider,neutral,Rodneyse Bichotte,assembly
2026-01-09,3000.0,Golden Age Home Care,post_acute_long_term_care,neutral,Jenifer Rajkumar,assembly
2022-04-19,3000.0,Pharmacists Society of the State of New York,industry_association,unknown,Kevin Cahill,assembly
2024-04-17,3000.0,Leadingage New York Pac,industry_association,neutral,Zellnor Myrie,state_senate
2020-08-10,3000.0,All City Family Healthcare Center Inc.,hospital_health_system_provider,neutral,Rodneyse Bichotte,assembly
2021-12-08,3000.0,Cigna,health_insurer,neutral,Kevin Cahill,assembly
2022-12-22,3000.0,Brooklyn Gardens Nursing and Rehab Ctr,post_acute_long_term_care,neutral,Rodneyse Bichotte,assembly
2020-01-27,3000.0,New York State Society of Anesthesiologists,industry_association,neutral,Andrea Stewart-Cousins,state_senate
2024-03-15,3000.0,Beverly's Home Care,post_acute_long_term_care,neutral,Hiram Monserrate,assembly
2023-12-19,2950.0,New York State Dental Association PAC (NYSDAPAC),industry_association,unknown,David I Weprin,assembly
2023-07-10,2800.0,New York State Dental Association PAC (NYSDAPAC),industry_association,neutral,Timothy M Kennedy,state_senate
2022-10-01,2800.0,Healthcare Association of New York State (HANYS),industry_association,unknown,John Brooks,state_senate
2022-10-14,2800.0,Healthcare Association of New York State (HANYS),industry_association,neutral,Kevin Thomas,state_senate
2022-02-28,2800.0,New York State Dental Association PAC (NYSDAPAC),industry_association,unknown,Peter Harckham,state_senate
2022-10-01,2800.0,Healthcare Association of New York State (HANYS),industry_association,unknown,John Brooks,assembly
2026-06-05,2750.0,New York State Dental Association PAC (NYSDAPAC),industry_association,neutral,Andrew Gounardes,state_senate
2022-10-21,2700.0,Healthcare Association of New York State (HANYS),industry_association,unknown,Carl Heastie,assembly
2020-03-09,2700.0,Healthcare Association of New York State (HANYS),industry_association,unknown,Richard N Gottfried,assembly
2021-06-23,2600.0,"Independent Health Care Services, Inc",hospital_health_system_provider,neutral,Joseph A. Griffo,state_senate
2020-10-17,2600.0,New York State Dental Association PAC (NYSDAPAC),industry_association,neutral,Kathleen C. Hochul,governor
2021-10-06,2516.88,Greater New York Hospital Association (GNYHA),industry_association,neutral,Kathleen C. Hochul,governor
2024-10-20,2500.0,NYS Podiatric Assn.,industry_association,neutral,Samra Brouk,state_senate
2024-03-05,2500.0,Coalition of Asian-American Independent Practice Associations,industry_association,unknown,Ron Kim,assembly
2020-05-27,2500.0,Coalition of Asian-American Independent Practice Associations,industry_association,neutral,Ron Kim,assembly
2024-11-05,2500.0,Pharmacy PAC NYS,industry_association,neutral,Samra Brouk,state_senate
2022-09-23,2500.0,Montefiore Health System,hospital_health_system_provider,neutral,Shelley Mayer,state_senate
2022-07-07,2500.0,Pharmacists Society of the State of New York,industry_association,unknown,Andrew Gounardes,state_senate
2024-10-28,2500.0,NYS Podiatric Assn.,industry_association,neutral,Cordell Cleare,state_senate
2024-10-15,2500.0,NY State Psychiatric PAC,industry_association,neutral,Samra Brouk,state_senate
2020-07-06,2500.0,Healthcare Association of New York State (HANYS),industry_association,unknown,Peter Harckham,state_senate
2025-02-13,2500.0,New York State Society of Anesthesiologists,industry_association,unknown,Andrew Gounardes,state_senate
2025-01-24,2500.0,New York State Society of Anesthesiologists,industry_association,unknown,Andrea Stewart-Cousins,state_senate
2024-11-19,2500.0,Coalition of Asian-American Independent Practice Associations,industry_association,unknown,John T. Mcdonald III,assembly
2025-01-16,2500.0,Coalition of Asian-American Independent Practice Associations,industry_association,unknown,Siela A Bynoe,state_senate
2022-11-07,2500.0,Montefiore Health System,hospital_health_system_provider,neutral,Shelley Mayer,state_senate
2024-06-18,2500.0,"KPH Healthcare Services, Inc",hospital_health_system_provider,neutral,Kathleen C. Hochul,governor
2020-09-30,2500.0,Healthcare Association of New York State (HANYS),industry_association,unknown,Rebecca A. Seawright,assembly
2026-01-13,2500.0,New York State Dental Association PAC (NYSDAPAC),industry_association,neutral,Andrea Stewart-Cousins,state_senate
2021-10-06,2500.0,Kingsway Arms Nursing Center,post_acute_long_term_care,neutral,Kathleen C. Hochul,governor
2021-12-30,2500.0,Elevance,health_insurer,neutral,Andrew Gounardes,state_senate
2025-05-28,2500.0,St. James Rehabilitation and Healthcare,post_acute_long_term_care,neutral,April Nicole Mccants-Baskin,state_senate
2020-10-09,2500.0,Pharmacists Society of the State of New York,industry_association,unknown,Rebecca A. Seawright,assembly
2024-06-13,2500.0,Healthcare Association of New York State (HANYS),industry_association,unknown,Rebecca A. Seawright,assembly
2020-09-17,2500.0,Elevance,health_insurer,neutral,Rebecca A. Seawright,assembly
2024-06-10,2500.0,Healthcare Association of New York State (HANYS),industry_association,unknown,Joseph P. Addabbo Jr.,state_senate
2023-03-22,2500.0,New York State Dental Association PAC (NYSDAPAC),industry_association,neutral,Patricia A. Fahy,assembly
2023-11-08,2500.0,"Western New York MRI, LLP",imaging_diagnostics,neutral,Timothy M Kennedy,state_senate
2021-10-20,2500.0,Eastern Niagara Radiology Associates PC,imaging_diagnostics,neutral,Kathleen C. Hochul,governor
2025-01-23,2500.0,Geneva CTR For Rehab & Nursing,post_acute_long_term_care,neutral,Kathleen C. Hochul,governor
2021-12-13,2500.0,Elevance,health_insurer,neutral,Andrew Gounardes,state_senate
2024-10-28,2500.0,NYS Podiatric Assn.,industry_association,neutral,Jeremy Cooney,state_senate
2025-05-22,2500.0,Coalition of Asian-American Independent Practice Associations,industry_association,unknown,James Skoufis,state_senate
2022-03-10,2500.0,West Lawrence Care Center LLC,hospital_health_system_provider,neutral,Kathleen C. Hochul,governor
2022-05-25,2500.0,Rangel Pharmacy Inc,pharmacy,neutral,Thomas R. Suozzi,governor
2022-05-15,2500.0,Hempstead Main Medical PC,hospital_health_system_provider,neutral,Thomas R. Suozzi,governor
2022-05-11,2500.0,GCC Pharmacy Corp,pharmacy,neutral,Thomas R. Suozzi,governor
2024-09-15,2500.0,Jericho Pharmacy Corp.,pharmacy,neutral,Jack M. Martins,state_senate
2022-05-11,2500.0,Village Pharmacy Corp,pharmacy,neutral,Thomas R. Suozzi,governor
2022-10-26,2500.0,New York State Dental Association PAC (NYSDAPAC),industry_association,unknown,Nathalia Fernandez,state_senate
2022-10-03,2500.0,Elevance,health_insurer,neutral,Lee Michael Zeldin,governor
2024-08-01,2500.0,United New York Ambulance Network (UNYAN),industry_association,neutral,Kathleen C. Hochul,governor
2025-01-23,2500.0,Upper East Side Rehabilitation and Nursing,post_acute_long_term_care,neutral,Kathleen C. Hochul,governor
2024-01-08,2500.0,Coalition of Asian-American Independent Practice Associations,industry_association,unknown,Grace Lee,assembly
2026-05-27,2500.0,Empire State Assn. of Assisted Living (ESAAL),industry_association,unknown,Lisa M. Vider,state_senate
2022-10-03,2500.0,Vital Check Wellness,other_healthcare_related,neutral,Kathleen C. Hochul,governor
2022-01-13,2500.0,Accelerated Rehab and Pain Management PA,post_acute_long_term_care,neutral,Thomas R. Suozzi,governor
2020-12-18,2500.0,"Western New York MRI, LLP",imaging_diagnostics,neutral,Kathleen C. Hochul,governor
2026-05-21,2500.0,Chain Pharmacy Association of New York State,industry_association,neutral,James Skoufis,state_senate
2020-08-24,2500.0,"Western New York MRI, LLP",imaging_diagnostics,neutral,Kathleen C. Hochul,governor
2025-05-13,2500.0,"Western New York MRI, LLP",imaging_diagnostics,neutral,Kathleen C. Hochul,governor
2022-09-16,2500.0,New York State Dental Association PAC (NYSDAPAC),industry_association,unknown,James N. Tedisco,state_senate
2025-08-16,2500.0,New York State Society of Anesthesiologists,industry_association,unknown,Andrea Stewart-Cousins,state_senate
2022-03-03,2500.0,Healthcare Association of New York State (HANYS),industry_association,unknown,Robert G Ortt,state_senate
2024-06-10,2500.0,"Just Kids Diagnostic & Treatment Center,",imaging_diagnostics,neutral,Shelley Mayer,state_senate
2020-06-26,2500.0,Pharmacists Society of the State of New York,industry_association,unknown,John T. Mcdonald III,assembly
2023-02-06,2500.0,New York State Dental Association PAC (NYSDAPAC),industry_association,unknown,John T. Mcdonald III,assembly
2021-12-13,2500.0,Healthcare Association of New York State (HANYS),industry_association,unknown,Anna M. Kaplan,state_senate
2023-02-21,2500.0,Elevance,health_insurer,neutral,Charles D Lavine,assembly
2023-02-16,2500.0,New York State Society of Anesthesiologists,industry_association,unknown,Andrew Gounardes,state_senate
2025-05-20,2500.0,Healthcare Association of New York State (HANYS),industry_association,unknown,Kathleen C. Hochul,governor
2025-06-03,2500.0,Chain Pharmacy Association of New York State,industry_association,neutral,James Skoufis,state_senate
2022-04-14,2500.0,Healthcare Association of New York State (HANYS),industry_association,unknown,Kathleen C. Hochul,governor
2022-04-21,2500.0,NYS Clinical Laboratory Association PAC,industry_association,neutral,Kathleen C. Hochul,governor
2024-08-14,2500.0,Healthcare Association of New York State (HANYS),industry_association,unknown,Kathleen C. Hochul,governor
2026-06-08,2500.0,Coalition of Asian-American Independent Practice Associations,industry_association,unknown,William A. Barclay,assembly
2021-05-18,2500.0,United Healthcare / UnitedHealth Group (UHC/UHG),health_insurer,neutral,"Peter J Abbate, Jr.",assembly
2021-11-15,2500.0,Eli Lilly,pharma,neutral,Andrea Stewart-Cousins,state_senate
2021-10-06,2500.0,PDI Health,imaging_diagnostics,neutral,Kathleen C. Hochul,governor
2023-05-30,2500.0,Surgeon Pac,industry_association,neutral,Kathleen C. Hochul,governor
2024-06-13,2500.0,NY Radiological Society,industry_association,neutral,Kathleen C. Hochul,governor
2025-06-16,2500.0,NY Radiological Society,industry_association,neutral,Kathleen C. Hochul,governor
2023-07-12,2500.0,Ocean Surgical Supply Corp,hospital_health_system_provider,neutral,Kathleen C. Hochul,governor
2022-09-08,2500.0,"Oppenheim & Degen Neurological Surgeons,",hospital_health_system_provider,neutral,Kathleen C. Hochul,governor
2023-12-14,2500.0,American Assoc. of Orthopedic Surgeons,industry_association,neutral,Kathleen C. Hochul,governor
2023-05-30,2500.0,American Assoc. of Orthopedic Surgeons,industry_association,neutral,Kathleen C. Hochul,governor
2021-11-15,2500.0,NY Assn. of Nurse Anesthetists,industry_association,neutral,Kathleen C. Hochul,governor
2023-06-26,2500.0,"Parkland Ambulance Service, Inc.",other_healthcare_related,neutral,Kathleen C. Hochul,governor
2025-07-09,2500.0,Nurse Practitioners Of NY State PAC,industry_association,neutral,Kathleen C. Hochul,governor
2021-08-02,2500.0,Merck,pharma,neutral,Andrea Stewart-Cousins,state_senate
2025-01-23,2500.0,Medina Skilled Nursing & Rehab,post_acute_long_term_care,neutral,Kathleen C. Hochul,governor
2024-07-24,2500.0,"Schenectady Ambulance Service, Inc.",other_healthcare_related,neutral,Kathleen C. Hochul,governor
2021-12-16,2500.0,"Schenectady Ambulance Service, Inc.",other_healthcare_related,neutral,Kathleen C. Hochul,governor
2024-07-19,2500.0,Quality Care Commission Inc,other_healthcare_related,neutral,Andrea Stewart-Cousins,state_senate
2024-06-26,2500.0,Sea Crest Nursing and Rehabilitation Center,post_acute_long_term_care,neutral,Kathleen C. Hochul,governor
2025-03-14,2500.0,New York State Dental Association PAC (NYSDAPAC),industry_association,neutral,Andrea Stewart-Cousins,state_senate
2023-06-26,2500.0,"Schenectady Ambulance Service, Inc.",other_healthcare_related,neutral,Kathleen C. Hochul,governor
2024-07-31,2500.0,Healthcare Association of New York State (HANYS),industry_association,unknown,Steve Stern,assembly
2022-03-10,2500.0,United New York Ambulance Network (UNYAN),industry_association,neutral,Kathleen C. Hochul,governor
2023-05-30,2500.0,NY State Psychiatric PAC,industry_association,neutral,Kathleen C. Hochul,governor
2023-06-09,2500.0,Coalition of Asian-American Independent Practice Associations,industry_association,unknown,Andrea Stewart-Cousins,state_senate
2025-05-28,2500.0,United Healthcare / UnitedHealth Group (UHC/UHG),health_insurer,neutral,Andrea Stewart-Cousins,state_senate
2023-05-22,2500.0,Committee for Medical Eye Care,industry_association,neutral,Andrea Stewart-Cousins,state_senate
2022-05-05,2500.0,Rochester Center for Rehabilitation and,post_acute_long_term_care,neutral,Kathleen C. Hochul,governor
2021-10-21,2500.0,Queens Surgical Center LLC,hospital_health_system_provider,neutral,Kathleen C. Hochul,governor
2022-09-26,2500.0,New York State Society of Anesthesiologists,industry_association,unknown,Sean Ryan,state_senate
2025-05-27,2500.0,Waters Edge Rehab & Nursing Center at PJ,post_acute_long_term_care,neutral,"John Zaccaro, Jr.",assembly
2026-03-23,2500.0,American Nurses Assn. (ANA-NY PAC),industry_association,neutral,Kathleen C. Hochul,governor
2021-09-20,2500.0,Sprain Brook Manor Rehab LLC,hospital_health_system_provider,neutral,Andrea Stewart-Cousins,state_senate
2025-01-23,2500.0,Morningside Nursing and Rehabilitation,post_acute_long_term_care,neutral,Kathleen C. Hochul,governor
2024-06-26,2500.0,Morningside Nursing and Rehabilitation,post_acute_long_term_care,neutral,Kathleen C. Hochul,governor
2022-09-23,2500.0,MVP Health Care,health_insurer,neutral,Kathleen C. Hochul,governor
2023-09-22,2500.0,MVP Health Care,health_insurer,neutral,Kathleen C. Hochul,governor
2022-05-05,2500.0,New Paltz Center for Rehabilitation and,post_acute_long_term_care,neutral,Kathleen C. Hochul,governor
2024-06-13,2500.0,New York Emergency Medicine,industry_association,neutral,Kathleen C. Hochul,governor
2024-10-28,2500.0,Healthcare Association of New York State (HANYS),industry_association,unknown,April Nicole Mccants-Baskin,state_senate
2021-07-09,2500.0,Northwell Health,hospital_health_system_provider,neutral,Robert J Rodriguez,assembly
2024-06-20,2500.0,Maxim Healthcare Services,hospital_health_system_provider,neutral,Kathleen C. Hochul,governor
2021-11-29,2500.0,Maxim Healthcare Services,hospital_health_system_provider,neutral,Kathleen C. Hochul,governor
2023-05-22,2500.0,United Healthcare / UnitedHealth Group (UHC/UHG),health_insurer,neutral,Andrea Stewart-Cousins,state_senate
2022-05-12,2500.0,United Healthcare / UnitedHealth Group (UHC/UHG),health_insurer,neutral,Andrea Stewart-Cousins,state_senate
2023-05-22,2500.0,Medical Society of the State of New York,industry_association,neutral,Kathleen C. Hochul,governor
2024-02-05,2500.0,Medical Society of the State of New York,industry_association,neutral,Kathleen C. Hochul,governor
2024-06-26,2500.0,East Neck Nursing and Rehab Center,post_acute_long_term_care,neutral,Kathleen C. Hochul,governor
2023-10-19,2500.0,ACADIA Pharmaceuticals,pharma,neutral,Kathleen C. Hochul,governor
2026-02-20,2500.0,Meadowbrook Medical Equipment,hospital_health_system_provider,neutral,Bruce  Blakeman,governor
2026-04-03,2500.0,Orthpaedics Spine and Sports Medicine,hospital_health_system_provider,neutral,Bruce  Blakeman,governor
2025-06-18,2500.0,American Dental Support Organizations,hospital_health_system_provider,neutral,Kathleen C. Hochul,governor
2024-06-26,2500.0,Carillon Nursing & Rehab Center,post_acute_long_term_care,neutral,Kathleen C. Hochul,governor
2021-10-22,2500.0,Committee for Medical Eye Care,industry_association,neutral,Kathleen C. Hochul,governor
2024-12-03,2500.0,Committee for Medical Eye Care,industry_association,neutral,Kathleen C. Hochul,governor
2022-05-05,2500.0,Cooperstown Center for Rehabilitation an,post_acute_long_term_care,neutral,Kathleen C. Hochul,governor
2021-08-16,2500.0,Adira at Riverside Rehabilitation,hospital_health_system_provider,neutral,Nader J. Sayegh,assembly
2020-10-29,2500.0,Adira at Riverside Rehabilitation,hospital_health_system_provider,neutral,Nader J. Sayegh,assembly
2021-10-20,2500.0,Amherst Diagnostic Imaging,imaging_diagnostics,unknown,Kathleen C. Hochul,governor
2024-07-11,2500.0,Healthcare Association of New York State (HANYS),industry_association,unknown,Monica R. Martinez,state_senate
2022-09-26,2500.0,Golden Age Home Care,post_acute_long_term_care,neutral,Kathleen C. Hochul,governor
2025-01-23,2500.0,Shore View Nursing and Rehabilitation Center,post_acute_long_term_care,neutral,Kathleen C. Hochul,governor
2024-06-06,2500.0,Coalition of Asian-American Independent Practice Associations,industry_association,unknown,Jen Lunsford,state_senate
2023-03-31,2500.0,Greater New York Nursing Home Association,industry_association,neutral,Gustavo Rivera,state_senate
2020-01-08,2500.0,New York State Dental Association PAC (NYSDAPAC),industry_association,unknown,James Skoufis,state_senate
2020-01-19,2500.0,New York State Dental Association PAC (NYSDAPAC),industry_association,unknown,Gustavo Rivera,state_senate
2023-03-31,2500.0,Carillon Nursing & Rehab Center,post_acute_long_term_care,neutral,Gustavo Rivera,state_senate
2022-10-11,2500.0,New York State Society of Anesthesiologists,industry_association,unknown,Michael Gianaris,assembly
2020-01-06,2500.0,New York State Society of Anesthesiologists,industry_association,unknown,Michael Gianaris,assembly
2024-01-10,2500.0,Novartis Pharmaceuticals,pharma,neutral,Amy Paulin,assembly
2024-03-22,2500.0,New York State Assoc. of Healthcare Providers (NYSHCP),industry_association,neutral,Gustavo Rivera,state_senate
2023-02-07,2500.0,NYS Podiatric Assn.,industry_association,neutral,Amy Paulin,assembly
2022-03-18,2500.0,Middletown Medical,hospital_health_system_provider,neutral,Brian M. Maher,assembly
2025-08-20,2500.0,Merck,pharma,neutral,Gustavo Rivera,state_senate
2025-12-01,2500.0,Healthcare Association of New York State (HANYS),industry_association,unknown,Gustavo Rivera,state_senate
2025-05-09,2500.0,New York State Society of Anesthesiologists,industry_association,unknown,Michael Gianaris,assembly
2022-04-04,2500.0,New York State Dental Association PAC (NYSDAPAC),industry_association,neutral,Deborah Glick,assembly
2022-07-11,2500.0,Healthcare Association of New York State (HANYS),industry_association,unknown,Gustavo Rivera,state_senate
2025-05-27,2500.0,Hamlet Rehab,hospital_health_system_provider,neutral,Amy Paulin,assembly
2024-10-29,2500.0,NYS Podiatric Assn.,industry_association,neutral,Michelle Hinchey,state_senate
2023-03-22,2500.0,Kingsway Arms Nursing Center,post_acute_long_term_care,neutral,Amy Paulin,assembly
2023-11-15,2500.0,Montefiore Health System,hospital_health_system_provider,neutral,Michael Gianaris,assembly
2022-02-25,2500.0,New York State Society of Anesthesiologists,industry_association,neutral,Deborah Glick,assembly
2020-03-09,2500.0,Pharmacists Society of the State of New York,industry_association,unknown,Gustavo Rivera,state_senate
2021-04-20,2500.0,EmblemHealth,health_insurer,neutral,Daniel Rosenthal,assembly
2020-02-28,2500.0,New York State Dental Association PAC (NYSDAPAC),industry_association,unknown,Aravella Simotas,assembly
2023-02-28,2500.0,New York Emergency Medicine,industry_association,neutral,Gustavo Rivera,state_senate
2021-06-18,2500.0,New York State Society of Anesthesiologists,industry_association,unknown,Gustavo Rivera,state_senate
2025-03-21,2500.0,New York State Dental Association PAC (NYSDAPAC),industry_association,neutral,Carl Heastie,assembly
2024-01-02,2500.0,New York State Society of Anesthesiologists,industry_association,neutral,Crystal D Peoples,assembly
2023-02-28,2500.0,New York State Society of Anesthesiologists,industry_association,neutral,Gustavo Rivera,state_senate
2021-12-22,2500.0,Healthcare Association of New York State (HANYS),industry_association,unknown,Gustavo Rivera,state_senate
2020-06-10,2500.0,Healthcare Association of New York State (HANYS),industry_association,unknown,Gustavo Rivera,state_senate
2020-02-21,2500.0,Valmar Surgical Supplies,hospital_health_system_provider,neutral,Gustavo Rivera,state_senate
2022-08-31,2500.0,New York State Society of Anesthesiologists,industry_association,unknown,Toby Ann Stavisky,state_senate
2024-06-26,2500.0,Shore View Nursing and Rehabilitation Center,post_acute_long_term_care,neutral,Kathleen C. Hochul,governor
2022-08-18,2500.0,Merck,pharma,neutral,Toby Ann Stavisky,state_senate
2021-10-28,2500.0,District Council 37 (DC37),union,blocker,Michael Gianaris,assembly
2021-07-09,2500.0,Healthcare Association of New York State (HANYS),industry_association,unknown,Michael Gianaris,assembly
2022-10-24,2500.0,NY Assn. of Nurse Anesthetists,industry_association,neutral,Toby Ann Stavisky,state_senate
2020-05-20,2500.0,Elevance,health_insurer,neutral,Michelle Hinchey,state_senate
2021-08-27,2500.0,Merck,pharma,neutral,Toby Ann Stavisky,state_senate
2022-08-25,2500.0,NYS Podiatric Assn.,industry_association,neutral,Toby Ann Stavisky,state_senate
2022-11-21,2500.0,Eli Lilly,pharma,neutral,Carl Heastie,assembly
2020-09-21,2500.0,Healthcare Association of New York State (HANYS),industry_association,unknown,Michael Gianaris,assembly
2022-05-28,2500.0,New York State Society of Anesthesiologists,industry_association,unknown,Toby Ann Stavisky,state_senate
2025-03-10,2500.0,New York State Society of Anesthesiologists,industry_association,unknown,Gustavo Rivera,state_senate
2020-06-29,2500.0,Healthcare Association of New York State (HANYS),industry_association,unknown,Michael Gianaris,assembly
2023-09-12,2500.0,New York State Dental Association PAC (NYSDAPAC),industry_association,unknown,Toby Ann Stavisky,state_senate
2020-01-07,2500.0,Healthcare Association of New York State (HANYS),industry_association,unknown,James Skoufis,state_senate
2022-08-30,2500.0,Coalition of Asian-American Independent Practice Associations,industry_association,unknown,Brian Kavanagh,state_senate
2024-10-28,2500.0,NYS Podiatric Assn.,industry_association,neutral,Gustavo Rivera,state_senate
2022-01-04,2500.0,Greater New York Hospital Association (GNYHA),industry_association,neutral,Gustavo Rivera,state_senate
2023-09-11,2500.0,Coalition of Asian-American Independent Practice Associations,industry_association,unknown,Gustavo Rivera,state_senate
2022-11-22,2500.0,Eli Lilly,pharma,neutral,Crystal D Peoples,assembly
2023-12-21,2500.0,Coalition of Asian-American Independent Practice Associations,industry_association,unknown,Crystal D Peoples,assembly
2024-05-21,2500.0,Coalition of Asian-American Independent Practice Associations,industry_association,unknown,Crystal D Peoples,assembly
2023-07-07,2500.0,"Medalliance Medical Health Services, Inc",hospital_health_system_provider,neutral,Gustavo Rivera,state_senate
2021-07-11,2500.0,Healthcare Association of New York State (HANYS),industry_association,unknown,Timothy M Kennedy,state_senate
2021-10-06,2500.0,Healthcare Association of New York State (HANYS),industry_association,unknown,Crystal D Peoples,assembly
2020-01-11,2500.0,New York State Dental Association PAC (NYSDAPAC),industry_association,unknown,Gustavo Rivera,state_senate
2023-03-31,2500.0,East Neck Nursing and Rehab Center,post_acute_long_term_care,neutral,Gustavo Rivera,state_senate
2020-02-21,2500.0,Cci Healthcare Systems Group Corp.,other_healthcare_related,neutral,Gustavo Rivera,state_senate
2022-03-30,2500.0,New York State Society of Anesthesiologists,industry_association,neutral,Gustavo Rivera,state_senate
2022-10-30,2500.0,Coalition of Asian-American Independent Practice Associations,industry_association,unknown,Jeremy Cooney,state_senate
2020-02-21,2500.0,Valmar Surgical Supplies,hospital_health_system_provider,neutral,Gustavo Rivera,state_senate
2024-06-18,2500.0,Healthcare Association of New York State (HANYS),industry_association,neutral,Patricia A. Fahy,state_senate
2021-08-11,2500.0,Merck,pharma,neutral,Carl Heastie,assembly
2025-02-01,2500.0,New York State Society of Anesthesiologists,industry_association,neutral,Alicia A. Hyndman,assembly
2025-09-10,2500.0,Coalition of Asian-American Independent Practice Associations,industry_association,unknown,Michelle Hinchey,state_senate
2021-10-25,2500.0,Elevance,health_insurer,neutral,Carl Heastie,assembly
2024-05-12,2500.0,New York State Dental Association PAC (NYSDAPAC),industry_association,unknown,Rachel May,state_senate
2026-01-30,2500.0,QuickRX Pharmacy Inc.,pharmacy,neutral,Frank Jereis,assembly
2024-06-06,2500.0,Coalition of Asian-American Independent Practice Associations,industry_association,unknown,Jen Lunsford,assembly
2020-09-19,2500.0,NYS PAC,industry_association,neutral,Monica R. Martinez,state_senate
2024-05-20,2500.0,Committee for Medical Eye Care,industry_association,neutral,Patricia A. Fahy,state_senate
2022-06-28,2500.0,Coalition of Asian-American Independent Practice Associations,industry_association,unknown,Iwen Chu,state_senate
2023-07-06,2500.0,Coalition of Asian-American Independent Practice Associations,industry_association,unknown,Iwen Chu,state_senate
2023-11-01,2500.0,Coalition of Asian-American Independent Practice Associations,industry_association,unknown,Gustavo Rivera,state_senate
2024-03-25,2500.0,Healthcare Association of New York State (HANYS),industry_association,neutral,Patricia A. Fahy,state_senate
2024-03-11,2500.0,New York State Society of Anesthesiologists,industry_association,neutral,Patricia A. Fahy,state_senate
2020-07-10,2500.0,Susquehanna Nursing And Rehabilitation Center LLC,post_acute_long_term_care,neutral,Todd Kaminsky,state_senate
2025-06-24,2500.0,Monaghan Medical Corp,hospital_health_system_provider,neutral,Daniel G. Stec,state_senate
2024-07-30,2500.0,Monaghan Medical Corp,hospital_health_system_provider,neutral,Daniel G. Stec,state_senate
2022-11-21,2500.0,Coalition of Asian-American Independent Practice Associations,industry_association,unknown,Jessica Ramos,state_senate
2020-01-17,2500.0,District Council 37 (DC37),union,blocker,Jessica Ramos,state_senate
2024-01-10,2500.0,Golden Age Home Care,post_acute_long_term_care,neutral,Hiram Monserrate,assembly
2022-09-21,2500.0,Elevance,health_insurer,neutral,Steven D. Rhoads,state_senate
2023-09-12,2500.0,West Hempstead Medical,hospital_health_system_provider,neutral,Taylor Darling,state_senate
2023-07-05,2500.0,Chain Pharmacy Association of New York State,industry_association,neutral,James Skoufis,state_senate
2020-07-21,2500.0,Elevance,health_insurer,neutral,Elijah Reichlin-Melnick,state_senate
2020-10-14,2500.0,New York State Dental Association PAC (NYSDAPAC),industry_association,unknown,Elijah Reichlin-Melnick,state_senate
2023-07-20,2500.0,Elevance,health_insurer,neutral,James Skoufis,state_senate
2023-02-28,2500.0,Sun Medical Care PC,hospital_health_system_provider,neutral,Gustavo Rivera,state_senate
2025-01-23,2500.0,Sea Crest Nursing and Rehabilitation Center,post_acute_long_term_care,neutral,Kathleen C. Hochul,governor
2023-12-21,2500.0,Coalition of Asian-American Independent Practice Associations,industry_association,unknown,Michael Gianaris,assembly
2025-06-24,2500.0,Upstate Health Advocacy Project (UHAP),industry_association,neutral,Kathleen C. Hochul,governor
2023-07-10,2500.0,Coalition of Asian-American Independent Practice Associations,industry_association,unknown,Michael Gianaris,assembly
2020-01-06,2500.0,New York State Society of Anesthesiologists,industry_association,unknown,Michael Gianaris,state_senate
2020-08-31,2500.0,Cigna,health_insurer,neutral,Neil D Breslin,state_senate
2021-07-09,2500.0,Healthcare Association of New York State (HANYS),industry_association,unknown,Michael Gianaris,state_senate
2020-06-29,2500.0,Healthcare Association of New York State (HANYS),industry_association,unknown,Michael Gianaris,state_senate
2021-11-15,2500.0,"Citi Health Home Care Services, Inc",post_acute_long_term_care,neutral,Kevin S Parker,state_senate
2020-09-21,2500.0,Healthcare Association of New York State (HANYS),industry_association,unknown,Michael Gianaris,state_senate
2023-12-21,2500.0,Coalition of Asian-American Independent Practice Associations,industry_association,unknown,Michael Gianaris,state_senate
2020-09-15,2500.0,Cigna,health_insurer,neutral,Kevin Cahill,assembly
2020-02-22,2500.0,Cigna,health_insurer,neutral,Kevin Cahill,assembly
2023-07-10,2500.0,Coalition of Asian-American Independent Practice Associations,industry_association,unknown,Michael Gianaris,state_senate
2021-10-28,2500.0,District Council 37 (DC37),union,blocker,Michael Gianaris,state_senate
2023-11-15,2500.0,Montefiore Health System,hospital_health_system_provider,neutral,Michael Gianaris,state_senate
2025-05-09,2500.0,New York State Society of Anesthesiologists,industry_association,unknown,Michael Gianaris,state_senate
2022-10-11,2500.0,New York State Society of Anesthesiologists,industry_association,unknown,Michael Gianaris,state_senate
2024-10-28,2500.0,NYS Podiatric Assn.,industry_association,neutral,Robert Jackson,state_senate
2024-08-21,2500.0,Healthcare Association of New York State (HANYS),industry_association,unknown,Keith P. Brown,assembly
2021-05-24,2500.0,Empire State Assn. of Assisted Living (ESAAL),industry_association,neutral,Todd Kaminsky,state_senate
2024-04-23,2500.0,New York Emergency Medicine,industry_association,neutral,Gustavo Rivera,state_senate
2026-01-05,2500.0,Golden Age Home Care,post_acute_long_term_care,neutral,Hiram Monserrate,state_senate
2022-10-19,2500.0,Healthcare Association of New York State (HANYS),industry_association,unknown,Neil D Breslin,state_senate
2021-04-26,2500.0,Healthcare Association of New York State (HANYS),industry_association,neutral,Kevin Thomas,state_senate
2023-04-11,2500.0,Healthcare Association of New York State (HANYS),industry_association,unknown,Kevin Thomas,state_senate
2023-10-27,2500.0,Greater New York Hospital Association (GNYHA),industry_association,neutral,Gustavo Rivera,state_senate
2022-09-06,2500.0,Ascent Pharmaceuticals,pharma,neutral,Mario Richard Mattera,state_senate
2022-04-21,2500.0,Healthcare Association of New York State (HANYS),industry_association,neutral,Liz Krueger,state_senate
2024-05-31,2500.0,Healthcare Association of New York State (HANYS),industry_association,unknown,Jessica Scarcella-Spanton,state_senate
2024-01-08,2500.0,Coalition of Asian-American Independent Practice Associations,industry_association,unknown,Grace Lee,state_senate
2020-07-09,2500.0,Pharmacists Society of the State of New York,industry_association,unknown,James Skoufis,state_senate
2026-05-28,2400.0,"Independent Health Care Services, Inc",hospital_health_system_provider,neutral,Joseph A. Griffo,state_senate
2022-02-18,2400.0,Immigrant Elder Home Care LLC,post_acute_long_term_care,neutral,Hiram Monserrate,assembly
2022-05-13,2300.0,Healthcare Association of New York State (HANYS),industry_association,unknown,Michael Gianaris,assembly
2022-05-13,2300.0,Healthcare Association of New York State (HANYS),industry_association,unknown,Michael Gianaris,state_senate
2022-06-24,2300.0,Healthcare Association of New York State (HANYS),industry_association,unknown,Gustavo Rivera,state_senate
2024-09-26,2300.0,"Choices Institute of Women's Health, Inc",other_healthcare_related,neutral,Rebecca A. Seawright,assembly
2026-06-03,2250.0,New York State Dental Association PAC (NYSDAPAC),industry_association,neutral,Edward P Ra,assembly
2024-12-16,2243.97,Medical Society of the State of New York,industry_association,neutral,Gustavo Rivera,state_senate
2022-11-02,2200.0,Healthcare Association of New York State (HANYS),industry_association,unknown,Crystal D Peoples,assembly
2020-03-23,2200.0,District Council 37 (DC37),union,blocker,Catalina Cruz,assembly
2022-03-26,2200.0,Sprain Brook Manor Rehab LLC,hospital_health_system_provider,neutral,Nader J. Sayegh,assembly
2022-10-20,2100.0,Healthcare Association of New York State (HANYS),industry_association,unknown,Kathleen C. Hochul,governor
2022-06-23,2100.0,Independent Health Care Services,hospital_health_system_provider,neutral,Joseph A. Griffo,state_senate
2025-07-08,2037.68,NYSHFA,industry_association,neutral,Gustavo Rivera,state_senate
2024-11-08,2000.0,Merck,pharma,neutral,William A. Barclay,assembly
2024-06-12,2000.0,Healthcare Association of New York State (HANYS),industry_association,unknown,Joshua T. Jensen,assembly
2026-03-20,2000.0,NY Assn. of Nurse Anesthetists,industry_association,neutral,Andrea Stewart-Cousins,state_senate
2021-05-14,2000.0,Brunswick Hospital,hospital_health_system_provider,neutral,John Brooks,state_senate
2024-07-11,2000.0,New York State Dental Association PAC (NYSDAPAC),industry_association,unknown,Jacob Christopher Ashby,state_senate
2026-01-07,2000.0,Coalition of Asian-American Independent Practice Associations,industry_association,unknown,Jen Lunsford,state_senate
2024-02-02,2000.0,Coalition of Asian-American Independent Practice Associations,industry_association,unknown,Jen Lunsford,state_senate
2026-01-07,2000.0,Coalition of Asian-American Independent Practice Associations,industry_association,unknown,Jen Lunsford,state_senate
2023-11-30,2000.0,Pharmacists Society of the State of New York,industry_association,unknown,James Skoufis,state_senate
2024-01-13,2000.0,New York State Dental Association PAC (NYSDAPAC),industry_association,unknown,Jessica Scarcella-Spanton,state_senate
2022-01-13,2000.0,New York State Dental Association PAC (NYSDAPAC),industry_association,unknown,Kevin Thomas,state_senate
2023-04-25,2000.0,New York State Society of Anesthesiologists,industry_association,neutral,Kevin Thomas,state_senate
2022-04-01,2000.0,Beverley's Home Health Care Inc.,post_acute_long_term_care,neutral,Hiram Monserrate,assembly
2024-03-25,2000.0,NY Assn. of Nurse Anesthetists,industry_association,neutral,Karines Reyes,assembly
2022-05-10,2000.0,Livingston Foot Care Specialists,hospital_health_system_provider,neutral,Steven D. Rhoads,state_senate
2020-09-16,2000.0,Elevance,health_insurer,neutral,Kevin M. Byrne,assembly
2021-07-20,2000.0,Elevance,health_insurer,neutral,Kevin M. Byrne,assembly
2021-05-27,2000.0,New York State Dental Association PAC (NYSDAPAC),industry_association,unknown,Kevin M. Byrne,assembly
2024-04-18,2000.0,New York Chiropractic Pac,industry_association,neutral,Jessica Scarcella-Spanton,state_senate
2022-05-12,2000.0,Immigrant Elder Homecare LLC,post_acute_long_term_care,neutral,Hiram Monserrate,assembly
2026-05-27,2000.0,Capital District Physicians' Health Plan (CDPHP),health_insurer,neutral,Jamaal T. Bailey,state_senate
2021-09-21,2000.0,New York State Dental Association PAC (NYSDAPAC),industry_association,unknown,James Skoufis,state_senate
2026-05-27,2000.0,Cigna,health_insurer,neutral,Jamaal T. Bailey,state_senate
2022-10-24,2000.0,Healthfirst,health_insurer,neutral,Michael Gianaris,assembly
2026-02-02,2000.0,New York State Dental Association PAC (NYSDAPAC),industry_association,neutral,Jamaal T. Bailey,state_senate
2025-05-26,2000.0,Bronx Center for Rehabilitation & Health,post_acute_long_term_care,neutral,Landon Dais,assembly
2025-03-17,2000.0,New York State Dental Association PAC (NYSDAPAC),industry_association,neutral,Jamaal T. Bailey,state_senate
2021-07-01,2000.0,Elevance,health_insurer,neutral,James Skoufis,state_senate
2024-10-29,2000.0,NYS Podiatric Assn.,industry_association,neutral,Samuel Tzvi Berger,assembly
2024-06-24,2000.0,Cigna,health_insurer,neutral,Jamaal T. Bailey,state_senate
2024-10-27,2000.0,NYS Podiatric Assn.,industry_association,neutral,Monica Piga Wallace,assembly
2023-01-23,2000.0,New York State Dental Association PAC (NYSDAPAC),industry_association,neutral,Timothy M Kennedy,state_senate
2023-04-11,2000.0,Elevance,health_insurer,neutral,Patricia A. Fahy,assembly
2024-01-16,2000.0,Healthfirst,health_insurer,neutral,Michael Gianaris,assembly
2024-10-15,2000.0,NYS Podiatric Assn.,industry_association,neutral,Michael Gianaris,assembly
2023-11-16,2000.0,Healthfirst,health_insurer,neutral,Michael Gianaris,assembly
2024-11-04,2000.0,Coalition of Asian-American Independent Practice Associations,industry_association,unknown,Kimberly Garber Keiserman,state_senate
2024-10-29,2000.0,NYS Podiatric Assn.,industry_association,neutral,Jen Lunsford,state_senate
2022-10-24,2000.0,Healthfirst,health_insurer,neutral,Michael Gianaris,assembly
2021-12-08,2000.0,Healthcare Association of New York State (HANYS),industry_association,unknown,Michael Gianaris,assembly
2025-01-28,2000.0,Healthcare Association of New York State (HANYS),industry_association,unknown,Michael Gianaris,assembly
2020-10-06,2000.0,Healthcare Association of New York State (HANYS),industry_association,unknown,Michael Gianaris,assembly
2024-05-29,2000.0,Empire State Assn. of Assisted Living (ESAAL),industry_association,unknown,Michael Gianaris,assembly
2022-02-12,2000.0,New York State Dental Association PAC (NYSDAPAC),industry_association,neutral,Timothy M Kennedy,state_senate
2026-03-22,2000.0,American Nurses Assn. (ANA-NY PAC),industry_association,neutral,Karines Reyes,assembly
2024-11-04,2000.0,Coalition of Asian-American Independent Practice Associations,industry_association,unknown,Monica R. Martinez,state_senate
2024-07-10,2000.0,District Council 37 (DC37),union,blocker,Landon Dais,assembly
2026-07-09,2000.0,Coalition of Asian-American Independent Practice Associations,industry_association,unknown,Matthew Slater,assembly
2022-07-19,2000.0,Healthcare Association of New York State (HANYS),industry_association,unknown,John Brooks,state_senate
2020-01-28,2000.0,New York State Dental Association PAC (NYSDAPAC),industry_association,unknown,John W. Mannion,state_senate
2022-04-14,2000.0,Elevance,health_insurer,neutral,John W. Mannion,state_senate
2025-05-28,2000.0,Chateau At Brooklyn Rehabilitation And N,post_acute_long_term_care,neutral,Nathalia Fernandez,state_senate
2024-06-19,2000.0,Healthcare Association of New York State (HANYS),industry_association,unknown,Charles D Fall,assembly
2025-05-26,2000.0,Bronx Center for Rehabilitation and Heal,post_acute_long_term_care,neutral,Nathalia Fernandez,state_senate
2024-10-22,2000.0,NYS Podiatric Assn.,industry_association,neutral,"Albert A Stirpe, Jr.",state_senate
2026-03-05,2000.0,Coalition of Asian-American Independent Practice Associations,industry_association,unknown,Andrew D Hevesi,assembly
2024-06-10,2000.0,Healthcare Association of New York State (HANYS),industry_association,unknown,Andrew D Hevesi,assembly
2025-08-22,2000.0,Coalition of Asian-American Independent Practice Associations,industry_association,unknown,Steven D. Rhoads,state_senate
2024-02-12,2000.0,New York State Dental Association PAC (NYSDAPAC),industry_association,unknown,Monica R. Martinez,state_senate
2024-06-18,2000.0,Healthcare Association of New York State (HANYS),industry_association,unknown,Gina L. Sillitti,assembly
2024-11-04,2000.0,NYS Podiatric Assn.,industry_association,neutral,Marianne Buttenschon,assembly
2024-10-28,2000.0,NYS Podiatric Assn.,industry_association,neutral,Gina L. Sillitti,assembly
2026-03-02,2000.0,Coalition of Asian-American Independent Practice Associations,industry_association,unknown,Grace Lee,assembly
2025-02-20,2000.0,Coalition of Asian-American Independent Practice Associations,industry_association,unknown,James Skoufis,state_senate
2025-04-04,2000.0,NY Chiropractic PAC,industry_association,neutral,Jessica Scarcella-Spanton,state_senate
2020-07-08,2000.0,New York State Dental Association PAC (NYSDAPAC),industry_association,unknown,James N. Tedisco,state_senate
2024-10-15,2000.0,NYS Podiatric Assn.,industry_association,neutral,Nader J. Sayegh,assembly
2026-04-21,2000.0,Merck,pharma,neutral,Andrea Stewart-Cousins,state_senate
2025-03-21,2000.0,New York Emergency Medicine,industry_association,neutral,Catalina Cruz,assembly
2025-05-28,2000.0,Sans Souci Rehab. and Nursing Center,post_acute_long_term_care,neutral,Landon Dais,assembly
2026-06-23,2000.0,Empress Ambulance Service Inc,other_healthcare_related,neutral,Matthew Slater,assembly
2026-03-06,2000.0,Coalition of Asian-American Independent Practice Associations,industry_association,unknown,Karines Reyes,assembly
2025-04-04,2000.0,NY Assn. of Nurse Anesthetists,industry_association,neutral,Karines Reyes,assembly
2023-06-22,2000.0,New York State Society of Anesthesiologists,industry_association,neutral,Liz Krueger,state_senate
2023-05-01,2000.0,NY Assn. of Nurse Anesthetists,industry_association,neutral,Karines Reyes,assembly
2020-10-05,2000.0,Planned Parenthood PAC,other_healthcare_related,unknown,Kevin Thomas,state_senate
2020-09-02,2000.0,Elevance,health_insurer,neutral,Elijah Reichlin-Melnick,state_senate
2020-05-30,2000.0,Healthcare Association of New York State (HANYS),industry_association,unknown,Joseph R Lentol,assembly
2022-03-15,2000.0,Bari Home Care LLC,post_acute_long_term_care,neutral,Hiram Monserrate,assembly
2024-04-24,2000.0,Elevance,health_insurer,neutral,Monica R. Martinez,state_senate
2024-06-18,2000.0,Healthcare Association of New York State (HANYS),industry_association,unknown,Andrea Stewart-Cousins,state_senate
2025-03-14,2000.0,Healthcare Association of New York State (HANYS),industry_association,unknown,Andrea Stewart-Cousins,state_senate
2022-10-14,2000.0,Coalition of Asian-American Independent Practice Associations,industry_association,unknown,Zellnor Myrie,state_senate
2025-04-26,2000.0,Elevance,health_insurer,neutral,Andrea Stewart-Cousins,state_senate
2025-05-28,2000.0,Elevance,health_insurer,neutral,Andrea Stewart-Cousins,state_senate
2022-10-03,2000.0,Healthcare Association of New York State (HANYS),industry_association,unknown,Gina L. Sillitti,assembly
2021-07-21,2000.0,New York State Dental Association PAC (NYSDAPAC),industry_association,neutral,Mark Charles Walczyk,assembly
2022-04-14,2000.0,Empire State Assn. of Assisted Living (ESAAL),industry_association,neutral,John W. Mannion,state_senate
2025-04-26,2000.0,NY Assn. of Nurse Anesthetists,industry_association,neutral,Andrea Stewart-Cousins,state_senate
2023-06-23,2000.0,Cigna,health_insurer,neutral,John W. Mannion,state_senate
2024-10-04,2000.0,Stanley Pharma LLC,pharmacy,neutral,Nader J. Sayegh,assembly
2024-01-16,2000.0,Healthfirst,health_insurer,neutral,Michael Gianaris,state_senate
2023-06-12,2000.0,Elevance,health_insurer,neutral,Jamaal T. Bailey,state_senate
2024-01-12,2000.0,Coalition of Asian-American Independent Practice Associations,industry_association,unknown,Jeremy Cooney,state_senate
2025-09-22,2000.0,Coalition of Asian-American Independent Practice Associations,industry_association,unknown,Shelley Mayer,state_senate
2026-06-10,2000.0,Healthcare Association of New York State (HANYS),industry_association,unknown,Christopher J. Ryan,state_senate
2022-03-25,2000.0,New York State Dental Association PAC (NYSDAPAC),industry_association,neutral,Robert G Ortt,state_senate
2023-03-29,2000.0,Elevance,health_insurer,neutral,Robert G Ortt,state_senate
2023-11-16,2000.0,Healthfirst,health_insurer,neutral,Michael Gianaris,state_senate
2022-10-24,2000.0,Healthfirst,health_insurer,neutral,Michael Gianaris,state_senate
2026-04-22,2000.0,NY Assn. of Nurse Anesthetists,industry_association,neutral,Shelley Mayer,state_senate
2023-06-08,2000.0,Cigna,health_insurer,neutral,John T. Mcdonald III,assembly
2020-07-11,2000.0,Committee for Medical Eye Care,industry_association,neutral,John T. Mcdonald III,assembly
2021-05-24,2000.0,Empire State Assn. of Assisted Living (ESAAL),industry_association,neutral,Diane J Savino,state_senate
2022-01-11,2000.0,Eli Lilly,pharma,neutral,Michael Gianaris,state_senate
2021-12-08,2000.0,Healthcare Association of New York State (HANYS),industry_association,unknown,Michael Gianaris,state_senate
2025-01-28,2000.0,Healthcare Association of New York State (HANYS),industry_association,unknown,Michael Gianaris,state_senate
2025-05-31,2000.0,Elevance,health_insurer,neutral,John T. Mcdonald III,assembly
2024-05-29,2000.0,Empire State Assn. of Assisted Living (ESAAL),industry_association,unknown,Michael Gianaris,state_senate
2022-04-22,2000.0,Elevance,health_insurer,neutral,John T. Mcdonald III,assembly
2020-07-01,2000.0,Elevance,health_insurer,neutral,Michael Gianaris,state_senate
2023-03-29,2000.0,Elevance,health_insurer,neutral,John T. Mcdonald III,assembly
2020-10-06,2000.0,Healthcare Association of New York State (HANYS),industry_association,unknown,Michael Gianaris,state_senate
2024-03-25,2000.0,Pharmacists Society of the State of New York,industry_association,unknown,John T. Mcdonald III,assembly
2024-11-02,2000.0,NYS Podiatric Assn.,industry_association,neutral,Karen M. Mcmahon,assembly
2024-10-28,2000.0,NYS Podiatric Assn.,industry_association,neutral,Judy A. Griffin,assembly
2020-10-29,2000.0,Wellnew Urgent Care,hospital_health_system_provider,neutral,Sean Ryan,state_senate
2025-12-04,2000.0,Molina Healthcare,health_insurer,neutral,Jessica Scarcella-Spanton,state_senate
2024-10-21,2000.0,The Doctors Company New York (DocPac),other_healthcare_related,neutral,Jeremy Cooney,state_senate
2024-07-29,2000.0,The Doctors Company New York (DocPac),other_healthcare_related,neutral,Jeremy Cooney,state_senate
2023-11-14,2000.0,New York State Dental Association PAC (NYSDAPAC),industry_association,unknown,Brian Kavanagh,state_senate
2023-06-20,2000.0,Cigna,health_insurer,neutral,Jeremy Cooney,state_senate
2022-04-11,2000.0,Elevance,health_insurer,neutral,Anthony H. Palumbo,state_senate
2024-10-25,2000.0,Cigna,health_insurer,neutral,Jeremy Cooney,state_senate
2025-01-20,2000.0,Wonderful Adult Care Center LLC,other_healthcare_related,neutral,Lester Chang,assembly
2022-07-19,2000.0,Healthcare Association of New York State (HANYS),industry_association,unknown,John Brooks,assembly
2020-01-10,2000.0,New York State Dental Association PAC (NYSDAPAC),industry_association,unknown,Luis R. Sepulveda,state_senate
2024-08-20,2000.0,Coalition of Asian-American Independent Practice Associations,industry_association,unknown,Brian Kavanagh,state_senate
2025-04-04,2000.0,Cigna,health_insurer,neutral,John T. Mcdonald III,assembly
2021-05-14,2000.0,Brunswick Hospital,hospital_health_system_provider,neutral,John Brooks,assembly
2022-09-12,2000.0,Cigna,health_insurer,neutral,Pamela Hunter,assembly
2025-05-28,2000.0,Cortland Healthcare,hospital_health_system_provider,neutral,Brian Cunningham,assembly
2025-05-01,2000.0,Elevance,health_insurer,neutral,James Skoufis,state_senate
2025-11-20,2000.0,Coalition of Asian-American Independent Practice Associations,industry_association,unknown,Pamela Hunter,assembly
2022-09-30,2000.0,Healthcare Association of New York State (HANYS),industry_association,unknown,Charles D Lavine,assembly
2024-06-04,2000.0,Healthcare Association of New York State (HANYS),industry_association,unknown,Charles D Lavine,assembly
2024-08-07,2000.0,Elevance,health_insurer,neutral,Christopher J. Ryan,state_senate
2022-10-07,2000.0,Cigna,health_insurer,neutral,John T. Mcdonald III,assembly
2022-09-15,2000.0,Stanley Pharma LLC,pharmacy,neutral,Nader J. Sayegh,assembly
2022-05-19,2000.0,Empire State Assn. of Assisted Living (ESAAL),industry_association,neutral,Andrea Stewart-Cousins,state_senate
2022-08-24,2000.0,Elevance,health_insurer,neutral,Andrea Stewart-Cousins,state_senate
2026-01-05,2000.0,Golden Age Home Care,post_acute_long_term_care,neutral,John C Liu,state_senate
2025-03-05,2000.0,Coalition of Asian-American Independent Practice Associations,industry_association,unknown,Catalina Cruz,assembly
2025-02-20,2000.0,United New York Ambulance Network (UNYAN),industry_association,neutral,Andrea Stewart-Cousins,state_senate
2026-04-21,2000.0,United New York Ambulance Network (UNYAN),industry_association,neutral,Andrea Stewart-Cousins,state_senate
2023-04-05,2000.0,Elevance,health_insurer,neutral,William A. Barclay,assembly
2022-05-05,2000.0,NY Assn. of Nurse Anesthetists,industry_association,neutral,Andrea Stewart-Cousins,state_senate
2024-05-07,2000.0,New York State Dental Association PAC (NYSDAPAC),industry_association,neutral,Lea Webb,state_senate
2023-12-05,2000.0,Merck,pharma,neutral,Andrea Stewart-Cousins,state_senate
2024-10-15,2000.0,NYS Podiatric Assn.,industry_association,neutral,Steve Stern,assembly
2020-09-26,2000.0,Healthcare Association of New York State (HANYS),industry_association,neutral,Todd Kaminsky,state_senate
2022-10-08,2000.0,Healthcare Association of New York State (HANYS),industry_association,unknown,Michaelle C. Solages,assembly
2023-06-01,2000.0,Healthcare Association of New York State (HANYS),industry_association,neutral,Andrea Stewart-Cousins,state_senate
2020-10-18,2000.0,Healthcare Association of New York State (HANYS),industry_association,neutral,Andrea Stewart-Cousins,state_senate
2020-07-01,2000.0,Elevance,health_insurer,neutral,Michael Gianaris,assembly
2021-04-06,2000.0,Healthcare Association of New York State (HANYS),industry_association,unknown,Timothy M Kennedy,state_senate
2022-07-11,2000.0,Montefiore Health System,hospital_health_system_provider,neutral,James Skoufis,state_senate
2025-12-30,2000.0,Molina Healthcare,health_insurer,neutral,Jamaal T. Bailey,state_senate
2022-06-30,2000.0,New York State Dental Association PAC (NYSDAPAC),industry_association,neutral,Timothy M Kennedy,state_senate
2024-01-31,2000.0,Empire State Assn. of Assisted Living (ESAAL),industry_association,neutral,Andrea Stewart-Cousins,state_senate
2026-04-23,2000.0,Cigna,health_insurer,neutral,Michaelle C. Solages,assembly
2024-10-28,2000.0,NYS Podiatric Assn.,industry_association,neutral,Carrie Woerner,assembly
2020-10-28,2000.0,Wellnow Urgent Care,hospital_health_system_provider,neutral,Jeremy Cooney,state_senate
2020-10-30,2000.0,Leadingage New York Pac,industry_association,neutral,Susan J Serino,state_senate
2021-07-21,2000.0,New York State Dental Association PAC (NYSDAPAC),industry_association,neutral,Mark Charles Walczyk,state_senate
2024-06-21,2000.0,New York State Dental Association PAC (NYSDAPAC),industry_association,unknown,Jeremy Cooney,state_senate
2025-12-23,2000.0,Coalition of Asian-American Independent Practice Associations,industry_association,unknown,Christopher J. Ryan,state_senate
2024-01-04,2000.0,Elevance,health_insurer,neutral,Jeremy Cooney,state_senate
2023-03-28,2000.0,Elevance,health_insurer,neutral,Jeremy Cooney,state_senate
2020-07-10,2000.0,Susquehanna Nursing And Rehabilitation Center LLC,post_acute_long_term_care,neutral,Judy A. Griffin,assembly
2024-10-15,2000.0,NYS Podiatric Assn.,industry_association,neutral,Michael Gianaris,state_senate
2023-12-08,2000.0,Empire State Assn. of Assisted Living (ESAAL),industry_association,unknown,Jeremy Cooney,state_senate
2024-10-15,2000.0,Healthcare Association of New York State (HANYS),industry_association,unknown,Jeremy Cooney,state_senate
2022-10-24,2000.0,Healthfirst,health_insurer,neutral,Michael Gianaris,state_senate
2022-05-24,2000.0,NY Assn. of Nurse Anesthetists,industry_association,neutral,Jeremy Cooney,state_senate
2026-05-11,2000.0,Coalition of Asian-American Independent Practice Associations,industry_association,unknown,Scott H. Bendett,assembly
2022-06-09,2000.0,Pharmacists Society of the State of New York,industry_association,unknown,Andrea Stewart-Cousins,state_senate
2024-01-16,2000.0,Pharmacists Society of the State of New York,industry_association,unknown,Andrea Stewart-Cousins,state_senate
2022-01-11,2000.0,Eli Lilly,pharma,neutral,Michael Gianaris,assembly
2026-04-13,2000.0,Healthcare Association of New York State (HANYS),industry_association,unknown,Liz Krueger,state_senate
2022-09-12,2000.0,Cigna,health_insurer,neutral,Jeremy Cooney,state_senate
2023-05-31,2000.0,NY Assn. of Nurse Anesthetists,industry_association,neutral,Andrea Stewart-Cousins,state_senate
2024-06-21,2000.0,Elevance,health_insurer,neutral,Nathalia Fernandez,state_senate
2022-05-25,2000.0,Dental Laboratory Group Inc,hospital_health_system_provider,neutral,Jessica Scarcella-Spanton,state_senate
2021-10-01,2000.0,New York State Dental Association PAC (NYSDAPAC),industry_association,unknown,Kevin Thomas,state_senate
2023-06-23,2000.0,Cigna,health_insurer,neutral,Amy Paulin,assembly
2023-04-17,2000.0,New York Chiropractic Pac,industry_association,neutral,Daniel J. O'Donnell,assembly
2020-03-10,2000.0,New York Chiropractic Pac,industry_association,neutral,Daniel J. O'Donnell,assembly
2025-07-11,2000.0,Sea Crest Nursing and Rehabilitation Center,post_acute_long_term_care,neutral,Kathleen C. Hochul,governor
2022-07-13,2000.0,Elevance,health_insurer,neutral,Sean Ryan,state_senate
2021-05-10,2000.0,New York Chiropractic Pac,industry_association,neutral,Daniel J. O'Donnell,assembly
2022-06-13,2000.0,1Life Healthcare Inc,hospital_health_system_provider,neutral,Kathleen C. Hochul,governor
2022-01-19,2000.0,Elevance,health_insurer,neutral,Michael J Cusick,assembly
2026-04-03,2000.0,Cigna,health_insurer,neutral,Amy Paulin,assembly
2023-04-27,2000.0,Elevance,health_insurer,neutral,William B Magnarelli,assembly
2025-06-12,2000.0,Elevance,health_insurer,neutral,Carl Heastie,assembly
2025-03-28,2000.0,New York State Dental Association PAC (NYSDAPAC),industry_association,neutral,Toby Ann Stavisky,state_senate
2025-04-04,2000.0,Elevance,health_insurer,neutral,Carl Heastie,assembly
2023-04-27,2000.0,Empire State Assn. of Assisted Living (ESAAL),industry_association,neutral,William B Magnarelli,assembly
2023-12-09,2000.0,Healthspace Services LLC,hospital_health_system_provider,neutral,Gustavo Rivera,state_senate
2024-10-16,2000.0,Healthcare Association of New York State (HANYS),industry_association,unknown,Iwen Chu,state_senate
2023-09-11,2000.0,Eli Lilly,pharma,neutral,Mark C. Walczyk,state_senate
2026-01-07,2000.0,Coalition of Asian-American Independent Practice Associations,industry_association,unknown,Jen Lunsford,assembly
2023-07-11,2000.0,Shore View Nursing and Rehabilitation Center,post_acute_long_term_care,neutral,Kathleen C. Hochul,governor
2021-11-17,2000.0,New York State Dental Association PAC (NYSDAPAC),industry_association,unknown,Sean Ryan,state_senate
2026-03-12,2000.0,Niagara Rehab and Nursing Center,post_acute_long_term_care,neutral,Bruce  Blakeman,governor
2021-10-23,2000.0,New York State Society of Anesthesiologists,industry_association,neutral,Kathleen C. Hochul,governor
2022-03-11,2000.0,Pharmacists Society of the State of New York,industry_association,unknown,Gustavo Rivera,state_senate
2026-03-02,2000.0,Coalition of Asian-American Independent Practice Associations,industry_association,unknown,Grace Lee,state_senate
2023-06-02,2000.0,Healthcare Association of New York State (HANYS),industry_association,unknown,Gustavo Rivera,state_senate
2024-11-22,2000.0,Coalition of Asian-American Independent Practice Associations,industry_association,unknown,Michelle Hinchey,state_senate
2025-05-20,2000.0,Coalition of Asian-American Independent Practice Associations,industry_association,unknown,Michelle Hinchey,state_senate
2025-12-03,2000.0,Park Nursing Home,post_acute_long_term_care,neutral,Kathleen C. Hochul,governor
2023-03-01,2000.0,Elevance,health_insurer,neutral,Andrew Gounardes,state_senate
2024-03-13,2000.0,Healthcare Association of New York State (HANYS),industry_association,unknown,David I Weprin,assembly
2021-03-11,2000.0,Healthcare Association of New York State (HANYS),industry_association,unknown,Gustavo Rivera,state_senate
2025-05-05,2000.0,NY Assn. of Nurse Anesthetists,industry_association,neutral,Alicia A. Hyndman,assembly
2020-01-07,2000.0,New York State Dental Association PAC (NYSDAPAC),industry_association,unknown,Andrew Gounardes,state_senate
2020-02-24,2000.0,New York State Dental Association PAC (NYSDAPAC),industry_association,unknown,Andrew Gounardes,state_senate
2026-01-31,2000.0,New York State Dental Association PAC (NYSDAPAC),industry_association,neutral,Toby Ann Stavisky,state_senate
2022-04-23,2000.0,Empire Adult Day Care Center Inc,adult_day_care,neutral,Thomas R. Suozzi,governor
2024-05-13,2000.0,Cigna,health_insurer,neutral,Sean Ryan,state_senate
2021-06-07,2000.0,United Healthcare / UnitedHealth Group (UHC/UHG),health_insurer,neutral,Carl Heastie,assembly
2025-11-20,2000.0,Coalition of Asian-American Independent Practice Associations,industry_association,unknown,Edward C Braunstein,assembly
2022-05-19,2000.0,Latina Medical Office PC,hospital_health_system_provider,neutral,Thomas R. Suozzi,governor
2020-10-19,2000.0,Committee for Medical Eye Care,industry_association,neutral,Toby Ann Stavisky,state_senate
2025-03-28,2000.0,New York State Society of Anesthesiologists,industry_association,unknown,Toby Ann Stavisky,state_senate
2026-03-12,2000.0,New York State Society of Anesthesiologists,industry_association,unknown,Toby Ann Stavisky,state_senate
2025-07-11,2000.0,Morningside Nursing and Rehabilitation,post_acute_long_term_care,neutral,Kathleen C. Hochul,governor
2024-02-02,2000.0,Coalition of Asian-American Independent Practice Associations,industry_association,unknown,Jen Lunsford,assembly
2026-01-07,2000.0,Coalition of Asian-American Independent Practice Associations,industry_association,unknown,Jen Lunsford,assembly
2024-07-11,2000.0,Medical Society of the State of New York,industry_association,neutral,Patricia A. Fahy,state_senate
2023-02-24,2000.0,Empire State Assn. of Assisted Living (ESAAL),industry_association,neutral,Amy Paulin,assembly
2023-07-11,2000.0,Carillon Nursing & Rehab Center,post_acute_long_term_care,neutral,Kathleen C. Hochul,governor
2022-01-14,2000.0,New York State Society of Anesthesiologists,industry_association,unknown,Carl Heastie,assembly
2023-07-11,2000.0,Brookhaven Rehabilitation and Health Car,post_acute_long_term_care,neutral,Kathleen C. Hochul,governor
2022-09-19,2000.0,Centene,health_insurer,neutral,Kathleen C. Hochul,governor
2024-10-22,2000.0,NYS Podiatric Assn.,industry_association,neutral,"Albert A Stirpe, Jr.",assembly
2025-12-03,2000.0,Rockaway Care Center,hospital_health_system_provider,neutral,Kathleen C. Hochul,governor
2022-10-31,2000.0,NY Assn. of Nurse Anesthetists,industry_association,neutral,Samra Brouk,state_senate
2024-10-29,2000.0,NYS Podiatric Assn.,industry_association,neutral,Christopher W. Eachus,assembly
2025-03-28,2000.0,Cigna,health_insurer,neutral,Amy Paulin,assembly
2023-07-11,2000.0,Bay Park Center for Nursing & Rehab,post_acute_long_term_care,neutral,Kathleen C. Hochul,governor
2024-02-01,2000.0,Merck,pharma,neutral,Gustavo Rivera,state_senate
2023-02-21,2000.0,Pharmacists Society of the State of New York,industry_association,unknown,Amy Paulin,assembly
2022-11-07,2000.0,New York State Dental Association PAC (NYSDAPAC),industry_association,unknown,Samra Brouk,state_senate
2023-07-11,2000.0,Sea Crest Nursing and Rehabilitation Center,post_acute_long_term_care,neutral,Kathleen C. Hochul,governor
2023-03-20,2000.0,Pharmacists Society of the State of New York,industry_association,unknown,Gustavo Rivera,state_senate
2022-10-31,2000.0,NY Assn. of Nurse Anesthetists,industry_association,neutral,Samra Brouk,state_senate
2022-02-28,2000.0,Committee for Medical Eye Care,industry_association,neutral,Deborah Glick,assembly
2024-10-15,2000.0,NYS Podiatric Assn.,industry_association,neutral,Stacey G. Pheffer Amato,assembly
2026-03-23,2000.0,Ledo Medical Rehabilitation PLLC,hospital_health_system_provider,neutral,Bruce  Blakeman,governor
2022-07-13,2000.0,Healthcare Association of New York State (HANYS),industry_association,unknown,Patrick M Gallivan,state_senate
2024-10-29,2000.0,Merck,pharma,neutral,Toby Ann Stavisky,state_senate
2023-06-08,2000.0,Cigna,health_insurer,neutral,Sean Ryan,state_senate
2025-05-05,2000.0,New York Chiropractic Pac,industry_association,neutral,Andrew Gounardes,state_senate
2022-09-12,2000.0,Cigna,health_insurer,neutral,Sean Ryan,state_senate
2022-05-24,2000.0,NY Chiropractic PAC,industry_association,neutral,Daniel J. O'Donnell,assembly
2024-10-29,2000.0,Elevance,health_insurer,neutral,Patricia A. Fahy,state_senate
2020-10-19,2000.0,Healthcare Association of New York State (HANYS),industry_association,unknown,Carl Heastie,assembly
2024-11-04,2000.0,Coalition of Asian-American Independent Practice Associations,industry_association,unknown,Patricia A. Fahy,state_senate
2022-09-12,2000.0,Sea Crest Dialysis Center,renal_dialysis,neutral,Kathleen C. Hochul,governor
2022-09-30,2000.0,Healthcare Association of New York State (HANYS),industry_association,unknown,Carl Heastie,assembly
2026-04-02,2000.0,Cigna,health_insurer,neutral,Carl Heastie,assembly
2025-07-11,2000.0,Shore View Nursing and Rehabilitation Center,post_acute_long_term_care,neutral,Kathleen C. Hochul,governor
2024-10-29,2000.0,NYS Podiatric Assn.,industry_association,neutral,Jen Lunsford,assembly
2023-03-07,2000.0,Elevance,health_insurer,neutral,Amy Paulin,assembly
2023-02-06,2000.0,New York State Dental Association PAC (NYSDAPAC),industry_association,unknown,Amy Paulin,assembly
2024-11-08,2000.0,NYS Podiatric Assn.,industry_association,neutral,Phara Souffrant Forrest,assembly
2024-01-09,2000.0,Merck,pharma,neutral,Carl Heastie,assembly
2025-12-03,2000.0,Brooklyn Gardens Nursing and Rehabilitat,post_acute_long_term_care,neutral,Kathleen C. Hochul,governor
2022-07-08,2000.0,District Council 37 (DC37),union,blocker,Latrice Walker,assembly
2024-02-23,2000.0,New York State Society of Anesthesiologists,industry_association,unknown,Andrew Gounardes,state_senate
2025-04-15,2000.0,New York State Dental Association PAC (NYSDAPAC),industry_association,neutral,Gustavo Rivera,state_senate
2021-11-26,2000.0,NY State Psychiatric PAC,industry_association,neutral,Kathleen C. Hochul,governor
2024-03-10,2000.0,Healthcare Association of New York State (HANYS),industry_association,unknown,David I Weprin,assembly
2022-03-01,2000.0,NY State Psychiatric PAC,industry_association,neutral,Kathleen C. Hochul,governor
2023-06-07,2000.0,Elevance,health_insurer,neutral,David I Weprin,assembly
2023-07-11,2000.0,Hillside Manor Rehabilitation and Extend,post_acute_long_term_care,neutral,Kathleen C. Hochul,governor
2021-08-23,2000.0,Merck,pharma,neutral,Alicia A. Hyndman,assembly
2024-05-22,2000.0,New York State Dental Association PAC (NYSDAPAC),industry_association,unknown,Samra Brouk,state_senate
2022-10-08,2000.0,Merck,pharma,neutral,Alicia A. Hyndman,assembly
2020-11-06,2000.0,American Assoc. of Orthopedic Surgeons,industry_association,neutral,Neil D Breslin,state_senate
2024-01-12,2000.0,Coalition of Asian-American Independent Practice Associations,industry_association,unknown,Samra Brouk,state_senate
2024-03-13,2000.0,Pharmacists Society of the State of New York,industry_association,unknown,Gustavo Rivera,state_senate
2023-07-11,2000.0,Morningside Nursing and Rehabilitation,post_acute_long_term_care,neutral,Kathleen C. Hochul,governor
2022-10-03,2000.0,Healthcare Association of New York State (HANYS),industry_association,unknown,Peter Harckham,state_senate
2026-04-27,2000.0,Cigna,health_insurer,neutral,Alicia A. Hyndman,assembly
2025-03-10,2000.0,New York State Dental Association PAC (NYSDAPAC),industry_association,neutral,Amy Paulin,assembly
2024-03-07,2000.0,Carezone Physical Therapy PC,hospital_health_system_provider,neutral,Ron Kim,assembly
2025-12-03,2000.0,Caton Park Nursing Home,post_acute_long_term_care,neutral,Kathleen C. Hochul,governor
2024-06-13,2000.0,Healthcare Association of New York State (HANYS),industry_association,unknown,Toby Ann Stavisky,state_senate
2024-10-31,2000.0,NYS Podiatric Assn.,industry_association,neutral,Harry Bronson,assembly
2025-11-17,2000.0,Empire State Assn. of Assisted Living (ESAAL),industry_association,unknown,Gustavo Rivera,state_senate
2023-08-04,2000.0,Healthcare Association of New York State (HANYS),industry_association,unknown,Patrick M Gallivan,state_senate
2020-04-23,2000.0,NY Chiropractic PAC,industry_association,neutral,Carl Heastie,assembly
2021-11-15,2000.0,NY State Psychiatric PAC,industry_association,neutral,Kathleen C. Hochul,governor
2025-05-05,2000.0,Shu's Dental PC,hospital_health_system_provider,neutral,Ron Kim,assembly
2025-07-11,2000.0,Peninsula Nursing & Rehabilitation Cente,post_acute_long_term_care,neutral,Kathleen C. Hochul,governor
2023-07-11,2000.0,Highland View Care Center LLC,hospital_health_system_provider,neutral,Kathleen C. Hochul,governor
2021-08-15,2000.0,Health Now Pac,industry_association,neutral,Patrick M Gallivan,state_senate
2026-03-13,2000.0,Pine Plains Pharmacy,pharmacy,neutral,Kathleen C. Hochul,governor
2025-11-06,2000.0,New York State Society of Anesthesiologists,industry_association,neutral,Crystal D Peoples,assembly
2026-04-27,2000.0,Committee for Medical Eye Care,industry_association,neutral,Alicia A. Hyndman,assembly
2024-04-22,2000.0,New York Chiropractic Pac,industry_association,neutral,Andrew Gounardes,state_senate
2023-06-23,2000.0,New York State Dental Association PAC (NYSDAPAC),industry_association,unknown,Sarah Hart Clark,assembly
2022-09-12,2000.0,Mills Pond Dialysis Center LLC,renal_dialysis,neutral,Kathleen C. Hochul,governor
2022-09-12,2000.0,Morningside Dialysis Center,renal_dialysis,neutral,Kathleen C. Hochul,governor
2025-03-31,2000.0,NY Assn. of Nurse Anesthetists,industry_association,neutral,Carl Heastie,assembly
2023-06-02,2000.0,New York State Society of PAs PAC,industry_association,neutral,Gustavo Rivera,state_senate
2022-09-12,2000.0,East Neck Nursing and Rehab Center,post_acute_long_term_care,neutral,Kathleen C. Hochul,governor
2024-10-15,2000.0,NYS Podiatric Assn.,industry_association,neutral,Sarah Hart Clark,assembly
2022-10-18,2000.0,Main Foot and Ankle Clinic LLC,hospital_health_system_provider,neutral,Andrew Gounardes,state_senate
2023-07-11,2000.0,Horizon Care Center,hospital_health_system_provider,neutral,Kathleen C. Hochul,governor
2022-09-12,2000.0,Workmens Circle Dialysis Management LLC,renal_dialysis,neutral,Kathleen C. Hochul,governor
2021-12-03,2000.0,Friends of Community Oncology PAC,industry_association,unknown,Lee Michael Zeldin,governor
2025-07-07,2000.0,NY Assn. of Nurse Anesthetists,industry_association,neutral,Toby Ann Stavisky,state_senate
2022-03-21,2000.0,Affiliate Adult Residents Care Inc,other_healthcare_related,neutral,Jumaane D. Williams,governor
2024-11-04,2000.0,NYS Podiatric Assn.,industry_association,neutral,Alicia A. Hyndman,assembly
2024-10-15,2000.0,Healthcare Association of New York State (HANYS),industry_association,unknown,Samra Brouk,state_senate
2025-12-03,2000.0,Hempstead Park Nursing Home,post_acute_long_term_care,neutral,Kathleen C. Hochul,governor
2022-05-18,2000.0,Healthcare Association of New York State (HANYS),industry_association,unknown,Patrick M Gallivan,state_senate
2021-04-27,2000.0,EmblemHealth,health_insurer,neutral,Peter Harckham,state_senate
2023-07-11,2000.0,Upper East Side Rehabilitation and Nursing,post_acute_long_term_care,neutral,Kathleen C. Hochul,governor
2021-06-11,2000.0,NY Assn. of Nurse Anesthetists,industry_association,neutral,Richard N Gottfried,assembly
2022-02-24,2000.0,MS Alam Medical Care PC,hospital_health_system_provider,neutral,Thomas R. Suozzi,governor
2026-04-01,2000.0,Merck,pharma,neutral,Edward P Ra,assembly
2024-09-24,2000.0,Healthcare Association of New York State (HANYS),industry_association,unknown,Edward C Braunstein,assembly
2023-03-21,2000.0,Healthcare Association of New York State (HANYS),industry_association,unknown,Amy Paulin,assembly
2025-12-01,2000.0,Long Island Surgical PLLC,hospital_health_system_provider,neutral,Kathleen C. Hochul,governor
2022-09-30,2000.0,Healthcare Association of New York State (HANYS),industry_association,unknown,Neil D Breslin,state_senate
2021-06-06,2000.0,New York State Dental Association PAC (NYSDAPAC),industry_association,unknown,Edward P Ra,assembly
2020-03-12,2000.0,Pharmacists Society of the State of New York,industry_association,unknown,Richard N Gottfried,assembly
2022-02-24,2000.0,Latina Medical Office PC,hospital_health_system_provider,neutral,Thomas R. Suozzi,governor
2020-05-28,2000.0,NY Chiropractic PAC,industry_association,neutral,Toby Ann Stavisky,state_senate
2021-05-28,2000.0,NY Chiropractic PAC,industry_association,neutral,Toby Ann Stavisky,state_senate
2023-04-21,2000.0,Healthcare Association of New York State (HANYS),industry_association,unknown,Gustavo Rivera,state_senate
2021-11-30,2000.0,NYS Podiatric Assn.,industry_association,neutral,Toby Ann Stavisky,state_senate
2020-03-03,2000.0,Medical Society of the State of New York,industry_association,neutral,Gustavo Rivera,state_senate
2022-03-11,2000.0,Elevance,health_insurer,neutral,Gustavo Rivera,state_senate
2021-12-03,2000.0,Eli Lilly,pharma,neutral,Crystal D Peoples,assembly
2021-10-11,2000.0,NYU Langone Health,hospital_health_system_provider,neutral,Kathleen C. Hochul,governor
2023-07-11,2000.0,Kingsway Arms Nursing Center,post_acute_long_term_care,neutral,Kathleen C. Hochul,governor
2021-07-16,2000.0,Friends of Community Oncology PAC,industry_association,unknown,Lee Michael Zeldin,governor
2023-05-12,2000.0,NY Assn. of Nurse Anesthetists,industry_association,neutral,Toby Ann Stavisky,state_senate
2022-05-19,2000.0,ZWH Medical Care PC,hospital_health_system_provider,neutral,Thomas R. Suozzi,governor
2022-09-30,2000.0,Healthcare Association of New York State (HANYS),industry_association,unknown,Amy Paulin,assembly
2024-10-28,2000.0,NYS Podiatric Assn.,industry_association,neutral,Angelo L Santabarbara,assembly
2023-07-11,2000.0,East Neck Nursing and Rehab Center,post_acute_long_term_care,neutral,Kathleen C. Hochul,governor
2025-07-11,2000.0,East Neck Nursing and Rehab Center,post_acute_long_term_care,neutral,Kathleen C. Hochul,governor
2021-06-22,2000.0,NY Assn. of Nurse Anesthetists,industry_association,neutral,Toby Ann Stavisky,state_senate
2022-04-11,2000.0,New York State Society of PAs PAC,industry_association,neutral,Kathleen C. Hochul,governor
2024-03-05,2000.0,Committee for Medical Eye Care,industry_association,neutral,Toby Ann Stavisky,state_senate
2024-11-01,2000.0,NYS Podiatric Assn.,industry_association,neutral,Donna A Lupardo,assembly
2022-03-01,2000.0,Union Plaza Nursing Home,post_acute_long_term_care,neutral,Kathleen C. Hochul,governor
2021-11-19,2000.0,United New York Ambulance Network (UNYAN),industry_association,neutral,Kathleen C. Hochul,governor
2026-01-11,2000.0,New York State Dental Association PAC (NYSDAPAC),industry_association,neutral,Gustavo Rivera,state_senate
2024-04-02,2000.0,Brookhaven Care Center LLC,hospital_health_system_provider,neutral,Stacey G. Pheffer Amato,assembly
2020-03-09,2000.0,Merck,pharma,neutral,Toby Ann Stavisky,state_senate
2025-07-11,2000.0,Upper East Side Rehabilitation and Nursing,post_acute_long_term_care,neutral,Kathleen C. Hochul,governor
2022-03-25,2000.0,NY Assn. of Nurse Anesthetists,industry_association,neutral,Toby Ann Stavisky,state_senate
2022-05-20,2000.0,NY Assn. of Nurse Anesthetists,industry_association,neutral,Toby Ann Stavisky,state_senate
2020-05-28,2000.0,Merck,pharma,neutral,Toby Ann Stavisky,state_senate
2020-10-30,2000.0,Leadingage New York Pac,industry_association,neutral,Susan J Serino,assembly
2025-03-31,2000.0,New York State Dental Association PAC (NYSDAPAC),industry_association,neutral,Alicia A. Hyndman,assembly
2022-09-26,2000.0,Immigrant Elder Home Care LLC,post_acute_long_term_care,neutral,Kathleen C. Hochul,governor
2021-11-13,2000.0,NY Chiropractic PAC,industry_association,neutral,Carl Heastie,assembly
2021-10-30,1800.0,New York State Dental Association PAC (NYSDAPAC),industry_association,neutral,Michael Gianaris,state_senate
2022-09-16,1800.0,Dr Moysik Medical PC,hospital_health_system_provider,neutral,Lee Michael Zeldin,governor
2021-10-30,1800.0,New York State Dental Association PAC (NYSDAPAC),industry_association,neutral,Michael Gianaris,assembly
2022-11-03,1800.0,New York State Dental Association PAC (NYSDAPAC),industry_association,unknown,James N. Tedisco,state_senate
2022-11-21,1800.0,NY Assn. of Nurse Anesthetists,industry_association,neutral,Jeremy Cooney,state_senate
2022-10-24,1785.03,Caring Majority Rising Action PAC,industry_association,neutral,Sarahana Shrestha,assembly
2022-09-19,1765.53,Caring Majority Rising Action PAC,industry_association,neutral,Michelle Hinchey,state_senate
2022-10-07,1765.53,Caring Majority Rising Action PAC,industry_association,neutral,Rachel May,state_senate
2020-09-23,1750.0,Healthcare Association of New York State (HANYS),industry_association,unknown,Monica R. Martinez,state_senate
2026-05-06,1750.0,New York State Dental Association PAC (NYSDAPAC),industry_association,neutral,Carrie Woerner,assembly
2024-03-11,1750.0,New York State Dental Association PAC (NYSDAPAC),industry_association,unknown,Toby Ann Stavisky,state_senate
2022-06-02,1700.0,Cigna,health_insurer,neutral,Kevin Cahill,assembly
2020-02-27,1700.0,New York State Dental Association PAC (NYSDAPAC),industry_association,neutral,Richard N Gottfried,assembly
2023-08-28,1611.16,Horizon Home Care Services Inc.,post_acute_long_term_care,neutral,Samuel Tzvi Berger,assembly
2023-08-28,1611.16,Horizon Home Care Services Inc.,post_acute_long_term_care,neutral,Samuel Tzvi Berger,assembly
2020-09-25,1600.0,"Visiting Nurses Association Of Cny, Inc",industry_association,neutral,Joseph A. Griffo,state_senate
2021-08-10,1600.0,Healthcare Association of New York State (HANYS),industry_association,unknown,Patrick M Gallivan,state_senate
2020-07-25,1500.0,Upstate Health Advocacy Project (UHAP),industry_association,neutral,Michael Gianaris,assembly
2020-10-16,1500.0,Healthcare Association of New York State (HANYS),industry_association,unknown,Andrew J Lanza,state_senate
2023-06-29,1500.0,Healthcare Association of New York State (HANYS),industry_association,unknown,Michael Gianaris,state_senate
2024-10-23,1500.0,Merck,pharma,neutral,Michael Gianaris,state_senate
2023-05-22,1500.0,Healthcare Association of New York State (HANYS),industry_association,unknown,Toby Ann Stavisky,state_senate
2026-04-08,1500.0,Empire State Assn. of Assisted Living (ESAAL),industry_association,unknown,William B Magnarelli,assembly
2025-04-23,1500.0,Empire State Assn. of Assisted Living (ESAAL),industry_association,unknown,William B Magnarelli,assembly
2024-10-29,1500.0,Healthcare Association of New York State (HANYS),industry_association,neutral,Andrew Gounardes,state_senate
2022-07-06,1500.0,IQBAL DENTAL GROUP,hospital_health_system_provider,neutral,Philip Ramos,assembly
2022-10-22,1500.0,Healthcare Association of New York State (HANYS),industry_association,unknown,Andrew J Lanza,state_senate
2024-06-18,1500.0,Healthcare Association of New York State (HANYS),industry_association,unknown,Andrew J Lanza,state_senate
2022-05-25,1500.0,Healthcare Association of New York State (HANYS),industry_association,unknown,Andrew J Lanza,state_senate
2024-09-10,1500.0,Molina Healthcare,health_insurer,neutral,Pamela Hunter,assembly
2022-08-10,1500.0,Merck,pharma,neutral,Michael Gianaris,state_senate
2026-04-02,1500.0,Coalition of Asian-American Independent Practice Associations,industry_association,unknown,William J Weber Jr.,state_senate
2024-10-29,1500.0,NYS Podiatric Assn.,industry_association,neutral,Paula Elaine Kay,assembly
2022-05-16,1500.0,New York State Dental Association PAC (NYSDAPAC),industry_association,unknown,Anna M. Kaplan,state_senate
2024-10-29,1500.0,NYS Podiatric Assn.,industry_association,neutral,Thomas J Schiavoni,assembly
2026-07-01,1500.0,Upstate Health Advocacy Project (UHAP),industry_association,neutral,Kathleen C. Hochul,governor
2022-05-05,1500.0,Washington Center for Rehabilitation and,post_acute_long_term_care,neutral,Kathleen C. Hochul,governor
2020-10-22,1500.0,Hudson Valley Medical Building LLC,hospital_health_system_provider,neutral,Rob P. Astorino,governor
2022-04-29,1500.0,Schenectady Center for Rehabilitation an,post_acute_long_term_care,neutral,Kathleen C. Hochul,governor
2021-12-15,1500.0,New York Oncology Hematology,hospital_health_system_provider,neutral,Kathleen C. Hochul,governor
2026-03-12,1500.0,Humboldt House Nursing and Rehab,post_acute_long_term_care,neutral,Bruce  Blakeman,governor
2023-06-23,1500.0,Healthcare Association of New York State (HANYS),industry_association,unknown,Michael Gianaris,state_senate
2022-01-13,1500.0,Coalition of Asian-American Independent Practice Associations,industry_association,unknown,Michael Gianaris,state_senate
2022-05-05,1500.0,NY Assn. of Nurse Anesthetists,industry_association,neutral,Sarah Hart Clark,assembly
2022-10-14,1500.0,Coalition of Asian-American Independent Practice Associations,industry_association,unknown,Toby Ann Stavisky,state_senate
2020-07-07,1500.0,Pharmacists Society of the State of New York,industry_association,unknown,Michael Gianaris,assembly
2025-05-19,1500.0,New York Emergency Medicine,industry_association,neutral,Michael Gianaris,assembly
2024-10-08,1500.0,United Healthcare / UnitedHealth Group (UHC/UHG),health_insurer,neutral,Michael Gianaris,assembly
2024-11-21,1500.0,Merck,pharma,neutral,Jamaal T. Bailey,state_senate
2025-04-24,1500.0,Healthcare Association of New York State (HANYS),industry_association,unknown,Patricia A. Fahy,state_senate
2025-05-30,1500.0,New York State Society of Anesthesiologists,industry_association,unknown,Patricia A. Fahy,state_senate
2026-03-10,1500.0,NY Assn. of Nurse Anesthetists,industry_association,neutral,Patricia A. Fahy,state_senate
2024-02-02,1500.0,NYS Podiatric Assn.,industry_association,neutral,J. Garry Pretlow,assembly
2024-10-26,1500.0,NY State Psychiatric PAC,industry_association,neutral,Patricia A. Fahy,state_senate
2023-05-05,1500.0,Pharmacists Society of the State of New York,industry_association,unknown,Neil D Breslin,state_senate
2024-04-02,1500.0,Healthcare Association of New York State (HANYS),industry_association,unknown,Erik Martin Dilan,assembly
2020-05-08,1500.0,Merck,pharma,neutral,Michael Gianaris,state_senate
2022-10-19,1500.0,Healthcare Association of New York State (HANYS),industry_association,unknown,Rachel May,state_senate
2020-10-22,1500.0,Hudson Valley Medical Building LLC,hospital_health_system_provider,neutral,Rob P. Astorino,state_senate
2020-03-12,1500.0,Elevance,health_insurer,neutral,Neil D Breslin,state_senate
2023-06-01,1500.0,Healthcare Association of New York State (HANYS),industry_association,unknown,Neil D Breslin,state_senate
2023-06-22,1500.0,Healthcare Association of New York State (HANYS),industry_association,unknown,Liz Krueger,state_senate
2025-05-19,1500.0,New York Emergency Medicine,industry_association,neutral,Michael Gianaris,state_senate
2020-07-07,1500.0,Pharmacists Society of the State of New York,industry_association,unknown,Michael Gianaris,state_senate
2020-07-25,1500.0,Upstate Health Advocacy Project (UHAP),industry_association,neutral,Michael Gianaris,state_senate
2020-09-15,1500.0,United Healthcare / UnitedHealth Group (UHC/UHG),health_insurer,neutral,Michael Gianaris,state_senate
2024-10-08,1500.0,United Healthcare / UnitedHealth Group (UHC/UHG),health_insurer,neutral,Michael Gianaris,state_senate
2022-01-19,1500.0,Fiorello Pharmaceuticals Inc.,pharma,neutral,Kathleen C. Hochul,governor
2022-01-11,1500.0,Healthcare Association of New York State (HANYS),industry_association,neutral,Andrew Gounardes,state_senate
2024-03-23,1500.0,NYS Podiatric Assn.,industry_association,neutral,Carl Heastie,assembly
2026-04-02,1500.0,Healthcare Association of New York State (HANYS),industry_association,neutral,Toby Ann Stavisky,state_senate
2024-05-20,1500.0,New York State Dental Association PAC (NYSDAPAC),industry_association,neutral,Taylor Darling,state_senate
2022-10-25,1500.0,Healthcare Association of New York State (HANYS),industry_association,unknown,Elijah Reichlin-Melnick,state_senate
2024-02-21,1500.0,New York State Dental Association PAC (NYSDAPAC),industry_association,unknown,Taylor Darling,state_senate
2024-06-23,1500.0,District Council 37 (DC37),union,blocker,Taylor Darling,state_senate
2022-09-23,1500.0,Morningside Nursing and Rehab Center,post_acute_long_term_care,neutral,Alec Brook-Krasny,assembly
2026-03-24,1500.0,Merck,pharma,neutral,Edward C Braunstein,assembly
2025-10-02,1500.0,Healthcare Association of New York State (HANYS),industry_association,unknown,Crystal D Peoples,assembly
2023-12-05,1500.0,Healthcare Association of New York State (HANYS),industry_association,unknown,Crystal D Peoples,assembly
2023-09-18,1500.0,Healthcare Association of New York State (HANYS),industry_association,unknown,Carl Heastie,assembly
2020-12-03,1500.0,Committee for Medical Eye Care,industry_association,neutral,Deborah Glick,assembly
2026-03-12,1500.0,NY Radiological Society,industry_association,neutral,Toby Ann Stavisky,state_senate
2020-09-23,1500.0,Healthcare Association of New York State (HANYS),industry_association,unknown,Charles D Lavine,assembly
2024-05-24,1500.0,Healthcare Association of New York State (HANYS),industry_association,unknown,Demond Meeks,assembly
2022-09-30,1500.0,Healthcare Association of New York State (HANYS),industry_association,unknown,Patrick M Gallivan,state_senate
2021-10-20,1500.0,Elevance,health_insurer,neutral,Carrie Woerner,assembly
2024-07-28,1500.0,Healthcare Association of New York State (HANYS),industry_association,unknown,Carl Heastie,assembly
2026-06-22,1500.0,NY Chiropractic PAC,industry_association,neutral,Toby Ann Stavisky,state_senate
2024-10-21,1500.0,United Healthcare / UnitedHealth Group (UHC/UHG),health_insurer,neutral,Carl Heastie,assembly
2025-03-20,1500.0,New York Emergency Medicine,industry_association,neutral,Carl Heastie,assembly
2022-05-02,1500.0,New York State Dental Association PAC (NYSDAPAC),industry_association,neutral,Donna A Lupardo,assembly
2022-10-24,1500.0,Healthcare Association of New York State (HANYS),industry_association,unknown,Toby Ann Stavisky,state_senate
2020-09-28,1500.0,Elevance,health_insurer,neutral,Thomas F O'Mara,state_senate
2021-06-07,1500.0,Buffalo Pharmacies Inc,pharmacy,neutral,"Edward A. Rath, Iii",state_senate
2025-10-16,1500.0,Healthcare Association of New York State (HANYS),industry_association,unknown,Christopher J. Ryan,state_senate
2021-07-15,1500.0,Elevance,health_insurer,neutral,Andrew Gounardes,state_senate
2020-08-11,1500.0,New York State Dental Association PAC (NYSDAPAC),industry_association,neutral,William A. Barclay,assembly
2022-09-30,1500.0,Alhadded Physician Services PLLC,hospital_health_system_provider,neutral,Andrew Gounardes,state_senate
2023-07-13,1500.0,Coalition of Asian-American Independent Practice Associations,industry_association,neutral,Andrew Gounardes,state_senate
2023-09-22,1500.0,Coalition of Asian-American Independent Practice Associations,industry_association,neutral,Andrew Gounardes,state_senate
2022-09-30,1500.0,Canaan Pharmacy INC,pharmacy,neutral,Andrew Gounardes,state_senate
2024-07-08,1500.0,Coalition of Asian-American Independent Practice Associations,industry_association,unknown,Nathalia Fernandez,state_senate
2022-11-07,1500.0,First District Dental Society Political,industry_association,neutral,Grace Lee,assembly
2022-05-20,1500.0,Health Plan Association (HPA) PAC,industry_association,neutral,Andrew D Hevesi,assembly
2022-08-12,1500.0,Pharmacists Society of the State of New York,industry_association,unknown,Nathalia Fernandez,state_senate
2022-09-20,1500.0,Pfizer,pharma,unknown,Elijah Reichlin-Melnick,state_senate
2020-05-18,1500.0,Beverley's Home Health Care Inc.,post_acute_long_term_care,neutral,Hiram Monserrate,assembly
2022-04-05,1500.0,New York State Society of Anesthesiologists,industry_association,neutral,Vivian E Cook,assembly
2026-02-13,1500.0,Coalition of Asian-American Independent Practice Associations,industry_association,unknown,Christopher J. Ryan,state_senate
2020-09-28,1500.0,Elevance,health_insurer,neutral,Thomas F O'Mara,assembly
2022-10-03,1500.0,Healthcare Association of New York State (HANYS),industry_association,unknown,William A. Barclay,assembly
2020-01-27,1500.0,NY Radiological Society,industry_association,neutral,Andrea Stewart-Cousins,state_senate
2022-05-21,1500.0,NY Radiological Society,industry_association,neutral,Andrea Stewart-Cousins,state_senate
2020-03-13,1500.0,Elevance,health_insurer,neutral,William A. Barclay,assembly
2024-07-08,1500.0,Healthcare Association of New York State (HANYS),industry_association,unknown,William A. Barclay,assembly
2020-09-22,1500.0,Elevance,health_insurer,neutral,Frederick J. Akshar,state_senate
2025-02-14,1500.0,New York Emergency Medicine,industry_association,neutral,Andrea Stewart-Cousins,state_senate
2026-05-14,1500.0,ACADIA Pharmaceuticals,pharma,neutral,John T. Mcdonald III,assembly
2025-05-08,1500.0,Elevance,health_insurer,neutral,Christopher J. Ryan,state_senate
2022-10-19,1500.0,Healthcare Association of New York State (HANYS),industry_association,unknown,James Skoufis,state_senate
2026-05-11,1500.0,Elevance,health_insurer,neutral,Erik Bottcher,state_senate
2020-09-15,1500.0,United Healthcare / UnitedHealth Group (UHC/UHG),health_insurer,neutral,Michael Gianaris,assembly
2025-04-22,1500.0,Health Care Providers PAC,industry_association,neutral,Amy Paulin,assembly
2024-03-22,1500.0,New York State Society of Anesthesiologists,industry_association,neutral,Gustavo Rivera,state_senate
2023-09-22,1500.0,New York State Dental Association PAC (NYSDAPAC),industry_association,unknown,James Skoufis,state_senate
2020-07-01,1500.0,New York State Dental Association PAC (NYSDAPAC),industry_association,unknown,Sean Ryan,state_senate
2023-03-08,1500.0,Pharmacists Society of the State of New York,industry_association,unknown,Jessica Scarcella-Spanton,state_senate
2020-11-02,1500.0,New York State Dental Association PAC (NYSDAPAC),industry_association,neutral,Anthony H. Palumbo,state_senate
2022-07-06,1500.0,IQBAL DENTAL GROUP,hospital_health_system_provider,neutral,Philip Ramos,state_senate
2020-09-23,1500.0,Healthcare Association of New York State (HANYS),industry_association,unknown,Michael J Cusick,assembly
2023-11-29,1500.0,Healthcare Association of New York State (HANYS),industry_association,unknown,Sean Ryan,state_senate
2022-10-03,1500.0,Healthcare Association of New York State (HANYS),industry_association,unknown,Anthony H. Palumbo,state_senate
2021-10-08,1500.0,Pharmacists Society of the State of New York,industry_association,unknown,Diane J Savino,state_senate
2024-02-24,1500.0,New York Emergency Medicine,industry_association,neutral,Catalina Cruz,assembly
2022-08-25,1500.0,Merck,pharma,neutral,Amy Paulin,assembly
2021-04-19,1500.0,New York State Dental Association PAC (NYSDAPAC),industry_association,unknown,James N. Tedisco,state_senate
2024-10-23,1500.0,Merck,pharma,neutral,Brad M Hoylman-Sigal,state_senate
2024-11-27,1500.0,Merck,pharma,neutral,Brad M Hoylman-Sigal,state_senate
2020-11-02,1500.0,New York State Dental Association PAC (NYSDAPAC),industry_association,unknown,James N. Tedisco,state_senate
2022-03-30,1500.0,NY Radiological Society,industry_association,neutral,Gustavo Rivera,state_senate
2021-06-18,1500.0,NY Radiological Society,industry_association,neutral,Gustavo Rivera,state_senate
2026-06-16,1500.0,Healthcare Association of New York State (HANYS),industry_association,unknown,Jessica Scarcella-Spanton,state_senate
2022-12-08,1500.0,NY State Psychiatric PAC,industry_association,neutral,Samra Brouk,state_senate
2025-04-07,1500.0,"Just Kids Diagnostic & Treatment Center,",imaging_diagnostics,neutral,Amy Paulin,assembly
2026-04-03,1500.0,NY Assn. of Nurse Anesthetists,industry_association,neutral,Amy Paulin,assembly
2025-03-28,1500.0,NY Assn. of Nurse Anesthetists,industry_association,neutral,Amy Paulin,assembly
2024-06-29,1500.0,Healthcare Association of New York State (HANYS),industry_association,unknown,Anthony H. Palumbo,state_senate
2025-07-30,1500.0,Eli Lilly,pharma,neutral,Pamela A Helming,state_senate
2025-07-08,1500.0,Healthcare Association of New York State (HANYS),industry_association,unknown,Pamela A Helming,state_senate
2024-03-11,1500.0,Elevance,health_insurer,neutral,Peter Harckham,state_senate
2024-05-06,1500.0,NYS Optometric Association PAC,industry_association,neutral,Amy Paulin,assembly
2020-09-04,1500.0,"Western New York MRI, LLP",imaging_diagnostics,neutral,Timothy M Kennedy,state_senate
2024-02-12,1500.0,New York State Society of Anesthesiologists,industry_association,neutral,Samra Brouk,state_senate
2024-10-10,1500.0,Pharmacists Society of the State of New York,industry_association,unknown,James Skoufis,state_senate
2023-08-22,1500.0,New York State Dental Association PAC (NYSDAPAC),industry_association,unknown,Peter Harckham,state_senate
2023-04-06,1500.0,Pharmacists Society of the State of New York,industry_association,unknown,Jeffrey Dinowitz,assembly
2024-05-10,1500.0,Coalition of Asian-American Independent Practice Associations,industry_association,unknown,Iwen Chu,state_senate
2022-06-24,1500.0,Monaghan Medical Corp,hospital_health_system_provider,neutral,Daniel G. Stec,state_senate
2025-06-16,1500.0,Elevance,health_insurer,neutral,Amy Paulin,assembly
2022-08-29,1500.0,District Council 37 (DC37),union,blocker,Robert Jackson,state_senate
2024-02-08,1500.0,Bristol Myers Squibb,pharma,neutral,Amy Paulin,assembly
2026-04-28,1500.0,Healthcare Association of New York State (HANYS),industry_association,unknown,James Skoufis,state_senate
2023-03-19,1500.0,Healthcare Association of New York State (HANYS),industry_association,unknown,Peter Harckham,state_senate
2023-05-19,1500.0,Monaghan Medical Corp,hospital_health_system_provider,neutral,Daniel G. Stec,state_senate
2024-06-10,1500.0,Committee for Medical Eye Care,industry_association,neutral,Gustavo Rivera,state_senate
2024-10-31,1500.0,NYS Podiatric Assn.,industry_association,neutral,Christopher M McCreight,assembly
2020-07-10,1500.0,Healthcare Association of New York State (HANYS),industry_association,unknown,Pamela A Helming,state_senate
2021-06-27,1500.0,Healthcare Association of New York State (HANYS),industry_association,unknown,Pamela A Helming,state_senate
2025-01-16,1500.0,Pharmacy PAC NYS,industry_association,neutral,Siela A Bynoe,state_senate
2026-04-20,1500.0,United New York Ambulance Network (UNYAN),industry_association,neutral,James Skoufis,state_senate
2022-07-18,1500.0,Healthcare Association of New York State (HANYS),industry_association,unknown,Pamela A Helming,state_senate
2021-07-08,1500.0,EmblemHealth,health_insurer,neutral,Rodneyse Bichotte,assembly
2020-09-26,1500.0,Healthcare Association of New York State (HANYS),industry_association,neutral,Diane J Savino,state_senate
2021-10-26,1500.0,Pharmacists Society of the State of New York,industry_association,unknown,Gustavo Rivera,state_senate
2025-05-05,1500.0,Maplewood Nursing Home Inc,post_acute_long_term_care,neutral,Gustavo Rivera,state_senate
2026-06-11,1500.0,United New York Ambulance Network (UNYAN),industry_association,neutral,Jeremy Zellner,state_senate
2024-06-26,1500.0,Healthcare Association of New York State (HANYS),industry_association,unknown,Michaelle C. Solages,assembly
2024-02-25,1500.0,Elevance,health_insurer,neutral,Michaelle C. Solages,assembly
2025-04-11,1500.0,Elevance,health_insurer,neutral,Michaelle C. Solages,assembly
2025-05-15,1500.0,Elevance,health_insurer,neutral,Michaelle C. Solages,assembly
2020-05-08,1500.0,Merck,pharma,neutral,Michael Gianaris,assembly
2024-10-23,1500.0,Merck,pharma,neutral,Michael Gianaris,assembly
2023-06-29,1500.0,Healthcare Association of New York State (HANYS),industry_association,unknown,Michael Gianaris,assembly
2023-06-23,1500.0,Healthcare Association of New York State (HANYS),industry_association,unknown,Michael Gianaris,assembly
2022-01-11,1500.0,Healthcare Association of New York State (HANYS),industry_association,unknown,Jeremy Cooney,state_senate
2022-01-13,1500.0,Coalition of Asian-American Independent Practice Associations,industry_association,unknown,Michael Gianaris,assembly
2021-11-22,1500.0,New York State Dental Association PAC (NYSDAPAC),industry_association,unknown,James N. Tedisco,state_senate
2022-03-11,1500.0,District Council 37 (DC37),union,blocker,Kevin S Parker,state_senate
2020-02-22,1500.0,Elevance,health_insurer,neutral,Kevin Cahill,assembly
2024-10-29,1500.0,NYS Podiatric Assn.,industry_association,neutral,Rebecca  Kassay,assembly
2020-09-23,1500.0,Healthcare Association of New York State (HANYS),industry_association,unknown,Kevin Thomas,state_senate
2022-08-10,1500.0,Merck,pharma,neutral,Michael Gianaris,assembly
2023-03-29,1500.0,Elevance,health_insurer,neutral,Nily D Rozic,assembly
2026-05-06,1500.0,Elevance,health_insurer,neutral,Nily D Rozic,assembly
2022-10-17,1500.0,Coalition of Asian-American Independent Practice Associations,industry_association,unknown,Jamaal T. Bailey,state_senate
2023-08-10,1500.0,Family Eye Care Opthalmology PC,hospital_health_system_provider,neutral,Nikki Lucas,assembly
2025-04-17,1500.0,Coalition of Asian-American Independent Practice Associations,industry_association,unknown,April Nicole Mccants-Baskin,state_senate
2023-09-24,1500.0,District Council 37 (DC37),union,blocker,Samuel Tzvi Berger,assembly
2025-12-22,1500.0,Coalition of Asian-American Independent Practice Associations,industry_association,unknown,April Nicole Mccants-Baskin,state_senate
2025-03-04,1500.0,Healthcare Association of New York State (HANYS),industry_association,unknown,Michaelle C. Solages,assembly
2023-10-24,1500.0,District Council 37 (DC37),union,blocker,Kevin S Parker,state_senate
2023-08-15,1500.0,New York State Dental Association PAC (NYSDAPAC),industry_association,neutral,Iwen Chu,state_senate
2022-03-30,1500.0,New York Emergency Medicine,industry_association,neutral,Gustavo Rivera,state_senate
2023-05-09,1500.0,Tottenville Medical Pavillion PLLC,hospital_health_system_provider,neutral,Charles D Fall,assembly
2022-09-30,1500.0,Healthcare Association of New York State (HANYS),industry_association,unknown,Robert G Ortt,state_senate
2024-02-12,1500.0,New York State Society of Anesthesiologists,industry_association,unknown,Sean Ryan,state_senate
2020-10-01,1500.0,Healthcare Association of New York State (HANYS),industry_association,unknown,Gustavo Rivera,state_senate
2024-10-29,1500.0,NYS Podiatric Assn.,industry_association,neutral,Patrick J Carroll,assembly
2020-10-17,1500.0,New York State Dental Association PAC (NYSDAPAC),industry_association,unknown,Michelle Hinchey,state_senate
2023-04-17,1500.0,Elevance,health_insurer,neutral,Steven D. Rhoads,state_senate
2023-04-06,1500.0,Pharmacists Society of the State of New York,industry_association,unknown,Rebecca A. Seawright,assembly
2020-01-07,1500.0,Brooklyn Village Adult Day Care,adult_day_care,neutral,John C Liu,state_senate
2024-05-02,1500.0,New York State Society of Anesthesiologists,industry_association,unknown,Sean Ryan,state_senate
2024-06-24,1500.0,Healthcare Association of New York State (HANYS),industry_association,unknown,Jack M. Martins,state_senate
2024-02-20,1500.0,New York State Society of Anesthesiologists,industry_association,unknown,Shelley Mayer,state_senate
2025-11-12,1500.0,Healthcare Association of New York State (HANYS),industry_association,unknown,Samra Brouk,state_senate
2021-12-03,1500.0,District Council 37 (DC37),union,blocker,Catalina Cruz,assembly
2024-06-18,1500.0,Healthcare Association of New York State (HANYS),industry_association,unknown,Robert G Ortt,state_senate
2024-11-08,1500.0,Merck,pharma,neutral,Philip A. Palmesano,assembly
2020-10-26,1500.0,Merck,pharma,neutral,Gustavo Rivera,state_senate
2022-08-16,1500.0,Merck,pharma,neutral,Gustavo Rivera,state_senate
2024-06-20,1500.0,Healthcare Association of New York State (HANYS),industry_association,unknown,Steven D. Rhoads,state_senate
2023-04-11,1500.0,Healthcare Association of New York State (HANYS),industry_association,unknown,Robert G Ortt,state_senate
2021-07-10,1500.0,New York Emergency Medicine,industry_association,neutral,Gustavo Rivera,state_senate
2023-05-06,1500.0,Elevance,health_insurer,neutral,John W. Mannion,state_senate
2026-06-23,1400.0,Healthcare Association of New York State (HANYS),industry_association,unknown,Pamela A Helming,state_senate
2021-06-27,1400.0,East Hill Family Medical Inc,hospital_health_system_provider,neutral,Pamela A Helming,state_senate
2023-08-29,1388.0,Horizon Home Care Services Inc.,post_acute_long_term_care,neutral,Samuel Tzvi Berger,assembly
2022-10-17,1300.0,Healthcare Association of New York State (HANYS),industry_association,neutral,Andrea Stewart-Cousins,state_senate
2022-06-02,1300.0,Cigna,health_insurer,neutral,Kevin Cahill,assembly
2021-10-06,1250.0,Absolut Center for Nursing & Rehbilitati,hospital_health_system_provider,neutral,Kathleen C. Hochul,governor
2025-06-04,1250.0,The Emerald Peek Rehabilitation and Nurs,post_acute_long_term_care,neutral,"Leroy G Comrie, Jr.",state_senate
2025-05-25,1250.0,Kimon Bekelis Physician PC,hospital_health_system_provider,neutral,Michaelle C. Solages,assembly
2021-10-06,1250.0,Rca Healthcare Management LLC,hospital_health_system_provider,neutral,Kathleen C. Hochul,governor
2021-10-06,1250.0,Absolut Center for Nursing & Rehabilitat,post_acute_long_term_care,neutral,Kathleen C. Hochul,governor
2020-06-25,1250.0,Buffalo Pharmacies Inc,pharmacy,neutral,"Edward A. Rath, Iii",state_senate
2021-10-06,1250.0,Absolut Center for Nursing & Rehabilitat,post_acute_long_term_care,neutral,Kathleen C. Hochul,governor
2021-10-06,1250.0,Absolut Center for Nursing & Rehabilitat,post_acute_long_term_care,neutral,Kathleen C. Hochul,governor
2024-04-30,1250.0,"Independent Health Care Services, Inc",hospital_health_system_provider,neutral,"Albert A Stirpe, Jr.",state_senate
2024-04-30,1250.0,"Independent Health Care Services, Inc",hospital_health_system_provider,neutral,"Albert A Stirpe, Jr.",assembly
2021-11-22,1250.0,Eastern Niagara Radiology Associates PC,imaging_diagnostics,neutral,Kathleen C. Hochul,governor
2024-06-17,1250.0,Healthcare Association of New York State (HANYS),industry_association,unknown,Peter Harckham,state_senate
2020-10-25,1250.0,Medical Society of the State of New York,industry_association,neutral,Carl Heastie,assembly
2024-11-07,1250.0,Healthcare Association of New York State (HANYS),industry_association,unknown,Crystal D Peoples,assembly
2021-10-06,1250.0,Absolut Center for Nursing & Rehabilitat,post_acute_long_term_care,neutral,Kathleen C. Hochul,governor
2026-05-28,1200.0,"Nunn's Hospital Supplies, Inc.",other_healthcare_related,neutral,Joseph A. Griffo,state_senate
2024-05-30,1200.0,"Independent Health Care Services, Inc",hospital_health_system_provider,neutral,Joseph A. Griffo,state_senate
2026-03-02,1200.0,Brooklyn Adult Care Center,other_healthcare_related,neutral,Jessica Ramos,state_senate
2020-10-27,1200.0,Healthcare Association of New York State (HANYS),industry_association,unknown,Carl Heastie,assembly
2023-06-13,1200.0,Nascentia Health Options,hospital_health_system_provider,neutral,Joseph A. Griffo,state_senate
2026-06-30,1200.0,"Independent Health Care Services, Inc",hospital_health_system_provider,neutral,Joseph A. Griffo,state_senate
2026-02-27,1200.0,QACC ALP Home Care LLC,post_acute_long_term_care,neutral,Jessica Ramos,state_senate
2025-08-08,1200.0,Healthcare Association of New York State (HANYS),industry_association,neutral,Daniel G. Stec,state_senate
2024-08-08,1200.0,Healthcare Association of New York State (HANYS),industry_association,unknown,Daniel G. Stec,state_senate
2021-08-03,1200.0,Brighton Eggert Pharmacy,pharmacy,unknown,"Edward A. Rath, Iii",state_senate
2022-06-24,1200.0,Healthcare Association of New York State (HANYS),industry_association,unknown,Daniel G. Stec,state_senate
2023-08-01,1200.0,Healthcare Association of New York State (HANYS),industry_association,unknown,Daniel G. Stec,state_senate
2020-11-02,1200.0,Healthcare Association of New York State (HANYS),industry_association,unknown,Rebecca A. Seawright,assembly
2022-03-29,1200.0,Pharmacists Society of the State of New York,industry_association,unknown,John T. Mcdonald III,assembly
2026-06-29,1200.0,The Eden Center For Integrative Care LLC,other_healthcare_related,neutral,Daniel G. Stec,state_senate
2022-07-11,1200.0,"Independent Health Care Services, Inc",hospital_health_system_provider,neutral,Daniel G. Stec,state_senate
2022-06-24,1140.41,Medical Society of the State of New York,industry_association,neutral,Andrea Stewart-Cousins,state_senate
2022-05-11,1118.13,NY State Psychiatric PAC,industry_association,neutral,Deborah Glick,assembly
2023-09-27,1001.0,"Spinal Pain & Rehab Medical, P.C.",hospital_health_system_provider,neutral,Nader J. Sayegh,assembly
2022-08-15,1000.0,Merck,pharma,neutral,Kevin S Parker,state_senate
2020-10-22,1000.0,Pharmacists Society of the State of New York,industry_association,unknown,Monica R. Martinez,state_senate
2022-11-11,1000.0,Coalition of Asian-American Independent Practice Associations,industry_association,unknown,Kevin Thomas,state_senate
2025-04-04,1000.0,NY State Psychiatric PAC,industry_association,neutral,Toby Ann Stavisky,state_senate
2022-11-02,1000.0,Merck,pharma,neutral,Thomas F O'Mara,state_senate
2020-02-28,1000.0,New York State Farm Association,industry_association,neutral,Kevin S Parker,state_senate
2025-11-26,1000.0,Pharmacists Society of the State of New York,industry_association,neutral,Toby Ann Stavisky,state_senate
2023-08-09,1000.0,New York State Dental Association PAC (NYSDAPAC),industry_association,neutral,Thomas F O'Mara,state_senate
2022-04-28,1000.0,New York State Dental Association PAC (NYSDAPAC),industry_association,unknown,Thomas F O'Mara,state_senate
2021-05-11,1000.0,Baxter Healthcare Corporation,medical_device,neutral,Kevin Thomas,state_senate
2023-04-25,1000.0,Baxter Healthcare Corporation,medical_device,neutral,Kevin Thomas,state_senate
2025-06-10,1000.0,Committee for Medical Eye Care,industry_association,neutral,Toby Ann Stavisky,state_senate
2026-03-12,1000.0,Pharmacists Society of the State of New York,industry_association,neutral,Toby Ann Stavisky,state_senate
2026-06-22,1000.0,New York State Dental Association PAC (NYSDAPAC),industry_association,neutral,Toby Ann Stavisky,state_senate
2020-01-13,1000.0,New York State Dental Association PAC (NYSDAPAC),industry_association,unknown,Kevin Thomas,state_senate
2026-03-04,1000.0,Committee for Medical Eye Care,industry_association,neutral,Toby Ann Stavisky,state_senate
2025-03-11,1000.0,Committee for Medical Eye Care,industry_association,neutral,Toby Ann Stavisky,state_senate
2025-03-28,1000.0,Healthcare Association of New York State (HANYS),industry_association,neutral,Toby Ann Stavisky,state_senate
2022-01-11,1000.0,Healthcare Association of New York State (HANYS),industry_association,neutral,Kevin Thomas,state_senate
2024-03-22,1000.0,Elevance,health_insurer,neutral,Thomas F O'Mara,state_senate
2024-11-25,1000.0,Medical Society of the State of New York,industry_association,neutral,Toby Ann Stavisky,state_senate
2020-01-14,1000.0,Northwell Health,hospital_health_system_provider,neutral,Kevin Thomas,state_senate
2021-07-08,1000.0,Northwell Health,hospital_health_system_provider,neutral,Kevin Thomas,state_senate
2025-06-24,1000.0,Medical Society of the State of New York,industry_association,neutral,Toby Ann Stavisky,state_senate
2025-03-13,1000.0,Nurse Practitioners Of NY State PAC,industry_association,neutral,Toby Ann Stavisky,state_senate
2026-03-04,1000.0,Nurse Practitioners Of NY State PAC,industry_association,neutral,Toby Ann Stavisky,state_senate
2025-06-24,1000.0,New York State Society of Anesthesiologists,industry_association,unknown,Toby Ann Stavisky,state_senate
2025-07-07,1000.0,NY Chiropractic PAC,industry_association,neutral,Toby Ann Stavisky,state_senate
2025-03-13,1000.0,American Assoc. of Orthopedic Surgeons,industry_association,neutral,Toby Ann Stavisky,state_senate
2021-11-30,1000.0,Committee for Medical Eye Care,industry_association,neutral,Toby Ann Stavisky,state_senate
2026-06-22,1000.0,NY Assn. of Nurse Anesthetists,industry_association,neutral,Toby Ann Stavisky,state_senate
2026-06-22,1000.0,NY Radiological Society,industry_association,neutral,Toby Ann Stavisky,state_senate
2024-06-30,1000.0,NYS Society of Plastic Surgeons,industry_association,neutral,Patricia A. Fahy,state_senate
2024-03-11,1000.0,United New York Ambulance Network (UNYAN),industry_association,neutral,Patricia A. Fahy,state_senate
2026-03-10,1000.0,Elevance,health_insurer,neutral,Patricia A. Fahy,state_senate
2025-05-30,1000.0,Elevance,health_insurer,neutral,Patricia A. Fahy,state_senate
2025-05-30,1000.0,Elevance,health_insurer,neutral,Patricia A. Fahy,state_senate
2025-04-08,1000.0,Elevance,health_insurer,neutral,Patricia A. Fahy,state_senate
2024-03-11,1000.0,Pharmacists Society of the State of New York,industry_association,unknown,Patricia A. Fahy,state_senate
2025-04-02,1000.0,NY Assn. of Nurse Anesthetists,industry_association,neutral,Patricia A. Fahy,state_senate
2025-03-12,1000.0,Upstate Health Advocacy Project (UHAP),industry_association,neutral,Michael Gianaris,state_senate
2023-11-08,1000.0,New York State Dental Association PAC (NYSDAPAC),industry_association,unknown,Rachel May,state_senate
2023-03-28,1000.0,Health Care Providers PAC,industry_association,neutral,Rachel May,state_senate
2023-03-20,1000.0,New York State Society of Anesthesiologists,industry_association,neutral,Rachel May,state_senate
2024-07-10,1000.0,Upstate Health Advocacy Project (UHAP),industry_association,neutral,Michael Gianaris,state_senate
2024-03-11,1000.0,New York State Society of Anesthesiologists,industry_association,unknown,Rachel May,state_senate
2025-04-29,1000.0,New York State Society of Anesthesiologists,industry_association,unknown,Rachel May,state_senate
2025-03-13,1000.0,Health Care Providers PAC,industry_association,neutral,Rachel May,state_senate
2022-10-31,1000.0,New York State Assoc. of Healthcare Providers (NYSHCP),industry_association,neutral,Rachel May,state_senate
2025-10-01,1000.0,NY Assn. of Nurse Anesthetists,industry_association,neutral,Patricia A. Fahy,state_senate
2025-04-11,1000.0,Upstate Health Advocacy Project (UHAP),industry_association,neutral,Patricia A. Fahy,state_senate
2022-06-02,1000.0,New York State Assoc. of Healthcare Providers (NYSHCP),industry_association,neutral,Rachel May,state_senate
2022-02-24,1000.0,New York State Dental Association PAC (NYSDAPAC),industry_association,neutral,Rachel May,state_senate
2021-11-17,1000.0,Health Care Providers PAC,industry_association,neutral,Rachel May,state_senate
2021-06-18,1000.0,Health Care Providers PAC,industry_association,neutral,Rachel May,state_senate
2023-05-12,1000.0,Committee for Medical Eye Care,industry_association,neutral,Toby Ann Stavisky,state_senate
2024-12-16,1000.0,Merck,pharma,neutral,Thomas F O'Mara,state_senate
2020-01-17,1000.0,District Council 37 (DC37),union,blocker,Michael Gianaris,state_senate
2025-02-28,1000.0,NY Radiological Society,industry_association,neutral,Toby Ann Stavisky,state_senate
2023-10-13,1000.0,Healthcare Association of New York State (HANYS),industry_association,unknown,Thomas F O'Mara,state_senate
2022-03-07,1000.0,New York State Dental Association PAC (NYSDAPAC),industry_association,unknown,Kevin S Parker,state_senate
2023-03-08,1000.0,Coalition of Asian-American Independent Practice Associations,industry_association,unknown,Patrick M Gallivan,state_senate
2023-02-07,1000.0,Elevance,health_insurer,neutral,Patrick M Gallivan,state_senate
2024-01-25,1000.0,New York Emergency Medicine,industry_association,neutral,Toby Ann Stavisky,state_senate
2024-03-05,1000.0,Nurse Practitioners Of NY State PAC,industry_association,neutral,Toby Ann Stavisky,state_senate
2024-09-28,1000.0,Ny Physical Therapy Association,industry_association,neutral,Toby Ann Stavisky,state_senate
2024-05-01,1000.0,NY State Psychiatric PAC,industry_association,neutral,Toby Ann Stavisky,state_senate
2024-10-18,1000.0,NY State Psychiatric PAC,industry_association,neutral,Toby Ann Stavisky,state_senate
2024-04-24,1000.0,NYS Society of Plastic Surgeon,industry_association,neutral,Toby Ann Stavisky,state_senate
2024-03-05,1000.0,Pharmacists Society of the State of New York,industry_association,unknown,Toby Ann Stavisky,state_senate
2025-12-30,1000.0,Salud Medical PC,hospital_health_system_provider,neutral,Jamaal T. Bailey,state_senate
2024-10-15,1000.0,Pharmacists Society of the State of New York,industry_association,unknown,Toby Ann Stavisky,state_senate
2024-03-25,1000.0,NY Radiological Society,industry_association,neutral,Toby Ann Stavisky,state_senate
2024-08-30,1000.0,Healthcare Association of New York State (HANYS),industry_association,unknown,Toby Ann Stavisky,state_senate
2022-04-22,1000.0,New York State Society of Anesthesiologists,industry_association,neutral,Liz Krueger,state_senate
2022-09-07,1000.0,Pharmacists Society of the State of New York,industry_association,unknown,Toby Ann Stavisky,state_senate
2023-06-05,1000.0,Pharmacists Society of the State of New York,industry_association,unknown,Toby Ann Stavisky,state_senate
2022-09-07,1000.0,Pharmacists Society of the State of New York,industry_association,unknown,Toby Ann Stavisky,state_senate
2022-10-20,1000.0,Healthcare Association of New York State (HANYS),industry_association,neutral,Liz Krueger,state_senate
2023-07-20,1000.0,Committee for Medical Eye Care,industry_association,neutral,Liz Krueger,state_senate
2024-06-03,1000.0,Coalition of Asian-American Independent Practice Associations,industry_association,unknown,Toby Ann Stavisky,state_senate
2024-11-05,1000.0,Coalition of Asian-American Independent Practice Associations,industry_association,unknown,Toby Ann Stavisky,state_senate
2026-06-20,1000.0,Asian Senior Day Care Corp,adult_day_care,neutral,Larry  He,state_senate
2024-01-25,1000.0,Coalition of Asian-American Independent Practice Associations,industry_association,unknown,Toby Ann Stavisky,state_senate
2026-06-20,1000.0,Asian Senior Care Center Inc,hospital_health_system_provider,neutral,Larry  He,state_senate
2026-04-06,1000.0,Upstate Health Advocacy Project (UHAP),industry_association,neutral,Jeremy Cooney,state_senate
2023-07-13,1000.0,Coalition of Asian-American Independent Practice Associations,industry_association,unknown,Brian Kavanagh,state_senate
2020-09-28,1000.0,New York State Dental Association PAC (NYSDAPAC),industry_association,unknown,Brian Kavanagh,state_senate
2022-03-08,1000.0,Healthcare Association of New York State (HANYS),industry_association,unknown,Brian Kavanagh,state_senate
2022-03-18,1000.0,New York State Society of Anesthesiologists,industry_association,neutral,Brian Kavanagh,state_senate
2024-05-10,1000.0,New York Chiropractic Pac,industry_association,neutral,Toby Ann Stavisky,state_senate
2021-05-28,1000.0,New York State Society of Anesthesiologists,industry_association,unknown,Kevin Thomas,state_senate
2024-01-02,1000.0,Merck,pharma,neutral,Toby Ann Stavisky,state_senate
2023-06-05,1000.0,Ny Physical Therapy Association,industry_association,neutral,Toby Ann Stavisky,state_senate
2023-02-01,1000.0,Healthcare Association of New York State (HANYS),industry_association,unknown,Patrick M Gallivan,state_senate
2020-08-05,1000.0,Healthcare Association of New York State (HANYS),industry_association,unknown,Patrick M Gallivan,state_senate
2020-09-28,1000.0,Healthcare Association of New York State (HANYS),industry_association,unknown,Patrick M Gallivan,state_senate
2020-03-01,1000.0,New York State Dental Association PAC (NYSDAPAC),industry_association,unknown,Kevin S Parker,state_senate
2022-08-02,1000.0,District Council 37 (DC37),union,blocker,Kevin S Parker,state_senate
2025-08-06,1000.0,Coalition of Asian-American Independent Practice Associations,industry_association,unknown,Toby Ann Stavisky,state_senate
2021-11-30,1000.0,Nurse Practitioners Of NY State PAC,industry_association,neutral,Toby Ann Stavisky,state_senate
2020-09-29,1000.0,Leadingage New York Pac,industry_association,neutral,Todd Kaminsky,state_senate
2023-05-12,1000.0,Nurse Practitioners Of NY State PAC,industry_association,neutral,Toby Ann Stavisky,state_senate
2020-05-28,1000.0,Nurse Practitioners Of NY State PAC,industry_association,neutral,Toby Ann Stavisky,state_senate
2023-05-12,1000.0,NY Chiropractic PAC,industry_association,neutral,Toby Ann Stavisky,state_senate
2022-03-03,1000.0,Ny Physical Therapy Association,industry_association,neutral,Toby Ann Stavisky,state_senate
2022-05-20,1000.0,Nurse Practitioners Of NY State PAC,industry_association,neutral,Toby Ann Stavisky,state_senate
2026-03-23,1000.0,Elevance,health_insurer,neutral,Jamaal T. Bailey,state_senate
2022-01-11,1000.0,NY State Psychiatric PAC,industry_association,neutral,Toby Ann Stavisky,state_senate
2020-08-24,1000.0,NY State Psychiatric PAC,industry_association,neutral,Toby Ann Stavisky,state_senate
2022-10-31,1000.0,NY Radiological Society,industry_association,neutral,Toby Ann Stavisky,state_senate
2020-11-12,1000.0,American Assoc. of Orthopedic Surgeons,industry_association,neutral,Toby Ann Stavisky,state_senate
2022-10-01,1000.0,Committee for Medical Eye Care,industry_association,neutral,Toby Ann Stavisky,state_senate
2020-05-28,1000.0,Committee for Medical Eye Care,industry_association,neutral,Toby Ann Stavisky,state_senate
2022-05-20,1000.0,Committee for Medical Eye Care,industry_association,neutral,Toby Ann Stavisky,state_senate
2021-11-10,1000.0,Chain Pharmacy Association of New York State,industry_association,neutral,Michael Gianaris,state_senate
2022-10-25,1000.0,Coalition of Asian-American Independent Practice Associations,industry_association,unknown,Michael Gianaris,state_senate
2020-05-28,1000.0,District Council 37 (DC37),union,blocker,Toby Ann Stavisky,state_senate
2021-12-22,1000.0,District Council 37 (DC37),union,blocker,Toby Ann Stavisky,state_senate
2021-11-30,1000.0,New York State Dental Association PAC (NYSDAPAC),industry_association,unknown,Toby Ann Stavisky,state_senate
2024-08-01,1000.0,NYS Clinical Laboratory Association PAC,industry_association,neutral,Patricia A. Fahy,state_senate
2025-04-29,1000.0,PhRMA,pharma,neutral,Michael Gianaris,state_senate
2023-05-30,1000.0,Medical Society of the State of New York,industry_association,neutral,Monica R. Martinez,state_senate
2022-03-02,1000.0,EmblemHealth,health_insurer,neutral,Neil D Breslin,state_senate
2021-12-13,1000.0,Molina Healthcare,health_insurer,neutral,Gustavo Rivera,state_senate
2020-10-28,1000.0,Health Plan Association (HPA) PAC,industry_association,neutral,Neil D Breslin,state_senate
2025-03-13,1000.0,NY Assn. of Nurse Anesthetists,industry_association,neutral,Michael Gianaris,state_senate
2025-09-24,1000.0,NY Assn. of Nurse Anesthetists,industry_association,neutral,Michael Gianaris,state_senate
2024-02-27,1000.0,NY Assn. of Nurse Anesthetists,industry_association,neutral,Michael Gianaris,state_senate
2022-04-25,1000.0,NY Radiological Society,industry_association,neutral,Michael Gianaris,state_senate
2022-05-18,1000.0,Medical Society of the State of New York,industry_association,neutral,Neil D Breslin,state_senate
2020-01-07,1000.0,NY Radiological Society,industry_association,neutral,Michael Gianaris,state_senate
2020-06-08,1000.0,NY Radiological Society,industry_association,neutral,Michael Gianaris,state_senate
2021-04-27,1000.0,Medical Society of the State of New York,industry_association,neutral,Neil D Breslin,state_senate
2022-08-09,1000.0,Merck,pharma,neutral,Neil D Breslin,state_senate
2023-03-02,1000.0,Molina Healthcare,health_insurer,neutral,Neil D Breslin,state_senate
2022-07-19,1000.0,MVP Health Care,health_insurer,neutral,Neil D Breslin,state_senate
2023-02-14,1000.0,MVP Heath Care INC NYS PAC,industry_association,neutral,Neil D Breslin,state_senate
2020-02-28,1000.0,New York Chiropractic Pac,industry_association,neutral,Neil D Breslin,state_senate
2021-02-19,1000.0,Health Now Pac,industry_association,neutral,Neil D Breslin,state_senate
2023-09-20,1000.0,Healthcare Association of New York State (HANYS),industry_association,unknown,Neil D Breslin,state_senate
2021-02-26,1000.0,Centene,health_insurer,neutral,Neil D Breslin,state_senate
2020-09-25,1000.0,Centene,health_insurer,neutral,Neil D Breslin,state_senate
2024-05-09,1000.0,PhRMA,pharma,neutral,Michael Gianaris,state_senate
2025-01-23,1000.0,PhRMA,pharma,neutral,Michael Gianaris,state_senate
2021-02-22,1000.0,Capital District Physicians' Health Plan (CDPHP),health_insurer,neutral,Neil D Breslin,state_senate
2023-05-15,1000.0,Committee for Medical Eye Care,industry_association,neutral,Neil D Breslin,state_senate
2020-10-30,1000.0,Committee for Medical Eye Care,industry_association,neutral,Neil D Breslin,state_senate
2021-02-22,1000.0,New York Oncology Hematology PC,hospital_health_system_provider,neutral,Neil D Breslin,state_senate
2022-05-04,1000.0,Committee for Medical Eye Care,industry_association,neutral,Neil D Breslin,state_senate
2020-04-15,1000.0,PhRMA,pharma,neutral,Michael Gianaris,state_senate
2021-07-10,1000.0,NY State Psychiatric PAC,industry_association,neutral,Gustavo Rivera,state_senate
2020-10-01,1000.0,NY State Psychiatric PAC,industry_association,neutral,Gustavo Rivera,state_senate
2022-03-11,1000.0,NY State Psychiatric PAC,industry_association,neutral,Gustavo Rivera,state_senate
2025-03-17,1000.0,Pharmacists Society of the State of New York,industry_association,neutral,Jamaal T. Bailey,state_senate
2020-10-07,1000.0,New York Chiropractic Pac,industry_association,neutral,Todd Kaminsky,state_senate
2022-06-14,1000.0,NY Assn. of Nurse Anesthetists,industry_association,neutral,Gustavo Rivera,state_senate
2020-05-07,1000.0,NYS Clinical Laboratory Association PAC,industry_association,neutral,Gustavo Rivera,state_senate
2021-06-28,1000.0,NYS Clinical Laboratory Association PAC,industry_association,neutral,Gustavo Rivera,state_senate
2022-04-28,1000.0,NYS Clinical Laboratory Association PAC,industry_association,neutral,Gustavo Rivera,state_senate
2023-02-13,1000.0,NY State Psychiatric PAC,industry_association,neutral,Gustavo Rivera,state_senate
2020-03-02,1000.0,NY Radiological Society,industry_association,neutral,Gustavo Rivera,state_senate
2023-05-01,1000.0,Pharmacists Society of the State of New York,industry_association,unknown,Jamaal T. Bailey,state_senate
2020-06-26,1000.0,Pfizer,pharma,unknown,Gustavo Rivera,state_senate
2022-07-11,1000.0,Pfizer,pharma,unknown,Gustavo Rivera,state_senate
2020-04-06,1000.0,PhRMA,pharma,neutral,Gustavo Rivera,state_senate
2021-12-13,1000.0,Pharmacists Society of the State of New York,industry_association,unknown,Gustavo Rivera,state_senate
2023-04-21,1000.0,NY Assn. of Nurse Anesthetists,industry_association,neutral,Gustavo Rivera,state_senate
2023-04-21,1000.0,NY State Psychiatric PAC,industry_association,neutral,Gustavo Rivera,state_senate
2026-05-11,1000.0,United New York Ambulance Network (UNYAN),industry_association,neutral,Jamaal T. Bailey,state_senate
2022-06-10,1000.0,Medical Society of the State of New York,industry_association,neutral,Gustavo Rivera,state_senate
2021-06-28,1000.0,Medical Society of the State of New York,industry_association,neutral,Gustavo Rivera,state_senate
2021-06-18,1000.0,Medical Society of the State of New York,industry_association,neutral,Gustavo Rivera,state_senate
2026-03-23,1000.0,United Healthcare / UnitedHealth Group (UHC/UHG),health_insurer,neutral,Jamaal T. Bailey,state_senate
2025-06-02,1000.0,United Healthcare / UnitedHealth Group (UHC/UHG),health_insurer,neutral,Jamaal T. Bailey,state_senate
2022-08-22,1000.0,Medical Society of the State of New York,industry_association,neutral,Gustavo Rivera,state_senate
2021-08-30,1000.0,Merck,pharma,neutral,Gustavo Rivera,state_senate
2026-05-18,1000.0,Upstate Health Advocacy Project (UHAP),industry_association,neutral,Jamaal T. Bailey,state_senate
2023-06-02,1000.0,New York Chiropractic Pac,industry_association,neutral,Gustavo Rivera,state_senate
2022-06-14,1000.0,New York Chiropractic Pac,industry_association,neutral,Gustavo Rivera,state_senate
2021-06-18,1000.0,New York Chiropractic Pac,industry_association,neutral,Gustavo Rivera,state_senate
2023-06-23,1000.0,Pharmacists Society of the State of New York,industry_association,unknown,Michael Gianaris,state_senate
2021-04-20,1000.0,EmblemHealth,health_insurer,neutral,Neil D Breslin,state_senate
2025-08-01,1000.0,Coalition of Asian-American Independent Practice Associations,industry_association,unknown,Patricia A. Fahy,state_senate
2022-06-14,1000.0,Pfizer,pharma,unknown,Michael Gianaris,state_senate
2022-10-11,1000.0,NY Chiropractic PAC,industry_association,neutral,Michael Gianaris,state_senate
2022-05-16,1000.0,American Assoc. of Orthopedic Surgeons,industry_association,neutral,Neil D Breslin,state_senate
2022-04-25,1000.0,New York State Society of Anesthesiologists,industry_association,unknown,Michael Gianaris,state_senate
2021-04-15,1000.0,New York State Society of Anesthesiologists,industry_association,unknown,Michael Gianaris,state_senate
2023-03-27,1000.0,New York State Society of Anesthesiologists,industry_association,unknown,Michael Gianaris,state_senate
2024-02-09,1000.0,Nurse Practitioners Of NY State PAC,industry_association,neutral,Michael Gianaris,state_senate
2022-05-25,1000.0,Nurse Practitioners Of NY State PAC,industry_association,neutral,Michael Gianaris,state_senate
2025-02-04,1000.0,Nurse Practitioners Of NY State PAC,industry_association,neutral,Michael Gianaris,state_senate
2022-05-19,1000.0,Pfizer,pharma,unknown,Neil D Breslin,state_senate
2020-02-18,1000.0,Pharmacists Society of the State of New York,industry_association,unknown,Neil D Breslin,state_senate
2023-04-01,1000.0,NY Assn. of Nurse Anesthetists,industry_association,neutral,Michael Gianaris,state_senate
2020-08-13,1000.0,PhRMA,pharma,neutral,Neil D Breslin,state_senate
2022-04-10,1000.0,NY Assn. of Nurse Anesthetists,industry_association,neutral,Michael Gianaris,state_senate
2024-05-09,1000.0,New York Emergency Medicine,industry_association,neutral,Michael Gianaris,state_senate
2023-05-11,1000.0,New York State Society of Anesthesiologists,industry_association,unknown,Michael Gianaris,state_senate
2023-05-31,1000.0,Elevance,health_insurer,neutral,Michael Gianaris,state_senate
2025-08-01,1000.0,Coalition of Asian-American Independent Practice Associations,industry_association,unknown,Patricia A. Fahy,state_senate
2026-03-10,1000.0,Capital District Physicians' Health Plan (CDPHP),health_insurer,neutral,Patricia A. Fahy,state_senate
2023-02-22,1000.0,New York State Society of Anesthesiologists,industry_association,neutral,Monica R. Martinez,state_senate
2025-12-09,1000.0,Molina Healthcare,health_insurer,neutral,Patricia A. Fahy,state_senate
2026-03-06,1000.0,New York State Society of Anesthesiologists,industry_association,unknown,Patricia A. Fahy,state_senate
2025-03-12,1000.0,New York State Society of Anesthesiologists,industry_association,unknown,Patricia A. Fahy,state_senate
2025-10-08,1000.0,NYS Podiatric Assn.,industry_association,neutral,Patricia A. Fahy,state_senate
2026-01-10,1000.0,NYS Clinical Laboratory Association PAC,industry_association,neutral,Patricia A. Fahy,state_senate
2025-05-30,1000.0,New York State Dental Association PAC (NYSDAPAC),industry_association,neutral,Patricia A. Fahy,state_senate
2023-03-08,1000.0,Elevance,health_insurer,neutral,Monica R. Martinez,state_senate
2020-02-25,1000.0,Northwell Health,hospital_health_system_provider,neutral,Monica R. Martinez,state_senate
2020-02-28,1000.0,NY Chiropractic PAC,industry_association,neutral,Michael Gianaris,state_senate
2023-05-22,1000.0,NY Chiropractic PAC,industry_association,neutral,Michael Gianaris,state_senate
2021-04-27,1000.0,NY Chiropractic PAC,industry_association,neutral,Michael Gianaris,state_senate
2023-05-08,1000.0,United New York Ambulance Network (UNYAN),industry_association,neutral,Neil D Breslin,state_senate
2025-04-30,1000.0,Pfizer,pharma,unknown,Michael Gianaris,state_senate
2022-04-28,1000.0,New York State Dental Association PAC (NYSDAPAC),industry_association,unknown,Neil D Breslin,state_senate
2023-05-17,1000.0,Elevance,health_insurer,neutral,Neil D Breslin,state_senate
2022-05-18,1000.0,Elevance,health_insurer,neutral,Neil D Breslin,state_senate
2023-02-23,1000.0,Centene,health_insurer,neutral,Neil D Breslin,state_senate
2022-03-04,1000.0,Centene,health_insurer,neutral,Neil D Breslin,state_senate
2022-08-04,1000.0,New York State Society of Anesthesiologists,industry_association,unknown,Neil D Breslin,state_senate
2022-04-29,1000.0,New York State Society of Anesthesiologists,industry_association,unknown,Neil D Breslin,state_senate
2021-06-23,1000.0,NY Radiological Society,industry_association,neutral,Michael Gianaris,state_senate
2024-03-07,1000.0,Molina Healthcare,health_insurer,neutral,Michael Gianaris,state_senate
2023-12-15,1000.0,Merck,pharma,neutral,Michael Gianaris,state_senate
2022-07-19,1000.0,United Healthcare / UnitedHealth Group (UHC/UHG),health_insurer,neutral,Neil D Breslin,state_senate
2024-06-11,1000.0,Medical Society of the State of New York,industry_association,neutral,Michael Gianaris,state_senate
2023-05-23,1000.0,New York Emergency Medicine,industry_association,neutral,Michael Gianaris,state_senate
2021-02-22,1000.0,United New York Ambulance Network (UNYAN),industry_association,neutral,Neil D Breslin,state_senate
2025-05-20,1000.0,Medical Society of the State of New York,industry_association,neutral,Michael Gianaris,state_senate
2020-09-03,1000.0,Maxim Healthcare Services,hospital_health_system_provider,neutral,Michael Gianaris,state_senate
2024-02-22,1000.0,Elevance,health_insurer,neutral,Jack M. Martins,state_senate
2022-08-02,1000.0,Coalition of Asian-American Independent Practice Associations,industry_association,unknown,Toby Ann Stavisky,state_senate
2025-06-10,1000.0,Healthcare Association of New York State (HANYS),industry_association,unknown,Michael Gianaris,state_senate
2021-02-26,1000.0,Centene,health_insurer,neutral,Michael Gianaris,state_senate
2025-05-06,1000.0,Empire State Assn. of Assisted Living (ESAAL),industry_association,unknown,Michael Gianaris,state_senate
2024-04-18,1000.0,New York Chiropractic Pac,industry_association,neutral,Michael Gianaris,state_senate
2022-10-24,1000.0,NY Radiological Society,industry_association,neutral,Michael Gianaris,state_senate
2023-04-25,1000.0,New York State Society of Anesthesiologists,industry_association,unknown,Neil D Breslin,state_senate
2022-05-25,1000.0,NYS Podiatric Assn.,industry_association,neutral,Michael Gianaris,state_senate
2022-05-23,1000.0,NY Assn. of Nurse Anesthetists,industry_association,neutral,Cordell Cleare,state_senate
2025-03-14,1000.0,Nurse Practitioners Of NY State PAC,industry_association,neutral,Andrea Stewart-Cousins,state_senate
2021-06-02,1000.0,Nurse Practitioners Of NY State PAC,industry_association,neutral,Todd Kaminsky,state_senate
2022-05-16,1000.0,Medical Society of the State of New York,industry_association,neutral,Andrea Stewart-Cousins,state_senate
2021-04-27,1000.0,Medical Society of the State of New York,industry_association,neutral,Andrea Stewart-Cousins,state_senate
2021-09-22,1000.0,Medical Society of the State of New York,industry_association,neutral,Andrea Stewart-Cousins,state_senate
2023-07-13,1000.0,NYS Clinical Laboratory Association PAC,industry_association,neutral,Iwen Chu,state_senate
2023-05-31,1000.0,New York State Society of Anesthesiologists,industry_association,neutral,Iwen Chu,state_senate
2023-02-02,1000.0,New York State Society of Anesthesiologists,industry_association,neutral,Iwen Chu,state_senate
2020-02-06,1000.0,Leadingage New York Pac,industry_association,neutral,Andrea Stewart-Cousins,state_senate
2023-12-07,1000.0,Greater New York Hospital Association (GNYHA),industry_association,unknown,Andrea Stewart-Cousins,state_senate
2022-11-02,1000.0,New York State Society of Anesthesiologists,industry_association,neutral,Iwen Chu,state_senate
2026-06-22,1000.0,American Nurses Assn. (ANA-NY PAC),industry_association,neutral,April Nicole Mccants-Baskin,state_senate
2022-04-17,1000.0,District Council 37 (DC37),union,blocker,Nathalia Fernandez,state_senate
2021-09-27,1000.0,District Council 37 (DC37),union,blocker,Nathalia Fernandez,state_senate
2020-10-14,1000.0,United Healthcare / UnitedHealth Group (UHC/UHG),health_insurer,neutral,Michelle Hinchey,state_senate
2025-09-17,1000.0,Healthcare Association of New York State (HANYS),industry_association,neutral,Michelle Hinchey,state_senate
2026-03-09,1000.0,Healthcare Association of New York State (HANYS),industry_association,neutral,Michelle Hinchey,state_senate
2021-12-31,1000.0,Montefiore Health System,hospital_health_system_provider,neutral,Nathalia Fernandez,state_senate
2021-07-06,1000.0,NYS Hospitality & Tourism Association PA,industry_association,neutral,Michelle Hinchey,state_senate
2022-04-04,1000.0,New York State Dental Association PAC (NYSDAPAC),industry_association,neutral,Michelle Hinchey,state_senate
2021-12-01,1000.0,Eli Lilly,pharma,neutral,Michelle Hinchey,state_senate
2021-02-11,1000.0,Eli Lilly,pharma,neutral,Michelle Hinchey,state_senate
2022-10-19,1000.0,New York State Dental Association PAC (NYSDAPAC),industry_association,unknown,Michelle Hinchey,state_senate
2023-11-30,1000.0,Capital District Physicians' Health Plan (CDPHP),health_insurer,neutral,Jacob Christopher Ashby,state_senate
2020-10-24,1000.0,Leadingage New York Pac,industry_association,neutral,Michelle Hinchey,state_senate
2026-06-03,1000.0,NY Assn. of Nurse Anesthetists,industry_association,neutral,April Nicole Mccants-Baskin,state_senate
2026-04-16,1000.0,NY Assn. of Nurse Anesthetists,industry_association,neutral,April Nicole Mccants-Baskin,state_senate
2026-05-05,1000.0,Healthcare Association of New York State (HANYS),industry_association,unknown,April Nicole Mccants-Baskin,state_senate
2025-02-24,1000.0,United New York Ambulance Network (UNYAN),industry_association,neutral,Michelle Hinchey,state_senate
2026-02-25,1000.0,United New York Ambulance Network (UNYAN),industry_association,neutral,Michelle Hinchey,state_senate
2023-05-22,1000.0,Medical Society of the State of New York,industry_association,neutral,Andrea Stewart-Cousins,state_senate
2020-01-17,1000.0,Medical Society of the State of New York,industry_association,neutral,Andrea Stewart-Cousins,state_senate
2020-01-27,1000.0,United New York Ambulance Network (UNYAN),industry_association,neutral,Andrea Stewart-Cousins,state_senate
2022-11-07,1000.0,"Lenco Diagnostic Laboratories, Inc.",imaging_diagnostics,neutral,Iwen Chu,state_senate
2021-09-04,1000.0,Takeda Pharmaceuticals,pharma,neutral,Andrea Stewart-Cousins,state_senate
2021-03-02,1000.0,Pharmacists Society of the State of New York,industry_association,unknown,Andrea Stewart-Cousins,state_senate
2024-01-25,1000.0,Pfizer,pharma,unknown,Andrea Stewart-Cousins,state_senate
2022-03-23,1000.0,Pfizer,pharma,unknown,Andrea Stewart-Cousins,state_senate
2021-03-29,1000.0,Pfizer,pharma,unknown,Andrea Stewart-Cousins,state_senate
2020-09-08,1000.0,Pfizer,pharma,unknown,Andrea Stewart-Cousins,state_senate
2022-08-08,1000.0,New York State Society of Anesthesiologists,industry_association,neutral,Andrea Stewart-Cousins,state_senate
2022-06-21,1000.0,New York State Society of Anesthesiologists,industry_association,neutral,Andrea Stewart-Cousins,state_senate
2021-02-22,1000.0,New York State Society of Anesthesiologists,industry_association,neutral,Andrea Stewart-Cousins,state_senate
2020-01-27,1000.0,Hearing Healthcare Alliance of New York,industry_association,neutral,Andrea Stewart-Cousins,state_senate
2021-04-26,1000.0,Healthcare Association of New York State (HANYS),industry_association,neutral,Andrea Stewart-Cousins,state_senate
2024-02-15,1000.0,Healthcare Association of New York State (HANYS),industry_association,neutral,Andrea Stewart-Cousins,state_senate
2020-01-27,1000.0,Healthcare Association of New York State (HANYS),industry_association,neutral,Andrea Stewart-Cousins,state_senate
2022-04-10,1000.0,Healthcare Association of New York State (HANYS),industry_association,neutral,Andrea Stewart-Cousins,state_senate
2024-01-23,1000.0,Greater New York Nursing Home Association,industry_association,neutral,Andrea Stewart-Cousins,state_senate
2020-01-27,1000.0,Greater New York Nursing Home Association,industry_association,neutral,Andrea Stewart-Cousins,state_senate
2021-10-15,1000.0,Centene,health_insurer,neutral,Andrea Stewart-Cousins,state_senate
2023-06-09,1000.0,Empire State Assn. of Assisted Living (ESAAL),industry_association,neutral,Andrea Stewart-Cousins,state_senate
2024-01-24,1000.0,Elevance,health_insurer,neutral,Andrea Stewart-Cousins,state_senate
2020-01-29,1000.0,Elevance,health_insurer,neutral,Andrea Stewart-Cousins,state_senate
2024-10-16,1000.0,Pharmacists Society of the State of New York,industry_association,unknown,Iwen Chu,state_senate
2023-04-26,1000.0,New York State Dental Association PAC (NYSDAPAC),industry_association,unknown,Andrea Stewart-Cousins,state_senate
2020-07-06,1000.0,Centene,health_insurer,neutral,Andrea Stewart-Cousins,state_senate
2024-01-24,1000.0,United New York Ambulance Network (UNYAN),industry_association,neutral,Andrea Stewart-Cousins,state_senate
2021-08-11,1000.0,Molina Healthcare,health_insurer,neutral,Andrea Stewart-Cousins,state_senate
2023-12-05,1000.0,Molina Healthcare,health_insurer,neutral,Andrea Stewart-Cousins,state_senate
2023-12-05,1000.0,Molina Healthcare,health_insurer,neutral,Andrea Stewart-Cousins,state_senate
2021-02-23,1000.0,Northwell Health,hospital_health_system_provider,neutral,Andrea Stewart-Cousins,state_senate
2021-04-12,1000.0,DaVita,renal_dialysis,neutral,Andrea Stewart-Cousins,state_senate
2024-06-21,1000.0,New York Emergency Medicine,industry_association,neutral,Nathalia Fernandez,state_senate
2025-07-01,1000.0,Montefiore Health System,hospital_health_system_provider,neutral,Nathalia Fernandez,state_senate
2025-01-24,1000.0,NY Radiological Society,industry_association,neutral,Andrea Stewart-Cousins,state_senate
2026-02-04,1000.0,NY Radiological Society,industry_association,neutral,Andrea Stewart-Cousins,state_senate
2026-03-20,1000.0,Nurse Practitioners Of NY State PAC,industry_association,neutral,Andrea Stewart-Cousins,state_senate
2024-04-05,1000.0,Nurse Practitioners Of NY State PAC,industry_association,neutral,Andrea Stewart-Cousins,state_senate
2023-06-07,1000.0,NYS Podiatric Assn.,industry_association,neutral,Gustavo Rivera,state_senate
2024-10-30,1000.0,Pfizer,pharma,unknown,Andrea Stewart-Cousins,state_senate
2020-01-27,1000.0,DaVita,renal_dialysis,neutral,Andrea Stewart-Cousins,state_senate
2024-10-23,1000.0,District Council 37 (DC37),union,blocker,Iwen Chu,state_senate
2020-10-29,1000.0,Comm Mental Health PAC,industry_association,neutral,Andrea Stewart-Cousins,state_senate
2020-01-27,1000.0,Chain Pharmacy Association of New York State,industry_association,neutral,Andrea Stewart-Cousins,state_senate
2021-12-06,1000.0,Bristol Myers Squibb,pharma,neutral,Andrea Stewart-Cousins,state_senate
2022-11-02,1000.0,Abbott Laboratories,medical_device,unknown,Andrea Stewart-Cousins,state_senate
2020-07-10,1000.0,Abbott Laboratories,medical_device,unknown,Andrea Stewart-Cousins,state_senate
2021-09-22,1000.0,Abbott Laboratories,medical_device,unknown,Andrea Stewart-Cousins,state_senate
2020-10-24,1000.0,Abbott Laboratories,medical_device,unknown,Andrea Stewart-Cousins,state_senate
2024-08-27,1000.0,Healthcare Association of New York State (HANYS),industry_association,unknown,Iwen Chu,state_senate
2025-06-26,1000.0,United Healthcare / UnitedHealth Group (UHC/UHG),health_insurer,neutral,Andrea Stewart-Cousins,state_senate
2026-02-04,1000.0,Upstate Health Advocacy Project (UHAP),industry_association,neutral,Andrea Stewart-Cousins,state_senate
2024-03-01,1000.0,Elevance,health_insurer,neutral,Iwen Chu,state_senate
2026-05-01,1000.0,Medical Society of the State of New York,industry_association,neutral,Andrea Stewart-Cousins,state_senate
2025-03-14,1000.0,Medical Society of the State of New York,industry_association,neutral,Andrea Stewart-Cousins,state_senate
2025-06-26,1000.0,Northwell Health,hospital_health_system_provider,neutral,Andrea Stewart-Cousins,state_senate
2026-02-20,1000.0,Greater New York Hospital Association (GNYHA),industry_association,neutral,Andrea Stewart-Cousins,state_senate
2026-03-20,1000.0,Elevance,health_insurer,neutral,Andrea Stewart-Cousins,state_senate
2024-05-14,1000.0,American Nurses Assn. (ANA-NY PAC),industry_association,neutral,Andrea Stewart-Cousins,state_senate
2022-05-20,1000.0,NY Assn. of Nurse Anesthetists,industry_association,neutral,Robert Jackson,state_senate
2023-06-14,1000.0,NY Assn. of Nurse Anesthetists,industry_association,neutral,Robert Jackson,state_senate
2024-07-19,1000.0,NYS Clinical Laboratory Association PAC,industry_association,neutral,Iwen Chu,state_senate
2024-03-08,1000.0,Pfizer,pharma,unknown,Andrea Stewart-Cousins,state_senate
2025-07-23,1000.0,Pfizer,pharma,unknown,Andrea Stewart-Cousins,state_senate
2025-06-27,1000.0,New York State Society of Anesthesiologists,industry_association,unknown,Robert Jackson,state_senate
2024-03-29,1000.0,Molina Healthcare,health_insurer,neutral,Nathalia Fernandez,state_senate
2022-10-19,1000.0,District Council 37 (DC37),union,blocker,Jessica Scarcella-Spanton,state_senate
2022-05-20,1000.0,District Council 37 (DC37),union,blocker,Jessica Scarcella-Spanton,state_senate
2025-01-06,1000.0,Montefiore Health System,hospital_health_system_provider,neutral,Nathalia Fernandez,state_senate
2023-06-23,1000.0,New York State Dental Association PAC (NYSDAPAC),industry_association,unknown,Jessica Scarcella-Spanton,state_senate
2026-05-18,1000.0,Healthcare Association of New York State (HANYS),industry_association,unknown,Nathalia Fernandez,state_senate
2025-11-17,1000.0,Healthcare Association of New York State (HANYS),industry_association,unknown,Nathalia Fernandez,state_senate
2024-07-08,1000.0,Centene,health_insurer,neutral,Nathalia Fernandez,state_senate
2024-07-08,1000.0,Elevance,health_insurer,neutral,Nathalia Fernandez,state_senate
2024-02-26,1000.0,New York State Dental Association PAC (NYSDAPAC),industry_association,unknown,Nathalia Fernandez,state_senate
2024-01-12,1000.0,Eli Lilly,pharma,neutral,Nathalia Fernandez,state_senate
2024-06-21,1000.0,Cigna,health_insurer,neutral,Nathalia Fernandez,state_senate
2025-05-02,1000.0,NY Assn. of Nurse Anesthetists,industry_association,neutral,Robert Jackson,state_senate
2025-02-14,1000.0,Pharmacists Society of the State of New York,industry_association,neutral,Andrea Stewart-Cousins,state_senate
2026-03-09,1000.0,NY Assn. of Nurse Anesthetists,industry_association,neutral,Robert Jackson,state_senate
2026-03-19,1000.0,Healthcare Association of New York State (HANYS),industry_association,unknown,Jenifer Rajkumar,state_senate
2026-03-16,1000.0,NY Assn. of Nurse Anesthetists,industry_association,neutral,Nathalia Fernandez,state_senate
2024-06-13,1000.0,Medical Society of the State of New York,industry_association,neutral,Jessica Scarcella-Spanton,state_senate
2024-01-25,1000.0,Molina Healthcare,health_insurer,neutral,Jessica Scarcella-Spanton,state_senate
2022-05-10,1000.0,Pharmacists Society of the State of New York,industry_association,unknown,Jessica Scarcella-Spanton,state_senate
2022-10-27,1000.0,Pharmacists Society of the State of New York,industry_association,unknown,Jessica Scarcella-Spanton,state_senate
2025-11-17,1000.0,Elevance,health_insurer,neutral,Nathalia Fernandez,state_senate
2022-08-11,1000.0,Health Plan Association (HPA) PAC,industry_association,neutral,Nathalia Fernandez,state_senate
2024-08-27,1000.0,Molina Healthcare,health_insurer,neutral,Iwen Chu,state_senate
2024-03-01,1000.0,New York State Society of Anesthesiologists,industry_association,neutral,Iwen Chu,state_senate
2025-08-16,1000.0,Pharmacists Society of the State of New York,industry_association,neutral,Andrea Stewart-Cousins,state_senate
2023-05-17,1000.0,Upstate Health Advocacy Project (UHAP),industry_association,neutral,Andrea Stewart-Cousins,state_senate
2022-10-24,1000.0,Healthcare Association of New York State (HANYS),industry_association,unknown,Iwen Chu,state_senate
2020-04-16,1000.0,New York State Society of Anesthesiologists,industry_association,unknown,Todd Kaminsky,state_senate
2021-11-22,1000.0,Pfizer,pharma,unknown,Elijah Reichlin-Melnick,state_senate
2024-10-24,1000.0,Pharmacists Society of the State of New York,industry_association,unknown,Elijah Reichlin-Melnick,state_senate
2026-05-27,1000.0,United New York Ambulance Network (UNYAN),industry_association,neutral,Jessica Scarcella-Spanton,state_senate
2025-10-06,1000.0,Eli Lilly,pharma,neutral,Jessica Scarcella-Spanton,state_senate
2025-05-19,1000.0,Empire State Assn. of Assisted Living (ESAAL),industry_association,unknown,Jessica Scarcella-Spanton,state_senate
2025-09-16,1000.0,Healthcare Association of New York State (HANYS),industry_association,unknown,Jessica Scarcella-Spanton,state_senate
2021-08-16,1000.0,American Assoc. of Orthopedic Surgeons,industry_association,neutral,"Edward A. Rath, Iii",state_senate
2020-10-01,1000.0,Northwell Health,hospital_health_system_provider,neutral,Todd Kaminsky,state_senate
2020-07-11,1000.0,New York State Dental Association PAC (NYSDAPAC),industry_association,neutral,Todd Kaminsky,state_senate
2021-05-07,1000.0,Healthcare Association of New York State (HANYS),industry_association,neutral,Todd Kaminsky,state_senate
2024-04-02,1000.0,Reaching minds NP in Psychiatry & Adult,hospital_health_system_provider,neutral,Taylor Darling,state_senate
2020-07-09,1000.0,Healthcare Association of New York State (HANYS),industry_association,neutral,Todd Kaminsky,state_senate
2021-05-29,1000.0,Health Plan Association (HPA) PAC,industry_association,neutral,Todd Kaminsky,state_senate
2021-04-21,1000.0,Empire State Assn. of Assisted Living (ESAAL),industry_association,neutral,Elijah Reichlin-Melnick,state_senate
2024-11-18,1000.0,Medical Society of the State of New York,industry_association,neutral,John C Liu,state_senate
2026-02-19,1000.0,Maxim Healthcare Services,hospital_health_system_provider,neutral,Christopher J. Ryan,state_senate
2025-07-15,1000.0,Maxim Healthcare Services,hospital_health_system_provider,neutral,Christopher J. Ryan,state_senate
2025-05-15,1000.0,Leadingage New York Pac,industry_association,neutral,Christopher J. Ryan,state_senate
2023-02-25,1000.0,New York State Society of Anesthesiologists,industry_association,neutral,Lea Webb,state_senate
2025-05-06,1000.0,Empire State Assn. of Assisted Living (ESAAL),industry_association,unknown,Christopher J. Ryan,state_senate
2024-06-04,1000.0,Northwell Health,hospital_health_system_provider,neutral,Kimberly Garber Keiserman,state_senate
2020-01-21,1000.0,Planned Parenthood PAC,other_healthcare_related,unknown,Alessandra Biaggi,state_senate
2024-05-06,1000.0,Committee for Medical Eye Care,industry_association,neutral,Liz Krueger,state_senate
2026-02-28,1000.0,Committee for Medical Eye Care,industry_association,neutral,Liz Krueger,state_senate
2021-09-28,1000.0,District Council 37 (DC37),union,blocker,Alessandra Biaggi,state_senate
2026-02-19,1000.0,Upstate Health Advocacy Project (UHAP),industry_association,neutral,Christopher J. Ryan,state_senate
2025-07-11,1000.0,Committee for Medical Eye Care,industry_association,neutral,Liz Krueger,state_senate
2023-05-11,1000.0,Rochester Regional State Board,hospital_health_system_provider,neutral,Lea Webb,state_senate
2021-07-09,1000.0,New York State Society of Anesthesiologists,industry_association,unknown,Elijah Reichlin-Melnick,state_senate
2021-07-07,1000.0,Health Now Pac,industry_association,neutral,Timothy M Kennedy,state_senate
2023-01-27,1000.0,New York State Dental Association PAC (NYSDAPAC),industry_association,neutral,Iwen Chu,state_senate
2026-03-31,1000.0,Merck,pharma,neutral,Jeremy Cooney,state_senate
2022-07-08,1000.0,District Council 37 (DC37),union,blocker,Cordell Cleare,state_senate
2020-11-02,1000.0,New York State Assoc. of Healthcare Providers (NYSHCP),industry_association,neutral,Todd Kaminsky,state_senate
2025-03-24,1000.0,United New York Ambulance Network (UNYAN),industry_association,neutral,Jeremy Cooney,state_senate
2025-03-14,1000.0,Upstate Health Advocacy Project (UHAP),industry_association,neutral,Jeremy Cooney,state_senate
2020-01-02,1000.0,NYS Podiatric Assn.,industry_association,neutral,Todd Kaminsky,state_senate
2026-03-10,1000.0,Capital District Physicians' Health Plan (CDPHP),health_insurer,neutral,Jeremy Cooney,state_senate
2025-07-30,1000.0,Coalition of Asian-American Independent Practice Associations,industry_association,unknown,Jeremy Cooney,state_senate
2026-03-10,1000.0,Elevance,health_insurer,neutral,Jeremy Cooney,state_senate
2026-06-17,1000.0,Elevance,health_insurer,neutral,Jeremy Cooney,state_senate
2022-02-07,1000.0,Eli Lilly,pharma,neutral,Timothy M Kennedy,state_senate
2021-07-11,1000.0,New York State Dental Association PAC (NYSDAPAC),industry_association,neutral,Timothy M Kennedy,state_senate
2022-03-03,1000.0,New York State Dental Association PAC (NYSDAPAC),industry_association,neutral,Timothy M Kennedy,state_senate
2020-02-25,1000.0,New York State Dental Association PAC (NYSDAPAC),industry_association,neutral,Timothy M Kennedy,state_senate
2022-07-08,1000.0,Healthcare Association of New York State (HANYS),industry_association,unknown,Timothy M Kennedy,state_senate
2023-06-27,1000.0,United Healthcare / UnitedHealth Group (UHC/UHG),health_insurer,neutral,Jeremy Cooney,state_senate
2024-01-08,1000.0,Northwell Health,hospital_health_system_provider,neutral,Taylor Darling,state_senate
2025-11-14,1000.0,Empire State Assn. of Assisted Living (ESAAL),industry_association,unknown,Jeremy Cooney,state_senate
2026-06-17,1000.0,Empire State Assn. of Assisted Living (ESAAL),industry_association,unknown,Jeremy Cooney,state_senate
2025-06-23,1000.0,NYS Podiatric Assn.,industry_association,neutral,Jeremy Cooney,state_senate
2026-03-12,1000.0,New York Chiropractic Pac,industry_association,neutral,Jeremy Cooney,state_senate
2026-06-30,1000.0,MVP Health Care,health_insurer,neutral,Jeremy Cooney,state_senate
2026-03-10,1000.0,Empire State Assn. of Assisted Living (ESAAL),industry_association,unknown,Jeremy Cooney,state_senate
2025-06-09,1000.0,MVP Health Care,health_insurer,neutral,Jeremy Cooney,state_senate
2026-05-22,1000.0,Greater New York Hospital Association (GNYHA),industry_association,unknown,Jeremy Cooney,state_senate
2026-05-11,1000.0,Hurlbut Care,hospital_health_system_provider,neutral,Jeremy Cooney,state_senate
2026-03-12,1000.0,Healthcare Association of New York State (HANYS),industry_association,unknown,Jeremy Cooney,state_senate
2025-03-24,1000.0,Healthcare Association of New York State (HANYS),industry_association,unknown,Jeremy Cooney,state_senate
2024-07-18,1000.0,New York State Dental Association PAC (NYSDAPAC),industry_association,neutral,Christopher J. Ryan,state_senate
2024-10-29,1000.0,Coalition of Asian-American Independent Practice Associations,industry_association,unknown,Christopher J. Ryan,state_senate
2021-11-24,1000.0,Eli Lilly,pharma,neutral,John W. Mannion,state_senate
2021-03-31,1000.0,Eli Lilly,pharma,neutral,John W. Mannion,state_senate
2021-02-16,1000.0,Ny Physical Therapy Association,industry_association,neutral,Timothy M Kennedy,state_senate
2024-01-05,1000.0,Leadingage New York Pac,industry_association,neutral,Jeremy Cooney,state_senate
2023-03-23,1000.0,Healthcare Association of New York State (HANYS),industry_association,unknown,Jeremy Cooney,state_senate
2024-06-17,1000.0,Empire State Assn. of Assisted Living (ESAAL),industry_association,unknown,Jeremy Cooney,state_senate
2024-03-08,1000.0,Empire State Assn. of Assisted Living (ESAAL),industry_association,unknown,Jeremy Cooney,state_senate
2021-03-05,1000.0,NYS Occupational Therapy Assn. PAC,industry_association,neutral,Timothy M Kennedy,state_senate
2024-03-08,1000.0,Elevance,health_insurer,neutral,Jeremy Cooney,state_senate
2021-09-01,1000.0,Elevance,health_insurer,neutral,John W. Mannion,state_senate
2020-01-27,1000.0,New York State Society of PAs PAC,industry_association,neutral,Andrea Stewart-Cousins,state_senate
2021-10-16,1000.0,New York State Society of PAs PAC,industry_association,neutral,Andrea Stewart-Cousins,state_senate
2024-02-01,1000.0,NY Radiological Society,industry_association,neutral,Andrea Stewart-Cousins,state_senate
2021-03-18,1000.0,NY Radiological Society,industry_association,neutral,Andrea Stewart-Cousins,state_senate
2021-04-21,1000.0,NY Chiropractic PAC,industry_association,neutral,Andrea Stewart-Cousins,state_senate
2020-07-10,1000.0,NY Chiropractic PAC,industry_association,neutral,Andrea Stewart-Cousins,state_senate
2023-05-17,1000.0,NY State Psychiatric PAC,industry_association,neutral,Andrea Stewart-Cousins,state_senate
2022-02-18,1000.0,Brooklyn Village Adult Day Care Center I,adult_day_care,neutral,Iwen Chu,state_senate
2022-06-27,1000.0,Brooklyn Village Adult Day Care Center I,adult_day_care,neutral,Iwen Chu,state_senate
2021-07-20,1000.0,NY State Psychiatric PAC,industry_association,neutral,Andrea Stewart-Cousins,state_senate
2024-02-07,1000.0,NY State Psychiatric PAC,industry_association,neutral,Andrea Stewart-Cousins,state_senate
2022-05-13,1000.0,NY State Psychiatric PAC,industry_association,neutral,Andrea Stewart-Cousins,state_senate
2020-07-07,1000.0,NY State Psychiatric PAC,industry_association,neutral,Andrea Stewart-Cousins,state_senate
2020-10-25,1000.0,Ny Physical Therapy Association,industry_association,neutral,Andrea Stewart-Cousins,state_senate
2020-10-18,1000.0,New York Emergency Medicine,industry_association,neutral,Andrea Stewart-Cousins,state_senate
2024-01-04,1000.0,New York Emergency Medicine,industry_association,neutral,Andrea Stewart-Cousins,state_senate
2023-03-24,1000.0,Coalition of Asian-American Independent Practice Associations,industry_association,unknown,Iwen Chu,state_senate
2022-08-04,1000.0,DENG Medical PC,hospital_health_system_provider,neutral,Iwen Chu,state_senate
2022-10-24,1000.0,District Council 37 (DC37),union,blocker,Iwen Chu,state_senate
2022-01-07,1000.0,Ny Physical Therapy Association,industry_association,neutral,Timothy M Kennedy,state_senate
2020-08-21,1000.0,NYS Occupational Therapy Assn. PAC,industry_association,neutral,Timothy M Kennedy,state_senate
2021-07-26,1000.0,Healthcare Association of New York State (HANYS),industry_association,unknown,Philip Ramos,state_senate
2024-03-08,1000.0,Pharmacists Society of the State of New York,industry_association,unknown,Jeremy Cooney,state_senate
2026-06-24,1000.0,Award Pharmacy Corp,pharmacy,neutral,Stephen Chan,state_senate
2026-06-24,1000.0,Award Pharmacy Corp,pharmacy,neutral,Stephen Chan,state_senate
2026-06-24,1000.0,All Grand Pharmacy Inc,pharmacy,neutral,Stephen Chan,state_senate
2020-04-24,1000.0,New York State Dental Association PAC (NYSDAPAC),industry_association,unknown,John W. Mannion,state_senate
2026-02-28,1000.0,Elevance,health_insurer,neutral,Christopher J. Ryan,state_senate
2026-06-22,1000.0,Elevance,health_insurer,neutral,Christopher J. Ryan,state_senate
2026-05-20,1000.0,Elevance,health_insurer,neutral,Christopher J. Ryan,state_senate
2026-01-06,1000.0,Greater New York Nursing Home Association,industry_association,neutral,John C Liu,state_senate
2026-03-17,1000.0,NY Assn. of Nurse Anesthetists,industry_association,neutral,John C Liu,state_senate
2025-10-31,1000.0,NY Assn. of Nurse Anesthetists,industry_association,neutral,John C Liu,state_senate
2021-07-11,1000.0,"Western New York MRI, LLP",imaging_diagnostics,neutral,Timothy M Kennedy,state_senate
2024-05-28,1000.0,Pharmacists Society of the State of New York,industry_association,unknown,Jeremy Cooney,state_senate
2023-03-11,1000.0,Pharmacists Society of the State of New York,industry_association,unknown,Jeremy Cooney,state_senate
2020-03-23,1000.0,Long Island Pediatrics Of Brentwood PC,hospital_health_system_provider,neutral,Philip Ramos,state_senate
2024-06-17,1000.0,American Assoc. of Orthopedic Surgeons,industry_association,neutral,Jeremy Cooney,state_senate
2024-06-25,1000.0,MVP Health Care,health_insurer,neutral,Jeremy Cooney,state_senate
2022-11-07,1000.0,Merck,pharma,neutral,Timothy M Kennedy,state_senate
2023-05-26,1000.0,MVP Health Care,health_insurer,neutral,Jeremy Cooney,state_senate
2024-03-25,1000.0,Molina Healthcare,health_insurer,neutral,Jeremy Cooney,state_senate
2023-06-15,1000.0,Molina Healthcare,health_insurer,neutral,Jeremy Cooney,state_senate
2024-10-10,1000.0,Molina Healthcare,health_insurer,neutral,Jeremy Cooney,state_senate
2020-04-17,1000.0,New York Chiropractic Pac,industry_association,neutral,Timothy M Kennedy,state_senate
2023-03-31,1000.0,Coalition of Asian-American Independent Practice Associations,industry_association,unknown,Jeremy Cooney,state_senate
2022-02-22,1000.0,Pharmacists Society of the State of New York,industry_association,unknown,Timothy M Kennedy,state_senate
2021-03-05,1000.0,Pharmacists Society of the State of New York,industry_association,unknown,Timothy M Kennedy,state_senate
2021-07-21,1000.0,NYS Occupational Therapy Assn. PAC,industry_association,neutral,Timothy M Kennedy,state_senate
2021-03-18,1000.0,NYS Podiatric Assn.,industry_association,neutral,Gustavo Rivera,state_senate
2025-11-06,1000.0,Elevance,health_insurer,neutral,Peter Harckham,state_senate
2020-03-03,1000.0,New York Emergency Medicine,industry_association,neutral,Gustavo Rivera,state_senate
2021-10-06,1000.0,Cliffside Rehab And HCC,post_acute_long_term_care,neutral,Kathleen C. Hochul,governor
2022-03-06,1000.0,Boro Park Center for Rehabilitation,post_acute_long_term_care,neutral,Kathleen C. Hochul,governor
2021-10-06,1000.0,Beth Abraham Center for Rehabilitation a,post_acute_long_term_care,neutral,Kathleen C. Hochul,governor
2026-03-23,1000.0,Sycamore Medical Corp,hospital_health_system_provider,neutral,Bruce  Blakeman,governor
2022-03-06,1000.0,Beth Abraham Center for Rehabilitation a,post_acute_long_term_care,neutral,Kathleen C. Hochul,governor
2022-06-15,1000.0,BCT Medical Services PC,hospital_health_system_provider,neutral,Kathleen C. Hochul,governor
2021-10-06,1000.0,Avon Nursing Home LLC,post_acute_long_term_care,neutral,Kathleen C. Hochul,governor
2021-10-11,1000.0,NYU Langone Health,hospital_health_system_provider,neutral,Kathleen C. Hochul,governor
2023-07-06,1000.0,American Nurses Assn. (ANA-NY PAC),industry_association,neutral,Kathleen C. Hochul,governor
2025-04-14,1000.0,American Nurses Assn. (ANA-NY PAC),industry_association,neutral,Kathleen C. Hochul,governor
2022-05-31,1000.0,American Nurses Assn. (ANA-NY PAC),industry_association,neutral,Kathleen C. Hochul,governor
2024-05-08,1000.0,American Nurses Assn. (ANA-NY PAC),industry_association,neutral,Kathleen C. Hochul,governor
2021-12-14,1000.0,Absolut Center for Nursing and Rehabilit,post_acute_long_term_care,neutral,Kathleen C. Hochul,governor
2025-12-18,1000.0,AbbVie,pharma,neutral,Kathleen C. Hochul,governor
2026-06-08,1000.0,AbbVie,pharma,neutral,Kathleen C. Hochul,governor
2025-11-06,1000.0,Healthcare Association of New York State (HANYS),industry_association,unknown,Peter Harckham,state_senate
2025-07-02,1000.0,"KPH Healthcare Services, Inc",hospital_health_system_provider,neutral,Kathleen C. Hochul,governor
2021-12-14,1000.0,JBRNC LLC DBA Hudson Park Rehabilitati,hospital_health_system_provider,unknown,Kathleen C. Hochul,governor
2023-02-27,1000.0,District Council 37 (DC37),union,blocker,Jessica Ramos,state_senate
2021-12-14,1000.0,Morningside Nursing and Rehabilitation,post_acute_long_term_care,neutral,Kathleen C. Hochul,governor
2023-07-12,1000.0,Morningside Dialysis Center,renal_dialysis,neutral,Kathleen C. Hochul,governor
2023-07-12,1000.0,Mills Pond Dialysis Center LLC,renal_dialysis,neutral,Kathleen C. Hochul,governor
2020-10-22,1000.0,Medical Society of the State of New York,industry_association,neutral,Kathleen C. Hochul,governor
2023-12-27,1000.0,Maxim Healthcare Services,hospital_health_system_provider,neutral,Kathleen C. Hochul,governor
2020-01-22,1000.0,Eli Lilly,pharma,neutral,Jessica Ramos,state_senate
2021-12-01,1000.0,Eli Lilly,pharma,neutral,Jessica Ramos,state_senate
2021-10-06,1000.0,Martine Center for Rehab & Nursing,post_acute_long_term_care,neutral,Kathleen C. Hochul,governor
2020-01-13,1000.0,New York State Dental Association PAC (NYSDAPAC),industry_association,unknown,Jessica Ramos,state_senate
2021-12-14,1000.0,Chestnut Park Rehabilitation and Nursing,post_acute_long_term_care,neutral,Kathleen C. Hochul,governor
2021-12-14,1000.0,Colonial Park Rehabilitation & Nursing C,post_acute_long_term_care,neutral,Kathleen C. Hochul,governor
2024-02-26,1000.0,Elevance,health_insurer,neutral,Andrew J Lanza,state_senate
2021-10-06,1000.0,Conesus Lake Nursing Home LLC,post_acute_long_term_care,neutral,Kathleen C. Hochul,governor
2020-09-28,1000.0,Healthcare Association of New York State (HANYS),industry_association,unknown,Peter Harckham,state_senate
2022-03-06,1000.0,Upper East Side Rehabilitation and Nursing,post_acute_long_term_care,neutral,Kathleen C. Hochul,governor
2021-10-06,1000.0,University Center for Rehabilitation and,post_acute_long_term_care,neutral,Kathleen C. Hochul,governor
2021-04-28,1000.0,Healthcare Association of New York State (HANYS),industry_association,unknown,Peter Harckham,state_senate
2022-01-11,1000.0,Healthcare Association of New York State (HANYS),industry_association,unknown,Peter Harckham,state_senate
2021-10-06,1000.0,Morris Park Rehabilitation and Nursing,post_acute_long_term_care,neutral,Kathleen C. Hochul,governor
2022-04-10,1000.0,Morningside Nursing and Rehabilitation,post_acute_long_term_care,neutral,Kathleen C. Hochul,governor
2021-12-14,1000.0,Carillon Nursing & Rehab Center,post_acute_long_term_care,neutral,Kathleen C. Hochul,governor
2022-04-10,1000.0,Carillon Nursing & Rehab Center,post_acute_long_term_care,neutral,Kathleen C. Hochul,governor
2022-03-06,1000.0,Carillon Nursing & Rehab Center,post_acute_long_term_care,neutral,Kathleen C. Hochul,governor
2024-07-11,1000.0,Coalition of Asian-American Independent Practice Associations,industry_association,unknown,Kathleen C. Hochul,governor
2021-12-14,1000.0,CCRNC LLC dba Crown Park Rehabilitation,hospital_health_system_provider,unknown,Kathleen C. Hochul,governor
2022-03-06,1000.0,Bushwick Center for Rehabilitation and H,post_acute_long_term_care,neutral,Kathleen C. Hochul,governor
2021-10-06,1000.0,Bushwick Center for Rehabilitation and H,post_acute_long_term_care,neutral,Kathleen C. Hochul,governor
2021-10-06,1000.0,Buffalo Center for Rehabilitation and Nu,post_acute_long_term_care,neutral,Kathleen C. Hochul,governor
2021-10-06,1000.0,Brooklyn Center for Rehabilitation and R,post_acute_long_term_care,neutral,Kathleen C. Hochul,governor
2021-10-06,1000.0,Bronx Center for Rehabilitation and Heal,post_acute_long_term_care,neutral,Kathleen C. Hochul,governor
2021-12-14,1000.0,Bridgewater Center for Rehabilitation an,post_acute_long_term_care,neutral,Kathleen C. Hochul,governor
2021-10-06,1000.0,Boro Park Center for Rehabilitation,post_acute_long_term_care,neutral,Kathleen C. Hochul,governor
2021-12-14,1000.0,Central Park Rehabilitation,hospital_health_system_provider,neutral,Kathleen C. Hochul,governor
2024-07-10,1000.0,Greater New York Hospital Association (GNYHA),industry_association,neutral,Kathleen C. Hochul,governor
2022-05-25,1000.0,NY Assn. of Nurse Anesthetists,industry_association,neutral,Jessica Ramos,state_senate
2022-05-20,1000.0,Mount Sinai Health System,hospital_health_system_provider,neutral,Kathleen C. Hochul,governor
2022-05-05,1000.0,Mount Sinai Health System,hospital_health_system_provider,neutral,Kathleen C. Hochul,governor
2021-10-08,1000.0,Mount Sinai Health System,hospital_health_system_provider,neutral,Kathleen C. Hochul,governor
2024-07-11,1000.0,Greater New York Hospital Association (GNYHA),industry_association,neutral,Kathleen C. Hochul,governor
2021-12-14,1000.0,CRNC LLC DBA Cortland Park Rehabilitat,hospital_health_system_provider,unknown,Kathleen C. Hochul,governor
2021-10-06,1000.0,Luxor Nursing & Rehabilitation at Mills,post_acute_long_term_care,neutral,Kathleen C. Hochul,governor
2022-05-16,1000.0,Healthcare Association of New York State (HANYS),industry_association,unknown,Jessica Ramos,state_senate
2022-02-02,1000.0,Medical Society of the State of New York,industry_association,neutral,Kathleen C. Hochul,governor
2025-06-16,1000.0,"Independent Health Care Services, Inc",hospital_health_system_provider,neutral,Kathleen C. Hochul,governor
2025-02-14,1000.0,Pharmacists Society of the State of New York,industry_association,neutral,Andrew Gounardes,state_senate
2022-05-04,1000.0,New York State Society of Anesthesiologists,industry_association,neutral,"Leroy G Comrie, Jr.",state_senate
2024-07-11,1000.0,Healthcare Association of New York State (HANYS),industry_association,neutral,Andrew Gounardes,state_senate
2022-10-25,1000.0,Abbott Laboratories,medical_device,unknown,Robert G Ortt,state_senate
2025-05-29,1000.0,Elevance,health_insurer,neutral,Robert G Ortt,state_senate
2025-04-09,1000.0,Elevance,health_insurer,neutral,Robert G Ortt,state_senate
2022-09-30,1000.0,R Joudeh Medical Pavillion PLLC,hospital_health_system_provider,neutral,Andrew Gounardes,state_senate
2024-06-30,1000.0,Pharmacists Society of the State of New York,industry_association,unknown,Andrew Gounardes,state_senate
2024-02-23,1000.0,Pharmacists Society of the State of New York,industry_association,unknown,Andrew Gounardes,state_senate
2022-02-22,1000.0,Pharmacists Society of the State of New York,industry_association,unknown,Andrew Gounardes,state_senate
2022-09-30,1000.0,RJ Medical,hospital_health_system_provider,neutral,Andrew Gounardes,state_senate
2020-01-10,1000.0,Elevance,health_insurer,neutral,Diane J Savino,state_senate
2022-09-09,1000.0,New York State Society of Anesthesiologists,industry_association,neutral,"Leroy G Comrie, Jr.",state_senate
2023-02-17,1000.0,New York State Society of Anesthesiologists,industry_association,neutral,"Leroy G Comrie, Jr.",state_senate
2020-10-20,1000.0,Merck,pharma,neutral,"Leroy G Comrie, Jr.",state_senate
2025-12-17,1000.0,"Just Kids Diagnostic & Treatment Center,",imaging_diagnostics,neutral,Monica R. Martinez,state_senate
2026-07-10,1000.0,Molina Healthcare,health_insurer,neutral,Monica R. Martinez,state_senate
2026-05-14,1000.0,Health Plan Association (HPA) PAC,industry_association,neutral,Monica R. Martinez,state_senate
2026-05-14,1000.0,Centene,health_insurer,neutral,Monica R. Martinez,state_senate
2020-01-13,1000.0,EmblemHealth,health_insurer,neutral,Anna M. Kaplan,state_senate
2022-02-15,1000.0,Eli Lilly,pharma,neutral,Anna M. Kaplan,state_senate
2021-04-14,1000.0,Northwell Health,hospital_health_system_provider,neutral,Anna M. Kaplan,state_senate
2026-06-29,1000.0,Elevance,health_insurer,neutral,Monica R. Martinez,state_senate
2026-03-09,1000.0,Healthcare Association of New York State (HANYS),industry_association,unknown,Monica R. Martinez,state_senate
2025-07-11,1000.0,Elevance,health_insurer,neutral,Monica R. Martinez,state_senate
2020-01-13,1000.0,Northwell Health,hospital_health_system_provider,neutral,Anna M. Kaplan,state_senate
2026-05-19,1000.0,Coalition of Asian-American Independent Practice Associations,industry_association,unknown,Monica R. Martinez,state_senate
2025-02-20,1000.0,New York State Society of Anesthesiologists,industry_association,unknown,"Leroy G Comrie, Jr.",state_senate
2026-03-10,1000.0,New York State Society of Anesthesiologists,industry_association,unknown,Andrew Gounardes,state_senate
2022-05-25,1000.0,District Council 37 (DC37),union,blocker,Andrew J Lanza,state_senate
2025-06-16,1000.0,Healthcare Association of New York State (HANYS),industry_association,unknown,Kathleen C. Hochul,governor
2022-08-29,1000.0,Independent Health Association,health_insurer,neutral,Kathleen C. Hochul,governor
2025-06-24,1000.0,Greater New York Nursing Home Association,industry_association,neutral,Kathleen C. Hochul,governor
2020-01-13,1000.0,Greater New York Nursing Home Association,industry_association,neutral,Kathleen C. Hochul,governor
2023-07-11,1000.0,Golden Gate Rehab And HCC,post_acute_long_term_care,neutral,Kathleen C. Hochul,governor
2021-12-14,1000.0,Friedwald Center for Nursing and Rehabil,post_acute_long_term_care,neutral,Kathleen C. Hochul,governor
2021-10-06,1000.0,Forest View Center for Rehabilitation an,post_acute_long_term_care,neutral,Kathleen C. Hochul,governor
2021-10-06,1000.0,FoltsBrook Center for Nursing & Rehabili,post_acute_long_term_care,neutral,Kathleen C. Hochul,governor
2021-12-14,1000.0,"ECRNC, LLC dba Evergreen Commons Rehab",hospital_health_system_provider,unknown,Kathleen C. Hochul,governor
2023-07-11,1000.0,Eastchester Rehab. and Health Care Cente,post_acute_long_term_care,neutral,Kathleen C. Hochul,governor
2022-04-10,1000.0,East Neck Nursing and Rehab Center,post_acute_long_term_care,neutral,Kathleen C. Hochul,governor
2021-10-06,1000.0,East Neck Nursing and Rehab Center,post_acute_long_term_care,neutral,Kathleen C. Hochul,governor
2021-10-06,1000.0,Elm Manor Rehabilitation and Nursing Cen,post_acute_long_term_care,neutral,Kathleen C. Hochul,governor
2026-06-24,1000.0,Healthcare Association of New York State (HANYS),industry_association,unknown,Kathleen C. Hochul,governor
2024-08-05,1000.0,New York State Society of Anesthesiologists,industry_association,neutral,"Leroy G Comrie, Jr.",state_senate
2023-08-24,1000.0,Independent Health Association,health_insurer,neutral,Kathleen C. Hochul,governor
2025-05-28,1000.0,Hudson Regional LTC Pharmacy,pharmacy,neutral,Kathleen C. Hochul,governor
2021-08-18,1000.0,Health Plan Association (HPA) PAC,industry_association,neutral,Kathleen C. Hochul,governor
2021-10-06,1000.0,Horizon Care Center,hospital_health_system_provider,neutral,Kathleen C. Hochul,governor
2021-10-06,1000.0,Holliswood Center for Rehabilitation and,post_acute_long_term_care,neutral,Kathleen C. Hochul,governor
2020-08-31,1000.0,Health Now Pac,industry_association,neutral,Kathleen C. Hochul,governor
2021-11-15,1000.0,Health Care Providers PAC,industry_association,neutral,Kathleen C. Hochul,governor
2025-03-10,1000.0,Healthcare Association of New York State (HANYS),industry_association,unknown,Peter Harckham,state_senate
2025-05-08,1000.0,Leadingage New York Pac,industry_association,neutral,Andrew Gounardes,state_senate
2024-07-11,1000.0,United Healthcare / UnitedHealth Group (UHC/UHG),health_insurer,neutral,Andrew Gounardes,state_senate
2024-01-03,1000.0,United Healthcare / UnitedHealth Group (UHC/UHG),health_insurer,neutral,"Leroy G Comrie, Jr.",state_senate
2025-06-26,1000.0,New York State Society of Anesthesiologists,industry_association,unknown,Andrew Gounardes,state_senate
2021-12-14,1000.0,Upper East Side Rehabilitation and Nursing,post_acute_long_term_care,neutral,Kathleen C. Hochul,governor
2020-11-02,1000.0,Elevance,health_insurer,neutral,Peter Harckham,state_senate
2020-03-05,1000.0,Elevance,health_insurer,neutral,Peter Harckham,state_senate
2022-05-16,1000.0,Oak Street Health Physicians G,hospital_health_system_provider,neutral,Kathleen C. Hochul,governor
2020-02-14,1000.0,Nurse Practitioners Of NY State PAC,industry_association,neutral,Brian A. Benjamin,state_senate
2022-01-13,1000.0,Healthcare Association of New York State (HANYS),industry_association,unknown,Anna M. Kaplan,state_senate
2026-05-11,1000.0,Healthcare Association of New York State (HANYS),industry_association,unknown,Erik Bottcher,state_senate
2022-09-19,1000.0,New York State Dental Association PAC (NYSDAPAC),industry_association,unknown,Anna M. Kaplan,state_senate
2023-07-20,1000.0,Elevance,health_insurer,neutral,Andrew Gounardes,state_senate
2020-01-16,1000.0,New York State Dental Association PAC (NYSDAPAC),industry_association,unknown,Anna M. Kaplan,state_senate
2021-10-06,1000.0,Seneca Nursing Home,post_acute_long_term_care,neutral,Kathleen C. Hochul,governor
2022-03-06,1000.0,Sea Crest Nursing and Rehabilitation Center,post_acute_long_term_care,neutral,Kathleen C. Hochul,governor
2021-12-14,1000.0,Sea Crest Nursing and Rehabilitation Center,post_acute_long_term_care,neutral,Kathleen C. Hochul,governor
2022-04-10,1000.0,Sea Crest Nursing and Rehabilitation Center,post_acute_long_term_care,neutral,Kathleen C. Hochul,governor
2023-07-12,1000.0,Sea Crest Dialysis Center,renal_dialysis,neutral,Kathleen C. Hochul,governor
2021-10-06,1000.0,Schenectady Center for Rehabilitation an,post_acute_long_term_care,neutral,Kathleen C. Hochul,governor
2025-10-06,1000.0,"Schenectady Ambulance Service, Inc.",other_healthcare_related,neutral,Kathleen C. Hochul,governor
2022-09-19,1000.0,"Schenectady Ambulance Service, Inc.",other_healthcare_related,neutral,Kathleen C. Hochul,governor
2022-01-12,1000.0,Robinson Terrace Rehabilitation and Nurs,post_acute_long_term_care,neutral,Kathleen C. Hochul,governor
2021-10-06,1000.0,Richmond Center for Rehabilitation and S,post_acute_long_term_care,neutral,Kathleen C. Hochul,governor
2022-09-12,1000.0,Sea Crest Nursing and Rehabilitation Center,post_acute_long_term_care,neutral,Kathleen C. Hochul,governor
2022-03-06,1000.0,Shore View Nursing and Rehabilitation Center,post_acute_long_term_care,neutral,Kathleen C. Hochul,governor
2022-04-10,1000.0,Shore View Nursing and Rehabilitation Center,post_acute_long_term_care,neutral,Kathleen C. Hochul,governor
2021-12-14,1000.0,The Grand Rehabilitation and Nursing,post_acute_long_term_care,neutral,Kathleen C. Hochul,governor
2021-12-14,1000.0,The Grand Rehabilitation and Nursing,post_acute_long_term_care,neutral,Kathleen C. Hochul,governor
2020-10-23,1000.0,Pharmacists Society of the State of New York,industry_association,unknown,Peter Harckham,state_senate
2021-12-14,1000.0,The Grand Rehabilitation and Nursing,post_acute_long_term_care,neutral,Kathleen C. Hochul,governor
2021-12-14,1000.0,South Shore Rehabilitation LLC,hospital_health_system_provider,neutral,Kathleen C. Hochul,governor
2021-12-14,1000.0,Shore View Nursing and Rehabilitation Center,post_acute_long_term_care,neutral,Kathleen C. Hochul,governor
2022-09-12,1000.0,Shore View Nursing and Rehabilitation Center,post_acute_long_term_care,neutral,Kathleen C. Hochul,governor
2021-10-06,1000.0,The Diamond Nursing and Rehabilitation C,post_acute_long_term_care,neutral,Kathleen C. Hochul,governor
2021-09-23,1000.0,New York State Dental Association PAC (NYSDAPAC),industry_association,neutral,George M. Borrello,state_senate
2020-01-11,1000.0,Pharmacy Political Action Committee Of New York St,industry_association,neutral,Brian A. Benjamin,state_senate
2022-08-05,1000.0,Molina Healthcare,health_insurer,neutral,John W. Mannion,state_senate
2022-04-18,1000.0,Elevance,health_insurer,neutral,Anna M. Kaplan,state_senate
2025-09-22,1000.0,United Healthcare / UnitedHealth Group (UHC/UHG),health_insurer,neutral,Nathalia Fernandez,state_senate
2024-01-26,1000.0,New York State Society of Anesthesiologists,industry_association,neutral,Brian Kavanagh,state_senate
2020-01-14,1000.0,EmblemHealth,health_insurer,neutral,Brian A. Benjamin,state_senate
2020-03-27,1000.0,Elevance,health_insurer,neutral,Brian A. Benjamin,state_senate
2025-03-25,1000.0,Coalition of Asian-American Independent Practice Associations,industry_association,unknown,Brian Kavanagh,state_senate
2021-12-30,1000.0,New York Chiropractic Pac,industry_association,neutral,John W. Mannion,state_senate
2020-10-13,1000.0,New York Chiropractic Pac,industry_association,neutral,John W. Mannion,state_senate
2022-06-08,1000.0,Centene,health_insurer,neutral,Anna M. Kaplan,state_senate
2020-01-29,1000.0,New York State Dental Association PAC (NYSDAPAC),industry_association,unknown,Brian A. Benjamin,state_senate
2022-04-14,1000.0,Hudson Regional LTC Pharmacy,pharmacy,neutral,John W. Mannion,state_senate
2022-06-08,1000.0,Elevance,health_insurer,neutral,Anna M. Kaplan,state_senate
2024-02-07,1000.0,Elevance,health_insurer,neutral,Monica R. Martinez,state_senate
2024-02-07,1000.0,Healthcare Association of New York State (HANYS),industry_association,unknown,Monica R. Martinez,state_senate
2020-10-24,1000.0,Healthcare Association of New York State (HANYS),industry_association,unknown,Anna M. Kaplan,state_senate
2022-07-15,1000.0,New York State Association of Healthcare,industry_association,neutral,Anna M. Kaplan,state_senate
2022-08-18,1000.0,New York State Society of Anesthesiologists,industry_association,unknown,Anna M. Kaplan,state_senate
2025-09-21,1000.0,"Vernon Rehab & Physical Therapy, PC",post_acute_long_term_care,neutral,William J Weber Jr.,state_senate
2023-06-12,1000.0,Upstate Health Advocacy Project (UHAP),industry_association,neutral,John W. Mannion,state_senate
2022-08-16,1000.0,New York State Society of Anesthesiologists,industry_association,unknown,John W. Mannion,state_senate
2024-02-26,1000.0,New York State Society of Anesthesiologists,industry_association,neutral,Monica R. Martinez,state_senate
2022-10-30,1000.0,Leadingage New York Pac,industry_association,neutral,John W. Mannion,state_senate
2023-05-06,1000.0,New York State Society of Anesthesiologists,industry_association,unknown,John W. Mannion,state_senate
2022-02-22,1000.0,New York State Dental Association PAC (NYSDAPAC),industry_association,neutral,George M. Borrello,state_senate
2022-07-21,1000.0,New York State Dental Association PAC (NYSDAPAC),industry_association,neutral,George M. Borrello,state_senate
2024-06-03,1000.0,Coalition of Asian-American Independent Practice Associations,industry_association,unknown,Monica R. Martinez,state_senate
2020-02-14,1000.0,Freedom Care LLC,hospital_health_system_provider,neutral,Brian A. Benjamin,state_senate
2021-12-14,1000.0,The Grand Rehabilitation and Nursing,post_acute_long_term_care,neutral,Kathleen C. Hochul,governor
2023-12-06,1000.0,New York State Assoc. of Healthcare Providers (NYSHCP),industry_association,neutral,Kathleen C. Hochul,governor
2022-02-28,1000.0,New York State Dental Association PAC (NYSDAPAC),industry_association,unknown,Peter Harckham,state_senate
2025-12-29,1000.0,NYS Clinical Laboratory Association PAC,industry_association,neutral,Kathleen C. Hochul,governor
2022-06-17,1000.0,Ridgewood City Pharmacy Inc,pharmacy,neutral,Thomas R. Suozzi,governor
2022-06-17,1000.0,Rangel Pharmacy Inc,pharmacy,neutral,Thomas R. Suozzi,governor
2025-03-10,1000.0,New York State Society of Anesthesiologists,industry_association,unknown,Peter Harckham,state_senate
2022-02-11,1000.0,Lo NG Pharmacy Corp,pharmacy,neutral,Thomas R. Suozzi,governor
2022-04-08,1000.0,KMR Medical Care,hospital_health_system_provider,neutral,Thomas R. Suozzi,governor
2021-12-14,1000.0,VRNC LLC DBA Vestal Park Rehabilitatio,hospital_health_system_provider,neutral,Kathleen C. Hochul,governor
2025-05-28,1000.0,Empire State Assn. of Assisted Living (ESAAL),industry_association,neutral,Kathleen C. Hochul,governor
2025-05-28,1000.0,Empire State Assn. of Assisted Living (ESAAL),industry_association,neutral,Kathleen C. Hochul,governor
2020-10-28,1000.0,Leadingage New York Pac,industry_association,neutral,Peter Harckham,state_senate
2021-10-06,1000.0,Triboro Center for Rehabilitation and Nu,post_acute_long_term_care,neutral,Kathleen C. Hochul,governor
2020-09-25,1000.0,Leadingage New York Pac,industry_association,neutral,Peter Harckham,state_senate
2022-01-12,1000.0,The Grand Rehabilitation and Nursing,post_acute_long_term_care,neutral,Kathleen C. Hochul,governor
2021-12-14,1000.0,The Grand Rehabilitation and Nursing,post_acute_long_term_care,neutral,Kathleen C. Hochul,governor
2021-12-14,1000.0,The Grand Rehabilitation and Nursing,post_acute_long_term_care,neutral,Kathleen C. Hochul,governor
2021-12-14,1000.0,The Grand Rehabilitation and Nursing,post_acute_long_term_care,neutral,Kathleen C. Hochul,governor
2021-12-14,1000.0,The Grand Rehabilitation and Nursing,post_acute_long_term_care,neutral,Kathleen C. Hochul,governor
2021-12-14,1000.0,The Grand Rehabilitation and Nursing,post_acute_long_term_care,neutral,Kathleen C. Hochul,governor
2022-10-31,1000.0,Leadingage New York Pac,industry_association,neutral,Peter Harckham,state_senate
2022-03-10,1000.0,Vinay Kapoor Physician PC,hospital_health_system_provider,neutral,Kathleen C. Hochul,governor
2024-07-09,1000.0,Vertex Pharmaceuticals,pharma,neutral,Kathleen C. Hochul,governor
2020-03-08,1000.0,Northwell Health,hospital_health_system_provider,neutral,Peter Harckham,state_senate
2021-12-14,1000.0,"VDRNC, LLC dba Van Duyn Center for Rehab",post_acute_long_term_care,neutral,Kathleen C. Hochul,governor
2022-04-10,1000.0,Upper East Side Rehabilitation and Nursing,post_acute_long_term_care,neutral,Kathleen C. Hochul,governor
2022-07-20,1000.0,Eli Lilly,pharma,neutral,Peter Harckham,state_senate
2020-02-26,1000.0,New York State Dental Association PAC (NYSDAPAC),industry_association,unknown,Peter Harckham,state_senate
2022-09-12,1000.0,Upper East Side Rehabilitation and Nursing,post_acute_long_term_care,neutral,Kathleen C. Hochul,governor
2021-09-28,1000.0,New York State Dental Association PAC (NYSDAPAC),industry_association,unknown,Peter Harckham,state_senate
2022-05-10,1000.0,NYU Langone Health,hospital_health_system_provider,neutral,Thomas R. Suozzi,governor
2022-05-19,1000.0,RS Medical Office PC,hospital_health_system_provider,neutral,Thomas R. Suozzi,governor
2022-01-08,1000.0,Shahzad Iqbal Physician PLLC,hospital_health_system_provider,neutral,Thomas R. Suozzi,governor
2024-04-05,1000.0,Nursing Network LLC,hospital_health_system_provider,neutral,Steven B. Raga,state_senate
2024-07-11,1000.0,NYS Clinical Laboratory Association PAC,industry_association,neutral,Kathleen C. Hochul,governor
2023-07-11,1000.0,NYS Clinical Laboratory Association PAC,industry_association,neutral,Kathleen C. Hochul,governor
2021-11-15,1000.0,Ny Physical Therapy Association,industry_association,neutral,Kathleen C. Hochul,governor
2021-12-14,1000.0,Pine Valley Center for Rehab and Nursing,post_acute_long_term_care,neutral,Kathleen C. Hochul,governor
2023-08-15,1000.0,Pfizer,pharma,unknown,Kathleen C. Hochul,governor
2021-12-14,1000.0,Peninsula Nursing & Rehabilitation Cente,post_acute_long_term_care,neutral,Kathleen C. Hochul,governor
2022-09-12,1000.0,Peninsula Nursing & Rehabilitation Cente,post_acute_long_term_care,neutral,Kathleen C. Hochul,governor
2022-07-06,1000.0,NEW YORK INTERNAL MEDICINE,hospital_health_system_provider,neutral,Philip Ramos,state_senate
2022-04-10,1000.0,Peninsula Nursing & Rehabilitation Cente,post_acute_long_term_care,neutral,Kathleen C. Hochul,governor
2022-09-19,1000.0,"Parkland Ambulance Service, Inc.",other_healthcare_related,neutral,Kathleen C. Hochul,governor
2021-12-14,1000.0,Park Gardens Rehabilitation & Nursing Ce,post_acute_long_term_care,neutral,Kathleen C. Hochul,governor
2021-11-30,1000.0,American Assoc. of Orthopedic Surgeons,industry_association,neutral,Kathleen C. Hochul,governor
2021-12-14,1000.0,The Grand Rehabilitation and Nursing,post_acute_long_term_care,neutral,Kathleen C. Hochul,governor
2021-11-16,1000.0,Adolina Dental P.C,hospital_health_system_provider,neutral,Lee Michael Zeldin,governor
2021-12-14,1000.0,The Grand Rehabilitation and Nursing,post_acute_long_term_care,neutral,Kathleen C. Hochul,governor
2022-06-17,1000.0,GSPM PHARMACY INC,pharmacy,neutral,Thomas R. Suozzi,governor
2022-04-08,1000.0,Faan Medical Services,hospital_health_system_provider,neutral,Thomas R. Suozzi,governor
2022-04-08,1000.0,Inspire Medical Health,hospital_health_system_provider,neutral,Thomas R. Suozzi,governor
2021-01-04,1000.0,Bristol Myers Squibb,pharma,neutral,Peter Harckham,state_senate
2023-07-12,1000.0,Workmens Circle Dialysis Management LLC,renal_dialysis,neutral,Kathleen C. Hochul,governor
2021-10-06,1000.0,WOODCREST REHAB AND RHCC,post_acute_long_term_care,neutral,Kathleen C. Hochul,governor
2022-06-15,1000.0,Wholesome Medical PC,hospital_health_system_provider,neutral,Kathleen C. Hochul,governor
2021-10-06,1000.0,Wedgewood Rehabilitation and Nursing Cen,post_acute_long_term_care,neutral,Kathleen C. Hochul,governor
2021-11-29,1000.0,NYU Langone Health,hospital_health_system_provider,neutral,Thomas R. Suozzi,governor
2022-06-03,1000.0,Axis Neurosurgery and Spine,hospital_health_system_provider,neutral,Lee Michael Zeldin,governor
2022-09-13,1000.0,AMERICAN PODIATRIC MEDICAL ASSOCIATION P,industry_association,neutral,Lee Michael Zeldin,governor
2026-06-15,1000.0,Elevance,health_insurer,neutral,Monica R. Martinez,state_senate
2022-09-09,1000.0,Merck,pharma,neutral,"Leroy G Comrie, Jr.",state_senate
2023-06-07,1000.0,Nurse Practitioners Of NY State PAC,industry_association,neutral,Gustavo Rivera,state_senate
2025-06-14,1000.0,Nurse Practitioners Of NY State PAC,industry_association,neutral,Gustavo Rivera,state_senate
2026-04-10,1000.0,New York State Society of Anesthesiologists,industry_association,unknown,Gustavo Rivera,state_senate
2026-05-11,1000.0,New York State Dental Association PAC (NYSDAPAC),industry_association,neutral,Gustavo Rivera,state_senate
2026-05-20,1000.0,NY State Psychiatric PAC,industry_association,neutral,Gustavo Rivera,state_senate
2026-03-26,1000.0,Capital District Physicians' Health Plan (CDPHP),health_insurer,neutral,Gustavo Rivera,state_senate
2020-03-05,1000.0,New York State Society of Anesthesiologists,industry_association,neutral,Jamaal T. Bailey,state_senate
2026-03-23,1000.0,New York Chiropractic Pac,industry_association,neutral,Jamaal T. Bailey,state_senate
2026-03-23,1000.0,American Nurses Assn. (ANA-NY PAC),industry_association,neutral,Gustavo Rivera,state_senate
2025-04-09,1000.0,American Assoc. of Orthopedic Surgeons,industry_association,neutral,Jamaal T. Bailey,state_senate
2024-04-22,1000.0,NY Assn. of Nurse Anesthetists,industry_association,neutral,Jamaal T. Bailey,state_senate
2025-03-31,1000.0,NY Assn. of Nurse Anesthetists,industry_association,neutral,Jamaal T. Bailey,state_senate
2026-03-23,1000.0,NY Assn. of Nurse Anesthetists,industry_association,neutral,Jamaal T. Bailey,state_senate
2026-03-23,1000.0,NY Radiological Society,industry_association,neutral,Jamaal T. Bailey,state_senate
2023-06-07,1000.0,Sun Medical Care PC,hospital_health_system_provider,neutral,Gustavo Rivera,state_senate
2022-06-03,1000.0,Sun Medical Care PC,hospital_health_system_provider,neutral,Gustavo Rivera,state_senate
2022-01-04,1000.0,Takeda Pharmaceuticals,pharma,neutral,Gustavo Rivera,state_senate
2026-06-26,1000.0,NY Radiological Society,industry_association,neutral,Gustavo Rivera,state_senate
2026-05-18,1000.0,New York State Dental Association PAC (NYSDAPAC),industry_association,neutral,Jamaal T. Bailey,state_senate
2023-06-01,1000.0,NY Assn. of Nurse Anesthetists,industry_association,neutral,Jamaal T. Bailey,state_senate
2022-03-02,1000.0,NY Assn. of Nurse Anesthetists,industry_association,neutral,Jamaal T. Bailey,state_senate
2021-06-14,1000.0,NY Assn. of Nurse Anesthetists,industry_association,neutral,Jamaal T. Bailey,state_senate
2020-02-28,1000.0,New York State Funeral Directors Association PAC,industry_association,neutral,Jamaal T. Bailey,state_senate
2023-03-23,1000.0,United New York Ambulance Network (UNYAN),industry_association,neutral,Gustavo Rivera,state_senate
2023-06-07,1000.0,United New York Ambulance Network (UNYAN),industry_association,neutral,Gustavo Rivera,state_senate
2021-04-01,1000.0,United New York Ambulance Network (UNYAN),industry_association,neutral,Gustavo Rivera,state_senate
2021-01-11,1000.0,Vertex Pharmaceuticals,pharma,neutral,Gustavo Rivera,state_senate
2025-11-23,1000.0,NY Radiological Society,industry_association,neutral,Gustavo Rivera,state_senate
2026-03-10,1000.0,NY Radiological Society,industry_association,neutral,Gustavo Rivera,state_senate
2025-06-14,1000.0,New York State Society of Anesthesiologists,industry_association,unknown,Gustavo Rivera,state_senate
2026-04-20,1000.0,New York State Society of PAs PAC,industry_association,neutral,Gustavo Rivera,state_senate
2026-02-24,1000.0,United New York Ambulance Network (UNYAN),industry_association,neutral,Monica R. Martinez,state_senate
2022-08-16,1000.0,Merck,pharma,neutral,Jamaal T. Bailey,state_senate
2020-09-24,1000.0,New York State Dental Association PAC (NYSDAPAC),industry_association,unknown,John Brooks,state_senate
2021-06-30,1000.0,Northwell Health,hospital_health_system_provider,neutral,John Brooks,state_senate
2026-03-13,1000.0,NY Assn. of Nurse Anesthetists,industry_association,neutral,Kristen Gonzalez,state_senate
2026-03-12,1000.0,NY Assn. of Nurse Anesthetists,industry_association,neutral,Kristen Gonzalez,state_senate
2022-11-30,1000.0,Coalition of Asian-American Independent Practice Associations,industry_association,unknown,Joseph A. Griffo,state_senate
2026-03-02,1000.0,Coalition of Asian-American Independent Practice Associations,industry_association,unknown,Grace Lee,state_senate
2024-10-14,1000.0,Healthcare Association of New York State (HANYS),industry_association,neutral,Grace Lee,state_senate
2020-09-25,1000.0,"Nunn's Hospital Supplies, Inc.",other_healthcare_related,neutral,Joseph A. Griffo,state_senate
2021-06-23,1000.0,"Nunn's Hospital Supplies, Inc.",other_healthcare_related,neutral,Joseph A. Griffo,state_senate
2022-06-23,1000.0,New York State Dental Association PAC (NYSDAPAC),industry_association,unknown,Joseph A. Griffo,state_senate
2021-03-18,1000.0,Greater New York Nursing Home Association,industry_association,neutral,Gustavo Rivera,state_senate
2025-11-23,1000.0,Chain Pharmacy Association of New York State,industry_association,neutral,Gustavo Rivera,state_senate
2023-03-31,1000.0,New York State Society of Anesthesiologists,industry_association,neutral,Jamaal T. Bailey,state_senate
2025-06-02,1000.0,MVP Health Care,health_insurer,neutral,Jamaal T. Bailey,state_senate
2025-11-20,1000.0,Greater New York Hospital Association (GNYHA),industry_association,neutral,Gustavo Rivera,state_senate
2026-01-10,1000.0,Committee for Medical Eye Care,industry_association,neutral,Gustavo Rivera,state_senate
2025-06-17,1000.0,Northwell Health,hospital_health_system_provider,neutral,Gustavo Rivera,state_senate
2026-03-26,1000.0,Empire State Assn. of Assisted Living (ESAAL),industry_association,unknown,Gustavo Rivera,state_senate
2025-11-10,1000.0,Greater New York Nursing Home Association,industry_association,neutral,Gustavo Rivera,state_senate
2026-03-23,1000.0,Healthcare Association of New York State (HANYS),industry_association,unknown,Gustavo Rivera,state_senate
2025-06-23,1000.0,Molina Healthcare,health_insurer,neutral,Jamaal T. Bailey,state_senate
2025-07-10,1000.0,Maxim Healthcare Services,hospital_health_system_provider,neutral,Gustavo Rivera,state_senate
2026-04-09,1000.0,Maxim Healthcare Services,hospital_health_system_provider,neutral,Gustavo Rivera,state_senate
2026-01-02,1000.0,Molina Healthcare,health_insurer,neutral,Gustavo Rivera,state_senate
2026-03-17,1000.0,New York Chiropractic Pac,industry_association,neutral,Gustavo Rivera,state_senate
2026-03-23,1000.0,Molina Healthcare,health_insurer,neutral,Jamaal T. Bailey,state_senate
2026-06-26,1000.0,New York Emergency Medicine,industry_association,neutral,Gustavo Rivera,state_senate
2025-06-02,1000.0,EmblemHealth,health_insurer,neutral,Jamaal T. Bailey,state_senate
2026-03-23,1000.0,EmblemHealth,health_insurer,neutral,Jamaal T. Bailey,state_senate
2026-07-10,1000.0,Dentaquest,health_insurer,neutral,Jamaal T. Bailey,state_senate
2026-04-20,1000.0,CVS Health / Aetna,health_insurer,neutral,Jamaal T. Bailey,state_senate
2022-06-10,1000.0,Liberty Dental Plan Corporation,other_healthcare_related,neutral,Gustavo Rivera,state_senate
2022-01-04,1000.0,Liberty Dental Plan Corporation,other_healthcare_related,neutral,Gustavo Rivera,state_senate
2022-03-11,1000.0,Liberty Dental Plan Corporation,other_healthcare_related,neutral,Gustavo Rivera,state_senate
2022-05-04,1000.0,Healthcare Association of New York State (HANYS),industry_association,unknown,James Skoufis,state_senate
2022-01-11,1000.0,Healthcare Association of New York State (HANYS),industry_association,unknown,James Skoufis,state_senate
2022-07-13,1000.0,Elevance,health_insurer,neutral,James Skoufis,state_senate
2020-10-28,1000.0,Elevance,health_insurer,neutral,James Skoufis,state_senate
2020-09-24,1000.0,New York State Dental Association PAC (NYSDAPAC),industry_association,unknown,James Skoufis,state_senate
2020-07-08,1000.0,New York State Dental Association PAC (NYSDAPAC),industry_association,unknown,James Skoufis,state_senate
2022-03-07,1000.0,New York State Dental Association PAC (NYSDAPAC),industry_association,unknown,James Skoufis,state_senate
2021-11-15,1000.0,Eli Lilly,pharma,neutral,James Skoufis,state_senate
2022-06-15,1000.0,Health Care Providers PAC,industry_association,neutral,Gustavo Rivera,state_senate
2025-05-22,1000.0,Coalition of Asian-American Independent Practice Associations,industry_association,unknown,Jen Lunsford,state_senate
2022-02-28,1000.0,United New York Ambulance Network (UNYAN),industry_association,neutral,James Skoufis,state_senate
2021-05-04,1000.0,United New York Ambulance Network (UNYAN),industry_association,neutral,James Skoufis,state_senate
2022-05-17,1000.0,Health Plan Association (HPA) PAC,industry_association,neutral,Gustavo Rivera,state_senate
2022-02-22,1000.0,Pharmacists Society of the State of New York,industry_association,unknown,James Skoufis,state_senate
2022-03-14,1000.0,NYS Veterinary Medical Society PAC,industry_association,neutral,James Skoufis,state_senate
2021-05-28,1000.0,New York State Society of Anesthesiologists,industry_association,unknown,James Skoufis,state_senate
2022-05-05,1000.0,NY Assn. of Nurse Anesthetists,industry_association,neutral,James Skoufis,state_senate
2022-03-10,1000.0,New York State Society of Anesthesiologists,industry_association,neutral,James Skoufis,state_senate
2020-02-05,1000.0,Maplewood Nursing Home Inc,post_acute_long_term_care,neutral,Gustavo Rivera,state_senate
2023-03-31,1000.0,Maplewood Nursing Home Inc,post_acute_long_term_care,neutral,Gustavo Rivera,state_senate
2022-06-09,1000.0,Coalition of Asian-American Independent Practice Associations,industry_association,unknown,James Skoufis,state_senate
2020-03-02,1000.0,Nurse Practitioners Of NY State PAC,industry_association,neutral,Gustavo Rivera,state_senate
2021-04-01,1000.0,Nurse Practitioners Of NY State PAC,industry_association,neutral,Gustavo Rivera,state_senate
2022-03-17,1000.0,Nurse Practitioners Of NY State PAC,industry_association,neutral,Gustavo Rivera,state_senate
2023-03-28,1000.0,"KPH Healthcare Services, Inc",hospital_health_system_provider,neutral,Gustavo Rivera,state_senate
2021-08-12,1000.0,"KPH Healthcare Services, Inc",hospital_health_system_provider,neutral,Gustavo Rivera,state_senate
2022-03-30,1000.0,"KPH Healthcare Services, Inc",hospital_health_system_provider,neutral,Gustavo Rivera,state_senate
2023-05-08,1000.0,Healthcare Association of New York State (HANYS),industry_association,unknown,Jamaal T. Bailey,state_senate
2025-05-12,1000.0,CVS Health / Aetna,health_insurer,neutral,Jamaal T. Bailey,state_senate
2026-03-23,1000.0,Elevance,health_insurer,neutral,Jamaal T. Bailey,state_senate
2025-06-16,1000.0,Elevance,health_insurer,neutral,Jamaal T. Bailey,state_senate
2024-01-11,1000.0,United Healthcare / UnitedHealth Group (UHC/UHG),health_insurer,neutral,Michelle Hinchey,state_senate
2024-04-05,1000.0,United New York Ambulance Network (UNYAN),industry_association,neutral,Michelle Hinchey,state_senate
2024-03-20,1000.0,United New York Ambulance Network (UNYAN),industry_association,neutral,Michelle Hinchey,state_senate
2022-04-12,1000.0,New York State Dental Association PAC (NYSDAPAC),industry_association,unknown,Jamaal T. Bailey,state_senate
2026-03-17,1000.0,NY Assn. of Nurse Anesthetists,industry_association,neutral,Gustavo Rivera,state_senate
2026-03-17,1000.0,United New York Ambulance Network (UNYAN),industry_association,neutral,Gustavo Rivera,state_senate
2020-08-31,1000.0,New York State Dental Association PAC (NYSDAPAC),industry_association,unknown,Jamaal T. Bailey,state_senate
2022-05-04,1000.0,Healthcare Association of New York State (HANYS),industry_association,unknown,Jamaal T. Bailey,state_senate
2025-03-17,1000.0,Healthcare Association of New York State (HANYS),industry_association,unknown,Jamaal T. Bailey,state_senate
2022-01-19,1000.0,Healthcare Association of New York State (HANYS),industry_association,unknown,Jamaal T. Bailey,state_senate
2020-10-01,1000.0,Kingsway Arms Nursing Center,post_acute_long_term_care,neutral,Gustavo Rivera,state_senate
2026-03-23,1000.0,Healthcare Association of New York State (HANYS),industry_association,unknown,Jamaal T. Bailey,state_senate
2026-03-23,1000.0,Centene,health_insurer,neutral,Jamaal T. Bailey,state_senate
2025-06-02,1000.0,Centene,health_insurer,neutral,Jamaal T. Bailey,state_senate
2022-05-18,1000.0,Elevance,health_insurer,neutral,Jamaal T. Bailey,state_senate
2025-05-16,1000.0,Leadingage New York Pac,industry_association,neutral,Jamaal T. Bailey,state_senate
2026-04-01,1000.0,EmblemHealth,health_insurer,neutral,Jen Lunsford,state_senate
2025-12-30,1000.0,Pharmaceutical Care Management Association,industry_association,neutral,Jamaal T. Bailey,state_senate
2021-06-28,1000.0,Pharmacists Society of the State of New York,industry_association,unknown,Gustavo Rivera,state_senate
2021-05-25,1000.0,Health Plan Association (HPA) PAC,industry_association,neutral,James Skoufis,state_senate
2020-10-21,1000.0,Health Plan Association (HPA) PAC,industry_association,neutral,James Skoufis,state_senate
2020-06-27,1000.0,Health Plan Association (HPA) PAC,industry_association,neutral,James Skoufis,state_senate
2021-05-29,1000.0,Healthcare Association of New York State (HANYS),industry_association,neutral,James Skoufis,state_senate
2021-08-25,1000.0,New York State Dental Association PAC (NYSDAPAC),industry_association,unknown,John Brooks,state_senate
2022-01-03,1000.0,New York State Dental Association PAC (NYSDAPAC),industry_association,unknown,John Brooks,state_senate
2022-01-11,1000.0,Healthcare Association of New York State (HANYS),industry_association,unknown,John Brooks,state_senate
2025-03-24,1000.0,American Assoc. of Orthopedic Surgeons,industry_association,neutral,Gustavo Rivera,state_senate
2026-05-12,1000.0,Healthcare Association of New York State (HANYS),industry_association,unknown,Robert G Ortt,state_senate
2021-04-24,1000.0,Empire State Assn. of Assisted Living (ESAAL),industry_association,neutral,Andrew Gounardes,state_senate
2024-02-16,1000.0,Elevance,health_insurer,neutral,Andrew Gounardes,state_senate
2020-02-26,1000.0,Elevance,health_insurer,neutral,Andrew Gounardes,state_senate
2024-11-23,1000.0,Coalition of Asian-American Independent Practice Associations,industry_association,unknown,Pamela A Helming,state_senate
2024-03-27,1000.0,Healthcare Association of New York State (HANYS),industry_association,unknown,Anthony H. Palumbo,state_senate
2022-01-13,1000.0,Coalition of Asian-American Independent Practice Associations,industry_association,neutral,Andrew Gounardes,state_senate
2020-10-02,1000.0,Elevance,health_insurer,neutral,Andrew Gounardes,state_senate
2024-03-08,1000.0,New York State Dental Association PAC (NYSDAPAC),industry_association,unknown,Andrew Gounardes,state_senate
2023-02-09,1000.0,New York State Dental Association PAC (NYSDAPAC),industry_association,neutral,Andrew Gounardes,state_senate
2023-02-16,1000.0,New York State Dental Association PAC (NYSDAPAC),industry_association,neutral,Andrew Gounardes,state_senate
2023-09-22,1000.0,New York State Dental Association PAC (NYSDAPAC),industry_association,neutral,Andrew Gounardes,state_senate
2023-04-17,1000.0,Elevance,health_insurer,neutral,Anthony H. Palumbo,state_senate
2024-07-11,1000.0,Coalition of Asian-American Independent Practice Associations,industry_association,unknown,Andrew Gounardes,state_senate
2023-01-31,1000.0,Coalition of Asian-American Independent Practice Associations,industry_association,neutral,Pamela A Helming,state_senate
2022-05-28,1000.0,Centene,health_insurer,neutral,John W. Mannion,state_senate
2022-08-05,1000.0,Elevance,health_insurer,neutral,John W. Mannion,state_senate
2022-05-16,1000.0,Pharmacists Society of the State of New York,industry_association,unknown,Jeremy Cooney,state_senate
2025-03-14,1000.0,New York Emergency Medicine,industry_association,neutral,Gustavo Rivera,state_senate
2022-01-27,1000.0,Pharmacists Society of the State of New York,industry_association,unknown,Jeremy Cooney,state_senate
2025-03-28,1000.0,NY State Psychiatric PAC,industry_association,neutral,Gustavo Rivera,state_senate
2024-03-25,1000.0,Nurse Practitioners Of NY State PAC,industry_association,neutral,Gustavo Rivera,state_senate
2023-12-04,1000.0,NY Radiological Society,industry_association,neutral,Gustavo Rivera,state_senate
2024-03-13,1000.0,NY Radiological Society,industry_association,neutral,Gustavo Rivera,state_senate
2024-06-10,1000.0,NY Radiological Society,industry_association,neutral,Gustavo Rivera,state_senate
2025-03-28,1000.0,NY Assn. of Nurse Anesthetists,industry_association,neutral,Gustavo Rivera,state_senate
2024-03-27,1000.0,NY Assn. of Nurse Anesthetists,industry_association,neutral,Gustavo Rivera,state_senate
2023-06-15,1000.0,Healthcare Association of New York State (HANYS),industry_association,unknown,Robert G Ortt,state_senate
2021-06-22,1000.0,New York State Society of Anesthesiologists,industry_association,unknown,Andrew Gounardes,state_senate
2025-09-23,1000.0,Pfizer,pharma,unknown,Robert G Ortt,state_senate
2021-09-27,1000.0,District Council 37 (DC37),union,blocker,Roxanne J. Persaud,state_senate
2022-05-03,1000.0,Elevance,health_insurer,neutral,Robert G Ortt,state_senate
2023-06-07,1000.0,Elevance,health_insurer,neutral,Robert G Ortt,state_senate
2023-03-21,1000.0,Pharmacists Society of the State of New York,industry_association,unknown,Joseph P. Addabbo Jr.,state_senate
2023-02-06,1000.0,New York State Dental Association PAC (NYSDAPAC),industry_association,unknown,Peter Harckham,state_senate
2023-03-14,1000.0,New York State Society of Anesthesiologists,industry_association,unknown,Joseph P. Addabbo Jr.,state_senate
2024-01-10,1000.0,Healthcare Association of New York State (HANYS),industry_association,unknown,Peter Harckham,state_senate
2022-08-14,1000.0,New York State Society of Anesthesiologists,industry_association,unknown,Joseph P. Addabbo Jr.,state_senate
2022-08-14,1000.0,Merck,pharma,neutral,Joseph P. Addabbo Jr.,state_senate
2022-10-03,1000.0,Pharmacists Society of the State of New York,industry_association,unknown,Joseph P. Addabbo Jr.,state_senate
2022-06-04,1000.0,Elevance,health_insurer,neutral,Alexis Weik,state_senate
2021-09-28,1000.0,Pharmacists Society of the State of New York,industry_association,unknown,Joseph P. Addabbo Jr.,state_senate
2022-08-29,1000.0,District Council 37 (DC37),union,blocker,Roxanne J. Persaud,state_senate
2022-10-03,1000.0,Pharmacists Society of the State of New York,industry_association,unknown,Joseph P. Addabbo Jr.,state_senate
2026-05-20,1000.0,NY Radiological Society,industry_association,unknown,Robert G Ortt,state_senate
2024-09-25,1000.0,United Healthcare / UnitedHealth Group (UHC/UHG),health_insurer,neutral,Peter Harckham,state_senate
2022-08-29,1000.0,District Council 37 (DC37),union,blocker,Joseph P. Addabbo Jr.,state_senate
2021-09-21,1000.0,District Council 37 (DC37),union,blocker,Joseph P. Addabbo Jr.,state_senate
2022-08-12,1000.0,United Biotech Corp,other_healthcare_related,neutral,Lee Michael Zeldin,governor
2022-06-30,1000.0,United Biotech Corp,other_healthcare_related,neutral,Lee Michael Zeldin,governor
2022-10-24,1000.0,Upstate Health Advocacy Project (UHAP),industry_association,neutral,Lee Michael Zeldin,governor
2022-05-26,1000.0,SPINE SURGERY OF BUFFALO NIAGARA LLC,hospital_health_system_provider,neutral,Lee Michael Zeldin,governor
2022-07-19,1000.0,New York State Dental Association PAC (NYSDAPAC),industry_association,unknown,Joseph P. Addabbo Jr.,state_senate
2024-02-20,1000.0,New York State Society of Anesthesiologists,industry_association,unknown,Peter Harckham,state_senate
2023-02-06,1000.0,New York State Society of Anesthesiologists,industry_association,unknown,Peter Harckham,state_senate
2020-03-15,1000.0,Healthcare Association of New York State (HANYS),industry_association,unknown,Pamela A Helming,state_senate
2020-09-29,1000.0,New York Chiropractic Pac,industry_association,neutral,Andrew Gounardes,state_senate
2022-10-24,1000.0,NY Radiological Society,industry_association,neutral,Jeremy Cooney,state_senate
2024-07-12,1000.0,Pharmacists Society of the State of New York,industry_association,unknown,Gustavo Rivera,state_senate
2021-11-23,1000.0,Healthcare Association of New York State (HANYS),industry_association,unknown,John Brooks,state_senate
2022-07-05,1000.0,NYS Hospitality And Tourism Asso PAC,industry_association,neutral,Jeremy Cooney,state_senate
2020-03-03,1000.0,Northwell Health,hospital_health_system_provider,neutral,Gustavo Rivera,state_senate
2021-03-11,1000.0,New York State Dental Association PAC (NYSDAPAC),industry_association,unknown,Gustavo Rivera,state_senate
2023-04-21,1000.0,Elevance,health_insurer,neutral,Gustavo Rivera,state_senate
2022-03-17,1000.0,Centene,health_insurer,neutral,Gustavo Rivera,state_senate
2023-06-02,1000.0,Centene,health_insurer,neutral,Gustavo Rivera,state_senate
2021-11-12,1000.0,Centene,health_insurer,neutral,Gustavo Rivera,state_senate
2024-05-01,1000.0,Health Care Providers PAC,industry_association,neutral,Jen Lunsford,state_senate
2023-06-08,1000.0,Freedom Care LLC,hospital_health_system_provider,neutral,Gustavo Rivera,state_senate
2024-06-03,1000.0,Centene,health_insurer,neutral,Jen Lunsford,state_senate
2025-12-04,1000.0,Molina Healthcare,health_insurer,neutral,Jen Lunsford,state_senate
2025-12-15,1000.0,Molina Healthcare,health_insurer,neutral,Grace Lee,state_senate
2020-03-16,1000.0,Committee for Medical Eye Care,industry_association,neutral,Gustavo Rivera,state_senate
2022-05-24,1000.0,Healthcare Association of New York State (HANYS),industry_association,unknown,Jeremy Cooney,state_senate
2022-06-21,1000.0,Freedom Care LLC,hospital_health_system_provider,neutral,Jeremy Cooney,state_senate
2022-08-12,1000.0,Elevance,health_insurer,neutral,Jeremy Cooney,state_senate
2022-01-31,1000.0,Elevance,health_insurer,neutral,Jeremy Cooney,state_senate
2021-06-01,1000.0,New York State Dental Association PAC (NYSDAPAC),industry_association,unknown,Jeremy Cooney,state_senate
2023-07-07,1000.0,American Nurses Assn. (ANA-NY PAC),industry_association,neutral,Gustavo Rivera,state_senate
2022-02-15,1000.0,New York State Dental Association PAC (NYSDAPAC),industry_association,unknown,Jeremy Cooney,state_senate
2021-02-22,1000.0,Eli Lilly,pharma,neutral,Jeremy Cooney,state_senate
2021-10-20,1000.0,Eli Lilly,pharma,neutral,Jeremy Cooney,state_senate
2022-11-04,1000.0,Coalition of Asian-American Independent Practice Associations,industry_association,unknown,Gustavo Rivera,state_senate
2021-06-18,1000.0,Baxter Healthcare Corporation,medical_device,neutral,Gustavo Rivera,state_senate
2026-04-23,1000.0,United Healthcare / UnitedHealth Group (UHC/UHG),health_insurer,neutral,Jen Lunsford,state_senate
2026-03-26,1000.0,Centene,health_insurer,neutral,Jen Lunsford,state_senate
2025-02-12,1000.0,United New York Ambulance Network (UNYAN),industry_association,neutral,Patrick M Gallivan,state_senate
2020-09-23,1000.0,Healthcare Association of New York State (HANYS),industry_association,unknown,John Brooks,state_senate
2026-02-24,1000.0,Molina Healthcare,health_insurer,neutral,Jen Lunsford,state_senate
2026-03-02,1000.0,NY Assn. of Nurse Anesthetists,industry_association,neutral,Jen Lunsford,state_senate
2024-05-14,1000.0,MVP Health Care,health_insurer,neutral,Jen Lunsford,state_senate
2023-12-05,1000.0,Chain Pharmacy Association of New York State,industry_association,neutral,Gustavo Rivera,state_senate
2024-10-05,1000.0,Surgeon Pac,industry_association,neutral,Gustavo Rivera,state_senate
2023-12-13,1000.0,United Healthcare / UnitedHealth Group (UHC/UHG),health_insurer,neutral,Gustavo Rivera,state_senate
2024-03-27,1000.0,United New York Ambulance Network (UNYAN),industry_association,neutral,Gustavo Rivera,state_senate
2025-03-24,1000.0,United New York Ambulance Network (UNYAN),industry_association,neutral,Gustavo Rivera,state_senate
2021-06-08,1000.0,MVP Health Care,health_insurer,neutral,Jeremy Cooney,state_senate
2022-06-10,1000.0,Molina Healthcare,health_insurer,neutral,Jeremy Cooney,state_senate
2024-04-29,1000.0,New York Chiropractic Pac,industry_association,neutral,Gustavo Rivera,state_senate
2023-12-13,1000.0,Molina Healthcare,health_insurer,neutral,Gustavo Rivera,state_senate
2024-04-05,1000.0,Maxim Healthcare Services,hospital_health_system_provider,neutral,Gustavo Rivera,state_senate
2026-04-21,1000.0,Empire State Assn. of Assisted Living (ESAAL),industry_association,unknown,Jeremy Zellner,state_senate
2022-11-02,1000.0,Abbott Laboratories,medical_device,unknown,Gustavo Rivera,state_senate
2024-05-04,1000.0,American Nurses Assn. (ANA-NY PAC),industry_association,neutral,Gustavo Rivera,state_senate
2024-06-18,1000.0,Northwell Health,hospital_health_system_provider,neutral,Gustavo Rivera,state_senate
2026-03-31,1000.0,MVP Health Care,health_insurer,neutral,Jen Lunsford,state_senate
2024-10-05,1000.0,EmblemHealth,health_insurer,neutral,Gustavo Rivera,state_senate
2024-03-09,1000.0,New York State Dental Association PAC (NYSDAPAC),industry_association,neutral,Gustavo Rivera,state_senate
2024-06-21,1000.0,Empire State Assn. of Assisted Living (ESAAL),industry_association,unknown,Gustavo Rivera,state_senate
2024-02-20,1000.0,Greater New York Nursing Home Association,industry_association,neutral,Gustavo Rivera,state_senate
2025-03-18,1000.0,Healthcare Association of New York State (HANYS),industry_association,unknown,Gustavo Rivera,state_senate
2025-04-15,1000.0,American Nurses Assn. (ANA-NY PAC),industry_association,neutral,Gustavo Rivera,state_senate
2022-10-19,1000.0,Healthcare Association of New York State (HANYS),industry_association,unknown,Jeremy Cooney,state_senate
2022-04-28,1000.0,Committee for Medical Eye Care,industry_association,neutral,Gustavo Rivera,state_senate
2021-07-20,1000.0,Committee for Medical Eye Care,industry_association,neutral,Gustavo Rivera,state_senate
2022-08-22,1000.0,Committee for Medical Eye Care,industry_association,neutral,Gustavo Rivera,state_senate
2022-06-24,1000.0,Committee for Medical Eye Care,industry_association,neutral,Gustavo Rivera,state_senate
2023-06-07,1000.0,Northwell Health,hospital_health_system_provider,neutral,Gustavo Rivera,state_senate
2024-04-06,1000.0,New York State Society of Anesthesiologists,industry_association,unknown,Robert Jackson,state_senate
2021-11-09,1000.0,United Healthcare / UnitedHealth Group (UHC/UHG),health_insurer,neutral,Brian A. Benjamin,state_senate
2024-03-23,1000.0,NY Assn. of Nurse Anesthetists,industry_association,neutral,Robert Jackson,state_senate
2023-04-11,1000.0,Health Care Providers PAC,industry_association,neutral,Carl Heastie,assembly
2026-07-10,1000.0,Coalition of Asian-American Independent Practice Associations,industry_association,unknown,Rory Lancman,state_senate
2025-04-14,1000.0,Cigna,health_insurer,neutral,Carl Heastie,assembly
2025-06-12,1000.0,Coalition of Asian-American Independent Practice Associations,industry_association,unknown,Carl Heastie,assembly
2022-01-22,1000.0,District Council 37 (DC37),union,blocker,Simcha Eichenstein,assembly
2020-01-10,1000.0,District Council 37 (DC37),union,blocker,Simcha Eichenstein,assembly
2023-11-07,1000.0,CVS Health / Aetna,health_insurer,neutral,David I Weprin,assembly
2026-03-03,1000.0,McGraw Pharmacy INC,pharmacy,neutral,Zakir Choudhury,assembly
2022-11-04,1000.0,Coalition of Asian-American Independent Practice Associations,industry_association,neutral,Kenneth P. Zebrowski,assembly
2025-04-04,1000.0,Empire State Assn. of Assisted Living (ESAAL),industry_association,unknown,Carl Heastie,assembly
2023-04-27,1000.0,Elevance,health_insurer,neutral,Kenneth P. Zebrowski,assembly
2026-06-22,1000.0,Healthcare Association of New York State (HANYS),industry_association,unknown,Stefani L. Zinerman,assembly
2024-05-31,1000.0,Healthcare Association of New York State (HANYS),industry_association,unknown,Stefani L. Zinerman,assembly
2021-07-03,1000.0,Centene,health_insurer,neutral,Carl Heastie,assembly
2024-03-03,1000.0,Centene,health_insurer,neutral,Carl Heastie,assembly
2023-10-09,1000.0,New York State Dental Association PAC (NYSDAPAC),industry_association,unknown,Joseph P. Addabbo Jr.,state_senate
2024-07-19,1000.0,NYS Society of Plastic Surgeon,industry_association,neutral,David I Weprin,assembly
2024-06-12,1000.0,NYS Occupational Therapy Assn. PAC,industry_association,neutral,David I Weprin,assembly
2024-06-18,1000.0,NYS Occupational Therapy Assn. PAC,industry_association,neutral,David I Weprin,assembly
2024-02-13,1000.0,New York State Society of Anesthesiologists,industry_association,unknown,Joseph P. Addabbo Jr.,state_senate
2026-01-07,1000.0,New York State Dental Association PAC (NYSDAPAC),industry_association,neutral,David I Weprin,assembly
2023-03-07,1000.0,New York Emergency Medicine,industry_association,neutral,David I Weprin,assembly
2025-03-10,1000.0,New York State Society of Anesthesiologists,industry_association,unknown,Joseph P. Addabbo Jr.,state_senate
2024-05-10,1000.0,New York State Society of Anesthesiologists,industry_association,neutral,David I Weprin,assembly
2024-03-06,1000.0,New York Veterinary Medical Society Inc,industry_association,neutral,Joseph P. Addabbo Jr.,state_senate
2024-03-02,1000.0,MVP Health Care,health_insurer,neutral,David I Weprin,assembly
2024-04-05,1000.0,Molina Healthcare,health_insurer,neutral,David I Weprin,assembly
2024-07-25,1000.0,Pharmacists Society of the State of New York,industry_association,unknown,Joseph P. Addabbo Jr.,state_senate
2020-11-02,1000.0,Comm Mental Health PAC,industry_association,neutral,Carl Heastie,assembly
2026-03-27,1000.0,District Council 37 (DC37),union,blocker,Tony Simone,assembly
2020-02-11,1000.0,Centene,health_insurer,neutral,Pamela Hunter,assembly
2026-03-03,1000.0,Healthcare Association of New York State (HANYS),industry_association,unknown,Tony Simone,assembly
2026-01-13,1000.0,Greater New York Hospital Association (GNYHA),industry_association,neutral,Paula Elaine Kay,assembly
2024-11-04,1000.0,Merck,pharma,neutral,Larinda C. Hooks,assembly
2022-05-21,1000.0,Pfizer,pharma,unknown,Carl Heastie,assembly
2023-11-01,1000.0,Pfizer,pharma,unknown,Carl Heastie,assembly
2023-03-14,1000.0,United Healthcare / UnitedHealth Group (UHC/UHG),health_insurer,neutral,Pamela Hunter,assembly
2022-04-04,1000.0,New York State Dental Association PAC (NYSDAPAC),industry_association,unknown,Sean Ryan,state_senate
2021-10-09,1000.0,Pharmacists Society of the State of New York,industry_association,unknown,Carl Heastie,assembly
2024-03-06,1000.0,United Healthcare / UnitedHealth Group (UHC/UHG),health_insurer,neutral,Pamela Hunter,assembly
2020-02-21,1000.0,United Healthcare / UnitedHealth Group (UHC/UHG),health_insurer,neutral,Pamela Hunter,assembly
2021-01-11,1000.0,Pharmacy PAC On NYS,industry_association,neutral,Carl Heastie,assembly
2026-03-10,1000.0,United Healthcare / UnitedHealth Group (UHC/UHG),health_insurer,neutral,Pamela Hunter,assembly
2023-02-15,1000.0,Elevance,health_insurer,neutral,Sean Ryan,state_senate
2022-04-11,1000.0,United Healthcare / UnitedHealth Group (UHC/UHG),health_insurer,neutral,Pamela Hunter,assembly
2025-03-17,1000.0,United Healthcare / UnitedHealth Group (UHC/UHG),health_insurer,neutral,Pamela Hunter,assembly
2026-02-23,1000.0,Upstate Health Advocacy Project (UHAP),industry_association,neutral,Pamela Hunter,assembly
2024-05-13,1000.0,Cigna,health_insurer,neutral,Pamela Hunter,assembly
2020-10-23,1000.0,Healthcare Association of New York State (HANYS),industry_association,unknown,Sean Ryan,state_senate
2024-10-10,1000.0,Healthcare Association of New York State (HANYS),industry_association,unknown,Patrick Burke,assembly
2024-10-24,1000.0,Pfizer,pharma,unknown,Carl Heastie,assembly
2026-03-06,1000.0,Nurse Practitioners Of NY State PAC,industry_association,neutral,Carl Heastie,assembly
2022-03-03,1000.0,Nurse Practitioners Of NY State PAC,industry_association,neutral,Carl Heastie,assembly
2024-03-23,1000.0,Nurse Practitioners Of NY State PAC,industry_association,neutral,Carl Heastie,assembly
2023-01-03,1000.0,Montefiore Health System,hospital_health_system_provider,neutral,Tony Simone,assembly
2022-10-11,1000.0,Montefiore Health System,hospital_health_system_provider,neutral,Tony Simone,assembly
2024-01-09,1000.0,Montefiore Health System,hospital_health_system_provider,neutral,Tony Simone,assembly
2025-03-07,1000.0,Healthcare Association of New York State (HANYS),industry_association,unknown,Tony Simone,assembly
2024-03-03,1000.0,Health Plan Association (HPA) PAC,industry_association,neutral,Carl Heastie,assembly
2023-06-07,1000.0,Healthfirst,health_insurer,neutral,David I Weprin,assembly
2023-03-16,1000.0,Healthcare Association of New York State (HANYS),industry_association,unknown,David I Weprin,assembly
2024-04-05,1000.0,Centene,health_insurer,neutral,David I Weprin,assembly
2023-06-07,1000.0,Centene,health_insurer,neutral,David I Weprin,assembly
2023-03-31,1000.0,NY Assn. of Nurse Anesthetists,industry_association,neutral,Carl Heastie,assembly
2024-04-18,1000.0,New York Chiropractic Pac,industry_association,neutral,Sarah Hart Clark,assembly
2026-02-27,1000.0,New York Chiropractic Pac,industry_association,neutral,Sarah Hart Clark,assembly
2022-03-19,1000.0,NY Assn. of Nurse Anesthetists,industry_association,neutral,Carl Heastie,assembly
2022-10-08,1000.0,New York Chiropractic Pac,industry_association,neutral,Carl Heastie,assembly
2025-03-13,1000.0,NY Assn. of Nurse Anesthetists,industry_association,neutral,Sarah Hart Clark,assembly
2024-02-27,1000.0,NY Assn. of Nurse Anesthetists,industry_association,neutral,Sarah Hart Clark,assembly
2020-10-30,1000.0,Abbott Laboratories,medical_device,unknown,Carl Heastie,assembly
2024-11-12,1000.0,Empire State Assn. of Assisted Living (ESAAL),industry_association,unknown,Sean Ryan,state_senate
2024-05-11,1000.0,American Nurses Assn. (ANA-NY PAC),industry_association,neutral,Carl Heastie,assembly
2025-05-08,1000.0,Leadingage New York Pac,industry_association,neutral,Sean Ryan,state_senate
2025-03-03,1000.0,New York State Society of Anesthesiologists,industry_association,unknown,Sean Ryan,state_senate
2024-10-30,1000.0,Merck,pharma,neutral,Stacey G. Pheffer Amato,assembly
2024-05-14,1000.0,NY Radiological Society,industry_association,neutral,Sean Ryan,state_senate
2024-04-02,1000.0,Healthcare Association of New York State (HANYS),industry_association,unknown,Stacey G. Pheffer Amato,assembly
2024-04-02,1000.0,Empire State Assn. of Assisted Living (ESAAL),industry_association,unknown,Stacey G. Pheffer Amato,assembly
2025-03-21,1000.0,Empire State Assn. of Assisted Living (ESAAL),industry_association,unknown,Stacey G. Pheffer Amato,assembly
2026-04-12,1000.0,Elevance,health_insurer,neutral,Pamela Hunter,assembly
2024-12-05,1000.0,Elevance,health_insurer,neutral,James Skoufis,state_senate
2024-01-09,1000.0,SKILLMAN AMINAL CLINIC PLLC,hospital_health_system_provider,neutral,Juan David Ardila,assembly
2024-04-17,1000.0,Coalition of Asian-American Independent Practice Associations,industry_association,unknown,James Skoufis,state_senate
2023-07-10,1000.0,Coalition of Asian-American Independent Practice Associations,industry_association,unknown,James Skoufis,state_senate
2023-06-14,1000.0,Chain Pharmacy Association of New York State,industry_association,neutral,James Skoufis,state_senate
2020-07-22,1000.0,Centene,health_insurer,neutral,Crystal D Peoples,assembly
2021-10-15,1000.0,Centene,health_insurer,neutral,Crystal D Peoples,assembly
2023-10-23,1000.0,New York State Dental Association PAC (NYSDAPAC),industry_association,unknown,James Skoufis,state_senate
2023-04-18,1000.0,Centene,health_insurer,neutral,Crystal D Peoples,assembly
2023-05-24,1000.0,NY Assn. of Nurse Anesthetists,industry_association,neutral,Sarah Hart Clark,assembly
2026-03-02,1000.0,NY Assn. of Nurse Anesthetists,industry_association,neutral,Sarah Hart Clark,assembly
2024-04-07,1000.0,New York Chiropractic Pac,industry_association,neutral,Carl Heastie,assembly
2025-02-06,1000.0,Centene,health_insurer,neutral,Carl Heastie,assembly
2023-12-05,1000.0,Molina Healthcare,health_insurer,neutral,David I Weprin,assembly
2024-03-10,1000.0,Pharmacists Society of the State of New York,industry_association,unknown,David I Weprin,assembly
2024-04-08,1000.0,United Healthcare / UnitedHealth Group (UHC/UHG),health_insurer,neutral,David I Weprin,assembly
2026-04-02,1000.0,Healthcare Association of New York State (HANYS),industry_association,unknown,Joseph P. Addabbo Jr.,state_senate
2024-08-29,1000.0,Healthcare Association of New York State (HANYS),industry_association,unknown,Joseph P. Addabbo Jr.,state_senate
2025-06-11,1000.0,Healthcare Association of New York State (HANYS),industry_association,unknown,Carl Heastie,assembly
2026-06-20,1000.0,Healthcare Association of New York State (HANYS),industry_association,unknown,Jordan J G Wright,assembly
2026-03-18,1000.0,Healthcare Association of New York State (HANYS),industry_association,unknown,Jordan J G Wright,assembly
2024-10-28,1000.0,Merck,pharma,neutral,Joseph P. Addabbo Jr.,state_senate
2025-09-05,1000.0,Healthcare Association of New York State (HANYS),industry_association,unknown,Carl Heastie,assembly
2024-03-10,1000.0,United New York Ambulance Network (UNYAN),industry_association,neutral,David I Weprin,assembly
2023-06-07,1000.0,United Healthcare / UnitedHealth Group (UHC/UHG),health_insurer,neutral,David I Weprin,assembly
2024-10-10,1000.0,Healthcare Association of New York State (HANYS),industry_association,unknown,"Albert A Stirpe, Jr.",assembly
2025-12-11,1000.0,NYS Clinical Laboratory Association PAC,industry_association,neutral,Sarah Hart Clark,assembly
2021-07-08,1000.0,Healthcare Association of New York State (HANYS),industry_association,unknown,Julia Salazar,state_senate
2021-12-10,1000.0,District Council 37 (DC37),union,blocker,Julia Salazar,state_senate
2021-06-17,1000.0,Medical Society of the State of New York,industry_association,neutral,Carl Heastie,assembly
2020-08-14,1000.0,Paz Health Care Management Inc,other_healthcare_related,neutral,Susan J Serino,assembly
2021-01-11,1000.0,Medical Society of the State of New York,industry_association,neutral,Carl Heastie,assembly
2020-02-14,1000.0,Paz Health Care Management Inc,other_healthcare_related,neutral,Susan J Serino,assembly
2021-01-14,1000.0,Care PAC,industry_association,neutral,Julia Salazar,state_senate
2022-08-02,1000.0,District Council 37 (DC37),union,blocker,Julia Salazar,state_senate
2022-02-05,1000.0,Medical Society of the State of New York,industry_association,neutral,Carl Heastie,assembly
2024-07-02,1000.0,NYS Clinical Laboratory Association PAC,industry_association,neutral,Sarah Hart Clark,assembly
2023-07-05,1000.0,Coalition of Asian-American Independent Practice Associations,industry_association,unknown,Samra Brouk,state_senate
2023-07-05,1000.0,NYS Clinical Laboratory Association PAC,industry_association,neutral,Sarah Hart Clark,assembly
2022-10-15,1000.0,NY Assn. of Nurse Anesthetists,industry_association,neutral,Catalina Cruz,assembly
2023-03-23,1000.0,Centene,health_insurer,neutral,Pamela Hunter,assembly
2023-07-17,1000.0,American Nurses Assn. (ANA-NY PAC),industry_association,neutral,Aileen Gunther,assembly
2024-03-05,1000.0,United New York Ambulance Network (UNYAN),industry_association,neutral,William B Magnarelli,assembly
2022-01-14,1000.0,New York State Society of Anesthesiologists,industry_association,neutral,Samra Brouk,state_senate
2024-07-15,1000.0,American Nurses Assn. (ANA-NY PAC),industry_association,neutral,Phara Souffrant Forrest,assembly
2022-03-02,1000.0,NY Assn. of Nurse Anesthetists,industry_association,neutral,Phara Souffrant Forrest,assembly
2023-07-19,1000.0,NY Assn. of Nurse Anesthetists,industry_association,neutral,Phara Souffrant Forrest,assembly
2022-05-05,1000.0,American Nurses Assn. (ANA-NY PAC),industry_association,neutral,Phara Souffrant Forrest,assembly
2023-07-19,1000.0,American Nurses Assn. (ANA-NY PAC),industry_association,neutral,Phara Souffrant Forrest,assembly
2026-05-20,1000.0,NY Assn. of Nurse Anesthetists,industry_association,neutral,Phara Souffrant Forrest,assembly
2021-10-02,1000.0,Healthcare Association of New York State (HANYS),industry_association,unknown,Brian Barnwell,assembly
2024-06-13,1000.0,"Independent Health Care Services, Inc",hospital_health_system_provider,neutral,William B Magnarelli,assembly
2022-06-16,1000.0,"Independent Health Care Services, Inc",hospital_health_system_provider,neutral,William B Magnarelli,assembly
2026-06-23,1000.0,Healthcare Association of New York State (HANYS),industry_association,unknown,William B Magnarelli,assembly
2022-06-16,1000.0,Elevance,health_insurer,neutral,William B Magnarelli,assembly
2024-03-28,1000.0,Healthcare Association of New York State (HANYS),industry_association,unknown,William B Magnarelli,assembly
2020-04-29,1000.0,NYS Clinical Laboratory Association PAC,industry_association,neutral,William B Magnarelli,assembly
2022-03-07,1000.0,New York State Society of Anesthesiologists,industry_association,unknown,"James Sanders, Jr.",state_senate
2020-03-13,1000.0,District Council 37 (DC37),union,blocker,Brian Barnwell,assembly
2020-10-31,1000.0,Ny Physical Therapy Association,industry_association,neutral,Carl Heastie,assembly
2022-03-03,1000.0,NYS Podiatric Assn.,industry_association,neutral,Carl Heastie,assembly
2021-07-07,1000.0,NYS Podiatric Assn.,industry_association,neutral,Carl Heastie,assembly
2025-05-22,1000.0,Coalition of Asian-American Independent Practice Associations,industry_association,unknown,Samra Brouk,state_senate
2023-01-26,1000.0,NYS Podiatric Assn.,industry_association,neutral,Carl Heastie,assembly
2023-12-30,1000.0,Premium Medical Care P.C.,hospital_health_system_provider,neutral,Ron Kim,assembly
2026-03-16,1000.0,New York Chiropractic Pac,industry_association,neutral,Samuel Tzvi Berger,assembly
2021-07-03,1000.0,New York State Society of Anesthesiologists,industry_association,unknown,Carl Heastie,assembly
2023-05-27,1000.0,NY Chiropractic PAC,industry_association,neutral,Carl Heastie,assembly
2020-03-11,1000.0,New York State Dental Association PAC (NYSDAPAC),industry_association,unknown,Angelo L Santabarbara,assembly
2024-05-22,1000.0,NY State Psychiatric PAC,industry_association,neutral,Samra Brouk,state_senate
2023-04-05,1000.0,New York State Society of Anesthesiologists,industry_association,neutral,Samra Brouk,state_senate
2021-06-10,1000.0,NY State Psychiatric PAC,industry_association,neutral,Samra Brouk,state_senate
2023-05-31,1000.0,Freedom Care LLC,hospital_health_system_provider,neutral,Pamela Hunter,assembly
2022-10-24,1000.0,NY Radiological Society,industry_association,neutral,Samra Brouk,state_senate
2020-10-29,1000.0,Community Mental Health PAC,industry_association,neutral,Aileen Gunther,assembly
2021-05-21,1000.0,Pfizer,pharma,unknown,Richard N Gottfried,assembly
2023-10-30,1000.0,New York State Dental Association PAC (NYSDAPAC),industry_association,unknown,Amy Paulin,assembly
2022-07-05,1000.0,NY Assn. of Nurse Anesthetists,industry_association,neutral,Aileen Gunther,assembly
2026-04-02,1000.0,Healthcare Association of New York State (HANYS),industry_association,unknown,Didi Barrett,assembly
2023-03-22,1000.0,Ellicott Center for Rehabilitation and N,post_acute_long_term_care,neutral,Amy Paulin,assembly
2024-10-10,1000.0,Healthcare Association of New York State (HANYS),industry_association,unknown,Didi Barrett,assembly
2025-10-23,1000.0,Eli Lilly,pharma,neutral,Amy Paulin,assembly
2020-06-03,1000.0,Elevance,health_insurer,neutral,Jeffrion L Aubry,assembly
2022-04-01,1000.0,Health Care Providers PAC,industry_association,neutral,Judy A. Griffin,assembly
2023-10-13,1000.0,Eli Lilly,pharma,neutral,Amy Paulin,assembly
2022-10-19,1000.0,District Council 37 (DC37),union,blocker,Juan David Ardila,assembly
2020-02-18,1000.0,New York State Dental Association PAC (NYSDAPAC),industry_association,unknown,Amy Paulin,assembly
2026-03-20,1000.0,Empire State Assn. of Assisted Living (ESAAL),industry_association,unknown,Didi Barrett,assembly
2026-03-20,1000.0,EmblemHealth,health_insurer,neutral,Amy Paulin,assembly
2022-03-18,1000.0,District Council 37 (DC37),union,blocker,Zellnor Myrie,state_senate
2024-03-11,1000.0,Coalition of Asian-American Independent Practice Associations,industry_association,unknown,Zellnor Myrie,state_senate
2022-12-01,1000.0,District Council 37 (DC37),union,blocker,Zellnor Myrie,state_senate
2025-03-11,1000.0,United New York Ambulance Network (UNYAN),industry_association,neutral,William B Magnarelli,assembly
2026-04-08,1000.0,United New York Ambulance Network (UNYAN),industry_association,neutral,William B Magnarelli,assembly
2026-04-08,1000.0,Upstate Health Advocacy Project (UHAP),industry_association,neutral,William B Magnarelli,assembly
2023-04-11,1000.0,NY State Psychiatric PAC,industry_association,neutral,Samra Brouk,state_senate
2023-04-05,1000.0,NY Assn. of Nurse Anesthetists,industry_association,neutral,Samra Brouk,state_senate
2021-07-11,1000.0,NY State Psychiatric PAC,industry_association,neutral,Carl Heastie,assembly
2025-03-20,1000.0,NY Radiological Society,industry_association,neutral,Carl Heastie,assembly
2026-04-06,1000.0,NY Assn. of Nurse Anesthetists,industry_association,neutral,Carl Heastie,assembly
2024-04-02,1000.0,NY Assn. of Nurse Anesthetists,industry_association,neutral,Carl Heastie,assembly
2024-03-11,1000.0,NY Assn. of Nurse Anesthetists,industry_association,neutral,Samra Brouk,state_senate
2020-10-06,1000.0,New York Emergency Medicine,industry_association,neutral,Carl Heastie,assembly
2022-10-15,1000.0,New York Emergency Medicine,industry_association,neutral,Carl Heastie,assembly
2024-02-26,1000.0,Pharmacy PAC NYS,industry_association,neutral,Samra Brouk,state_senate
2022-10-21,1000.0,Leadingage New York Pac,industry_association,neutral,Sean Ryan,state_senate
2020-09-24,1000.0,Leadingage New York Pac,industry_association,neutral,Sean Ryan,state_senate
2024-03-27,1000.0,Elevance,health_insurer,neutral,Pamela Hunter,assembly
2022-05-25,1000.0,Elevance,health_insurer,neutral,Pamela Hunter,assembly
2020-06-12,1000.0,Pharmacists Society of the State of New York,industry_association,unknown,Sean Ryan,state_senate
2023-03-29,1000.0,Elevance,health_insurer,neutral,Pamela Hunter,assembly
2020-02-12,1000.0,Elevance,health_insurer,neutral,Pamela Hunter,assembly
2022-04-13,1000.0,Elevance,health_insurer,neutral,Pamela Hunter,assembly
2026-02-26,1000.0,Centene,health_insurer,neutral,Pamela Hunter,assembly
2025-10-06,1000.0,Eli Lilly,pharma,neutral,Pamela Hunter,assembly
2026-01-07,1000.0,Coalition of Asian-American Independent Practice Associations,industry_association,unknown,Pamela Hunter,assembly
2024-06-06,1000.0,Coalition of Asian-American Independent Practice Associations,industry_association,unknown,Pamela Hunter,assembly
2022-11-30,1000.0,Eli Lilly,pharma,neutral,Pamela Hunter,assembly
2022-03-31,1000.0,Centene,health_insurer,neutral,Pamela Hunter,assembly
2024-02-22,1000.0,Centene,health_insurer,neutral,Pamela Hunter,assembly
2025-02-28,1000.0,Centene,health_insurer,neutral,Pamela Hunter,assembly
2020-10-23,1000.0,New York State Society of Anesthesiologists,industry_association,unknown,Sean Ryan,state_senate
2023-11-30,1000.0,New York State Society of Anesthesiologists,industry_association,unknown,Sean Ryan,state_senate
2021-05-28,1000.0,New York State Society of Anesthesiologists,industry_association,unknown,Sean Ryan,state_senate
2021-11-16,1000.0,District Council 37 (DC37),union,blocker,Zellnor Myrie,state_senate
2022-03-10,1000.0,New York State Society of Anesthesiologists,industry_association,unknown,Sean Ryan,state_senate
2023-02-07,1000.0,New York State Society of Anesthesiologists,industry_association,unknown,Sean Ryan,state_senate
2023-05-24,1000.0,Health Plan Association (HPA) PAC,industry_association,neutral,Pamela Hunter,assembly
2022-04-06,1000.0,Health Plan Association (HPA) PAC,industry_association,neutral,Pamela Hunter,assembly
2020-07-01,1000.0,Health Now Pac,industry_association,neutral,Pamela Hunter,assembly
2024-10-09,1000.0,Healthcare Association of New York State (HANYS),industry_association,unknown,Pamela Hunter,assembly
2024-05-21,1000.0,Healthcare Association of New York State (HANYS),industry_association,unknown,Pamela Hunter,assembly
2023-05-24,1000.0,Pharmacists Society of the State of New York,industry_association,unknown,Pamela Hunter,assembly
2023-12-05,1000.0,Molina Healthcare,health_insurer,neutral,Pamela Hunter,assembly
2022-10-25,1000.0,Medical Society of the State of New York,industry_association,neutral,Sean Ryan,state_senate
2026-05-12,1000.0,NY Assn. of Nurse Anesthetists,industry_association,neutral,Samra Brouk,state_senate
2026-07-11,1000.0,Healthcare Association of New York State (HANYS),industry_association,unknown,Samra Brouk,state_senate
2022-07-06,1000.0,NEW YORK INTERNAL MEDICINE,hospital_health_system_provider,neutral,Philip Ramos,assembly
2025-03-01,1000.0,Healthcare Association of New York State (HANYS),industry_association,unknown,Samra Brouk,state_senate
2023-02-21,1000.0,District Council 37 (DC37),union,blocker,Latrice Walker,assembly
2024-04-05,1000.0,Nursing Network LLC,hospital_health_system_provider,neutral,Steven B. Raga,assembly
2022-05-17,1000.0,"Sixtieth Family Dental, PLLC",hospital_health_system_provider,neutral,Steven B. Raga,assembly
2022-05-21,1000.0,Nursing Network LLC,hospital_health_system_provider,neutral,Steven B. Raga,assembly
2022-07-08,1000.0,Coalition of Asian-American Independent Practice Associations,industry_association,unknown,Samra Brouk,state_senate
2023-12-15,1000.0,Merck,pharma,neutral,Latrice Walker,assembly
2025-03-01,1000.0,New York State Society of Anesthesiologists,industry_association,neutral,Samra Brouk,state_senate
2025-03-04,1000.0,NY State Psychiatric PAC,industry_association,neutral,Samra Brouk,state_senate
2025-12-31,1000.0,NY State Psychiatric PAC,industry_association,neutral,Samra Brouk,state_senate
2025-04-02,1000.0,NY Assn. of Nurse Anesthetists,industry_association,neutral,Samra Brouk,state_senate
2020-10-09,1000.0,Merck,pharma,neutral,Sean Ryan,state_senate
2021-07-07,1000.0,Nurse Practitioners Of NY State PAC,industry_association,neutral,Carl Heastie,assembly
2022-05-12,1000.0,New York Chiropractic Pac,industry_association,neutral,Sean Ryan,state_senate
2026-05-29,1000.0,New York State Society of Anesthesiologists,industry_association,unknown,Pamela Hunter,assembly
2020-09-29,1000.0,New York Chiropractic Pac,industry_association,neutral,Sean Ryan,state_senate
2021-11-17,1000.0,New York Chiropractic Pac,industry_association,neutral,Sean Ryan,state_senate
2026-03-31,1000.0,MVP Health Care,health_insurer,neutral,Pamela Hunter,assembly
2020-02-11,1000.0,Molina Healthcare,health_insurer,neutral,Pamela Hunter,assembly
2026-05-19,1000.0,Molina Healthcare,health_insurer,neutral,Pamela Hunter,assembly
2026-02-24,1000.0,Molina Healthcare,health_insurer,neutral,Pamela Hunter,assembly
2021-12-09,1000.0,Molina Healthcare,health_insurer,neutral,Pamela Hunter,assembly
2024-10-23,1000.0,Merck,pharma,neutral,Pamela Hunter,assembly
2022-11-02,1000.0,Merck,pharma,neutral,Pamela Hunter,assembly
2024-03-14,1000.0,Empire State Assn. of Assisted Living (ESAAL),industry_association,unknown,James Skoufis,state_senate
2023-04-11,1000.0,Elevance,health_insurer,neutral,Crystal D Peoples,assembly
2025-05-27,1000.0,New York State Dental Association PAC (NYSDAPAC),industry_association,neutral,James Skoufis,state_senate
2026-03-04,1000.0,EmblemHealth,health_insurer,neutral,John T. Mcdonald III,assembly
2020-10-16,1000.0,Leadingage New York Pac,industry_association,neutral,Carrie Woerner,assembly
2025-03-20,1000.0,Molina Healthcare,health_insurer,neutral,John T. Mcdonald III,assembly
2025-06-17,1000.0,NY Assn. of Nurse Anesthetists,industry_association,neutral,Shelley Mayer,state_senate
2025-02-10,1000.0,New York State Society of Anesthesiologists,industry_association,unknown,Shelley Mayer,state_senate
2024-01-04,1000.0,Molina Healthcare,health_insurer,neutral,John T. Mcdonald III,assembly
2023-03-22,1000.0,United New York Ambulance Network (UNYAN),industry_association,neutral,John T. Mcdonald III,assembly
2024-02-08,1000.0,New York Emergency Medicine,industry_association,neutral,Luis R. Sepulveda,state_senate
2025-02-08,1000.0,New York Emergency Medicine,industry_association,neutral,Luis R. Sepulveda,state_senate
2026-04-08,1000.0,"KPH Healthcare Services, Inc",hospital_health_system_provider,neutral,John T. Mcdonald III,assembly
2025-12-18,1000.0,"Life Care Services, Inc.",other_healthcare_related,neutral,Luis R. Sepulveda,state_senate
2025-07-07,1000.0,Upstate Health Advocacy Project (UHAP),industry_association,neutral,John T. Mcdonald III,assembly
2022-11-02,1000.0,Westchester Radiology & Imaging PC,imaging_diagnostics,neutral,Michael Novakhov,assembly
2023-06-06,1000.0,All City Medical Supply,hospital_health_system_provider,neutral,Michael Novakhov,assembly
2020-04-28,1000.0,Elevance,health_insurer,neutral,Carrie Woerner,assembly
2024-05-08,1000.0,Surgeon Pac,industry_association,neutral,Shelley Mayer,state_senate
2024-06-17,1000.0,United Healthcare / UnitedHealth Group (UHC/UHG),health_insurer,neutral,Shelley Mayer,state_senate
2024-02-22,1000.0,Healthcare Association of New York State (HANYS),industry_association,unknown,Shelley Mayer,state_senate
2024-03-26,1000.0,NY Assn. of Nurse Anesthetists,industry_association,neutral,Shelley Mayer,state_senate
2023-03-14,1000.0,United Healthcare / UnitedHealth Group (UHC/UHG),health_insurer,neutral,John T. Mcdonald III,assembly
2024-02-12,1000.0,Upstate Health Advocacy Project (UHAP),industry_association,neutral,John T. Mcdonald III,assembly
2026-03-31,1000.0,District Council 37 (DC37),union,blocker,Jose M. Serrano,state_senate
2020-08-14,1000.0,Paz Health Care Management Inc,other_healthcare_related,neutral,Susan J Serino,state_senate
2026-03-06,1000.0,Upstate Health Advocacy Project (UHAP),industry_association,neutral,John T. Mcdonald III,assembly
2025-02-24,1000.0,Healthcare Association of New York State (HANYS),industry_association,unknown,Shelley Mayer,state_senate
2020-02-14,1000.0,Paz Health Care Management Inc,other_healthcare_related,neutral,Susan J Serino,state_senate
2025-11-05,1000.0,Healthcare Association of New York State (HANYS),industry_association,unknown,Shelley Mayer,state_senate
2024-06-17,1000.0,United Healthcare / UnitedHealth Group (UHC/UHG),health_insurer,neutral,John T. Mcdonald III,assembly
2023-02-24,1000.0,Eli Lilly,pharma,neutral,John T. Mcdonald III,assembly
2022-04-12,1000.0,New York State Dental Association PAC (NYSDAPAC),industry_association,unknown,John T. Mcdonald III,assembly
2024-11-12,1000.0,Empire State Assn. of Assisted Living (ESAAL),industry_association,unknown,James Skoufis,state_senate
2020-06-08,1000.0,Elevance,health_insurer,neutral,John T. Mcdonald III,assembly
2026-03-02,1000.0,NY Assn. of Nurse Anesthetists,industry_association,neutral,John T. Mcdonald III,assembly
2026-04-01,1000.0,"Just Kids Diagnostic & Treatment Center,",imaging_diagnostics,neutral,Shelley Mayer,state_senate
2025-03-03,1000.0,"Just Kids Diagnostic & Treatment Center,",imaging_diagnostics,neutral,Shelley Mayer,state_senate
2025-05-09,1000.0,New York State Society of Anesthesiologists,industry_association,unknown,John T. Mcdonald III,assembly
2025-05-20,1000.0,Northeast Medical Eqpt Prov Assoc. Inc,hospital_health_system_provider,neutral,John T. Mcdonald III,assembly
2026-03-02,1000.0,MVP Health Care,health_insurer,neutral,Shelley Mayer,state_senate
2025-06-11,1000.0,MVP Health Care,health_insurer,neutral,Shelley Mayer,state_senate
2023-03-22,1000.0,MVP Health Care,health_insurer,neutral,John T. Mcdonald III,assembly
2026-06-09,1000.0,New York Chiropractic Pac,industry_association,neutral,Shelley Mayer,state_senate
2022-06-03,1000.0,MVP Health Care,health_insurer,neutral,John T. Mcdonald III,assembly
2022-06-03,1000.0,American Assoc. of Orthopedic Surgeons,industry_association,neutral,John T. Mcdonald III,assembly
2025-05-31,1000.0,MVP Health Care,health_insurer,neutral,John T. Mcdonald III,assembly
2026-04-07,1000.0,"Parkland Ambulance Service, Inc.",other_healthcare_related,neutral,John T. Mcdonald III,assembly
2024-06-07,1000.0,Cigna,health_insurer,neutral,John T. Mcdonald III,assembly
2024-05-01,1000.0,Molina Healthcare,health_insurer,neutral,John T. Mcdonald III,assembly
2026-03-12,1000.0,Pharmacists Society of the State of New York,industry_association,neutral,John T. Mcdonald III,assembly
2023-03-29,1000.0,Pharmacists Society of the State of New York,industry_association,unknown,John T. Mcdonald III,assembly
2024-05-15,1000.0,Prime Home Health Services LLC,post_acute_long_term_care,neutral,Luis R. Sepulveda,state_senate
2024-04-01,1000.0,MVP Health Care,health_insurer,neutral,John T. Mcdonald III,assembly
2022-11-18,1000.0,Molina Healthcare,health_insurer,neutral,John T. Mcdonald III,assembly
2021-11-10,1000.0,Healthcare Association of New York State (HANYS),industry_association,unknown,John T. Mcdonald III,assembly
2024-10-21,1000.0,Healthcare Association of New York State (HANYS),industry_association,unknown,John T. Mcdonald III,assembly
2025-04-03,1000.0,Centene,health_insurer,neutral,John T. Mcdonald III,assembly
2024-05-01,1000.0,Centene,health_insurer,neutral,John T. Mcdonald III,assembly
2026-03-04,1000.0,Centene,health_insurer,neutral,John T. Mcdonald III,assembly
2022-04-22,1000.0,Empire State Assn. of Assisted Living (ESAAL),industry_association,unknown,John T. Mcdonald III,assembly
2024-04-15,1000.0,Elevance,health_insurer,neutral,John T. Mcdonald III,assembly
2026-02-25,1000.0,United New York Ambulance Network (UNYAN),industry_association,neutral,John T. Mcdonald III,assembly
2023-03-22,1000.0,United New York Ambulance Network (UNYAN),industry_association,neutral,John T. Mcdonald III,assembly
2024-03-28,1000.0,United New York Ambulance Network (UNYAN),industry_association,neutral,John T. Mcdonald III,assembly
2025-03-20,1000.0,United Healthcare / UnitedHealth Group (UHC/UHG),health_insurer,neutral,John T. Mcdonald III,assembly
2021-11-04,1000.0,District Council 37 (DC37),union,blocker,Kimberly Jean-Pierre,assembly
2025-11-21,1000.0,Bristol Myers Squibb,pharma,neutral,John T. Mcdonald III,assembly
2023-10-06,1000.0,"Life Care Services, Inc.",other_healthcare_related,neutral,Luis R. Sepulveda,state_senate
2026-04-07,1000.0,Chain Pharmacy Association of New York State,industry_association,neutral,John T. Mcdonald III,assembly
2025-01-12,1000.0,Wonderful Adult Care Center LLC,other_healthcare_related,neutral,Lester Chang,assembly
2026-02-09,1000.0,United Healthcare / UnitedHealth Group (UHC/UHG),health_insurer,neutral,Shelley Mayer,state_senate
2024-06-07,1000.0,Cigna,health_insurer,neutral,John T. Mcdonald III,assembly
2026-04-07,1000.0,Cigna,health_insurer,neutral,John T. Mcdonald III,assembly
2022-10-26,1000.0,Leadingage New York Pac,industry_association,neutral,Carrie Woerner,assembly
2020-06-10,1000.0,District Council 37 (DC37),union,blocker,Kimberly Jean-Pierre,assembly
2021-05-19,1000.0,District Council 37 (DC37),union,blocker,Kimberly Jean-Pierre,assembly
2026-04-12,1000.0,Elevance,health_insurer,neutral,Pamela Hunter,assembly
2024-01-24,1000.0,Elevance,health_insurer,neutral,Shelley Mayer,state_senate
2023-09-25,1000.0,New York State Dental Association PAC (NYSDAPAC),industry_association,unknown,Luis R. Sepulveda,state_senate
2020-10-26,1000.0,Eli Lilly,pharma,neutral,Kimberly Jean-Pierre,assembly
2023-12-04,1000.0,New York State Dental Association PAC (NYSDAPAC),industry_association,unknown,Shelley Mayer,state_senate
2020-11-27,1000.0,Eli Lilly,pharma,neutral,Shelley Mayer,state_senate
2025-03-19,1000.0,Elevance,health_insurer,neutral,Pamela Hunter,assembly
2022-11-30,1000.0,Abbott Laboratories,medical_device,unknown,John T. Mcdonald III,assembly
2025-05-25,1000.0,United Healthcare / UnitedHealth Group (UHC/UHG),health_insurer,neutral,Carl Heastie,assembly
2023-08-30,1000.0,Abbott Laboratories,medical_device,unknown,John T. Mcdonald III,assembly
2025-12-18,1000.0,Abbott Laboratories,medical_device,unknown,John T. Mcdonald III,assembly
2024-12-23,1000.0,Abbott Laboratories,medical_device,unknown,John T. Mcdonald III,assembly
2020-06-05,1000.0,Eli Lilly,pharma,neutral,Luis R. Sepulveda,state_senate
2026-03-04,1000.0,Elevance,health_insurer,neutral,John T. Mcdonald III,assembly
2023-02-27,1000.0,Elevance,health_insurer,neutral,Shelley Mayer,state_senate
2022-05-30,1000.0,New York State Society of Anesthesiologists,industry_association,unknown,Robert Jackson,state_senate
2023-10-06,1000.0,Prime Home Health Services LLC,post_acute_long_term_care,neutral,Luis R. Sepulveda,state_senate
2021-10-21,1000.0,Chain Pharmacy Association of New York State,industry_association,neutral,Shelley Mayer,state_senate
2025-04-03,1000.0,Capital District Physicians' Health Plan (CDPHP),health_insurer,neutral,John T. Mcdonald III,assembly
2025-07-10,1000.0,New York State Society of Anesthesiologists,industry_association,unknown,Kwani B. O'Pharrow,assembly
2026-03-03,1000.0,United Healthcare / UnitedHealth Group (UHC/UHG),health_insurer,neutral,John T. Mcdonald III,assembly
2025-03-18,1000.0,United New York Ambulance Network (UNYAN),industry_association,neutral,John T. Mcdonald III,assembly
2024-07-01,1000.0,Eli Lilly,pharma,neutral,John T. Mcdonald III,assembly
2023-10-17,1000.0,Jay Pharmacy Corp DBA Santa Maria Pharma,pharmacy,neutral,Manny De Los Santos,assembly
2023-07-07,1000.0,New York State Society of Anesthesiologists,industry_association,unknown,Shelley Mayer,state_senate
2021-10-09,1000.0,United Healthcare / UnitedHealth Group (UHC/UHG),health_insurer,neutral,Carl Heastie,assembly
2024-09-24,1000.0,United Healthcare / UnitedHealth Group (UHC/UHG),health_insurer,neutral,Carl Heastie,assembly
2025-09-29,1000.0,United Healthcare / UnitedHealth Group (UHC/UHG),health_insurer,neutral,Carl Heastie,assembly
2023-03-06,1000.0,Healthcare Association of New York State (HANYS),industry_association,unknown,Shelley Mayer,state_senate
2026-06-30,1000.0,District Council 37 (DC37),union,blocker,Patrick Martinez,assembly
2023-03-27,1000.0,"Just Kids Diagnostic & Treatment Center,",imaging_diagnostics,neutral,Shelley Mayer,state_senate
2021-09-27,1000.0,Healthcare Association of New York State (HANYS),industry_association,unknown,Maritza Davila,assembly
2026-02-13,1000.0,District Council 37 (DC37),union,blocker,Manny De Los Santos,assembly
2026-03-06,1000.0,Capital District Physicians' Health Plan (CDPHP),health_insurer,neutral,John T. Mcdonald III,assembly
2022-05-16,1000.0,NY Assn. of Nurse Anesthetists,industry_association,neutral,Shelley Mayer,state_senate
2022-05-12,1000.0,District Council 37 (DC37),union,blocker,Manny De Los Santos,assembly
2023-04-03,1000.0,NY Assn. of Nurse Anesthetists,industry_association,neutral,Shelley Mayer,state_senate
2022-04-14,1000.0,New York State Society of Anesthesiologists,industry_association,unknown,Shelley Mayer,state_senate
2022-08-31,1000.0,District Council 37 (DC37),union,blocker,Maritza Davila,assembly
2022-10-21,1000.0,United Healthcare / UnitedHealth Group (UHC/UHG),health_insurer,neutral,Carl Heastie,assembly
2022-04-26,1000.0,District Council 37 (DC37),union,blocker,Maritza Davila,assembly
2020-11-02,1000.0,Wellnow Urgent Care,hospital_health_system_provider,neutral,Carrie Woerner,assembly
2023-02-13,1000.0,New York State Society of Anesthesiologists,industry_association,unknown,Shelley Mayer,state_senate
2021-05-25,1000.0,District Council 37 (DC37),union,blocker,Maritza Davila,assembly
2024-03-20,1000.0,Capital District Physicians' Health Plan (CDPHP),health_insurer,neutral,John T. Mcdonald III,assembly
2022-05-06,1000.0,Capital District Physicians' Health Plan (CDPHP),health_insurer,neutral,John T. Mcdonald III,assembly
2025-10-17,1000.0,NY Assn. of Nurse Anesthetists,industry_association,neutral,John T. Mcdonald III,assembly
2020-06-08,1000.0,New York State Assoc. of Healthcare Providers (NYSHCP),industry_association,neutral,John T. Mcdonald III,assembly
2023-03-23,1000.0,Centene,health_insurer,neutral,John T. Mcdonald III,assembly
2020-02-17,1000.0,EmblemHealth,health_insurer,neutral,Daniel Rosenthal,assembly
2023-03-16,1000.0,Happyhouse Adult Day Care Center Inc.,adult_day_care,neutral,William Colton,assembly
2026-04-15,1000.0,Empire State Assn. of Assisted Living (ESAAL),industry_association,unknown,James Skoufis,state_senate
2025-02-18,1000.0,Empire State Assn. of Assisted Living (ESAAL),industry_association,unknown,James Skoufis,state_senate
2022-09-24,1000.0,Happyhouse Adult Day Care Center Inc.,adult_day_care,neutral,William Colton,assembly
2023-09-13,1000.0,Happyhouse Adult Day Care Center Inc.,adult_day_care,neutral,William Colton,assembly
2026-06-08,1000.0,District Council 37 (DC37),union,blocker,Landon Dais,assembly
2025-05-08,1000.0,Leadingage New York Pac,industry_association,neutral,James Skoufis,state_senate
2022-01-14,1000.0,New York Chiropractic Pac,industry_association,neutral,Latoya Joyner,assembly
2025-11-26,1000.0,Healthcare Association of New York State (HANYS),industry_association,neutral,Siela A Bynoe,state_senate
2023-05-08,1000.0,Pharmacists Society of the State of New York,industry_association,unknown,Latoya Joyner,assembly
2025-02-26,1000.0,Elevance,health_insurer,neutral,James Skoufis,state_senate
2020-07-10,1000.0,New York Chiropractic Pac,industry_association,neutral,Latoya Joyner,assembly
2026-04-17,1000.0,Capital District Physicians' Health Plan (CDPHP),health_insurer,neutral,James Skoufis,state_senate
2025-12-15,1000.0,Molina Healthcare,health_insurer,neutral,Grace Lee,assembly
2020-08-17,1000.0,Pharmacists Society of the State of New York,industry_association,unknown,Tremaine S. Wright,state_senate
2020-06-12,1000.0,Pharmacists Society of the State of New York,industry_association,unknown,Tremaine S. Wright,state_senate
2026-07-08,1000.0,Coalition of Asian-American Independent Practice Associations,industry_association,unknown,Lisa M. Vider,state_senate
2024-10-14,1000.0,Healthcare Association of New York State (HANYS),industry_association,neutral,Grace Lee,assembly
2020-08-19,1000.0,Eli Lilly,pharma,neutral,Dan Quart,assembly
2026-03-02,1000.0,Coalition of Asian-American Independent Practice Associations,industry_association,unknown,Grace Lee,assembly
2025-04-21,1000.0,American Nurses Assn. (ANA-NY PAC),industry_association,neutral,Lea Webb,state_senate
2026-04-03,1000.0,American Nurses Assn. (ANA-NY PAC),industry_association,neutral,Lea Webb,state_senate
2020-01-29,1000.0,New York State Dental Association PAC (NYSDAPAC),industry_association,unknown,James N. Tedisco,state_senate
2023-01-24,1000.0,New York State Dental Association PAC (NYSDAPAC),industry_association,unknown,James N. Tedisco,state_senate
2024-06-18,1000.0,New York State Dental Association PAC (NYSDAPAC),industry_association,unknown,James N. Tedisco,state_senate
2022-07-11,1000.0,NYSHA,industry_association,neutral,Grace Lee,assembly
2022-05-10,1000.0,First District Dental Society Political,industry_association,neutral,Grace Lee,assembly
2023-01-06,1000.0,Eli Lilly,pharma,neutral,Latoya Joyner,assembly
2021-10-07,1000.0,Healthcare Association of New York State (HANYS),industry_association,unknown,Latoya Joyner,assembly
2025-05-19,1000.0,New York Chiropractic Pac,industry_association,neutral,Charles D Lavine,assembly
2025-02-25,1000.0,United New York Ambulance Network (UNYAN),industry_association,neutral,Joshua T. Jensen,assembly
2025-07-17,1000.0,Empire State Assn. of Assisted Living (ESAAL),industry_association,unknown,Kalman Yeger,assembly
2024-06-29,1000.0,Centene,health_insurer,neutral,Crystal D Peoples,assembly
2025-02-06,1000.0,United New York Ambulance Network (UNYAN),industry_association,neutral,James Skoufis,state_senate
2024-02-15,1000.0,Healthcare Association of New York State (HANYS),industry_association,unknown,James Skoufis,state_senate
2024-10-10,1000.0,Healthcare Association of New York State (HANYS),industry_association,unknown,James Skoufis,state_senate
2023-02-15,1000.0,Healthcare Association of New York State (HANYS),industry_association,unknown,James Skoufis,state_senate
2026-03-11,1000.0,Merck,pharma,neutral,Crystal D Peoples,assembly
2023-01-23,1000.0,New York State Society of Anesthesiologists,industry_association,unknown,James Skoufis,state_senate
2026-03-27,1000.0,Merck,pharma,neutral,Crystal D Peoples,assembly
2026-03-20,1000.0,NY State Psychiatric PAC,industry_association,neutral,Jo Anne Simon,assembly
2024-10-29,1000.0,Merck,pharma,neutral,Crystal D Peoples,assembly
2024-06-04,1000.0,Molina Healthcare,health_insurer,neutral,Crystal D Peoples,assembly
2022-07-12,1000.0,Mssnypac,industry_association,neutral,Crystal D Peoples,assembly
2023-06-05,1000.0,New York Chiropractic Pac,industry_association,neutral,Charles D Lavine,assembly
2024-02-06,1000.0,Pharmacists Society of the State of New York,industry_association,unknown,James Skoufis,state_senate
2020-10-28,1000.0,Health Plan Association (HPA) PAC,industry_association,neutral,Crystal D Peoples,assembly
2024-01-18,1000.0,New York State Society of Anesthesiologists,industry_association,neutral,James Skoufis,state_senate
2024-01-02,1000.0,Merck,pharma,neutral,Crystal D Peoples,assembly
2021-11-19,1000.0,Merck,pharma,neutral,Crystal D Peoples,assembly
2023-09-13,1000.0,Brooklyn Village Adult Day Care Inc.,adult_day_care,neutral,William Colton,assembly
2025-03-24,1000.0,Healthcare Association of New York State (HANYS),industry_association,unknown,Charles D Lavine,assembly
2024-10-16,1000.0,New York State Society of Anesthesiologists,industry_association,neutral,Siela A Bynoe,state_senate
2026-02-03,1000.0,Coalition of Asian-American Independent Practice Associations,industry_association,unknown,Siela A Bynoe,state_senate
2024-07-05,1000.0,Elevance,health_insurer,neutral,Crystal D Peoples,assembly
2026-03-16,1000.0,New York Chiropractic Pac,industry_association,neutral,Charles D Lavine,assembly
2024-04-18,1000.0,New York Chiropractic Pac,industry_association,neutral,Charles D Lavine,assembly
2024-11-04,1000.0,Coalition of Asian-American Independent Practice Associations,industry_association,unknown,Gina L. Sillitti,assembly
2023-03-29,1000.0,Elevance,health_insurer,neutral,Daniel Rosenthal,assembly
2022-05-20,1000.0,Centene,health_insurer,neutral,Andrew D Hevesi,assembly
2020-06-08,1000.0,EmblemHealth,health_insurer,neutral,Aravella Simotas,assembly
2026-05-15,1000.0,Elevance,health_insurer,neutral,Joshua T. Jensen,assembly
2022-06-22,1000.0,New York State Society of Anesthesiologists,industry_association,neutral,Crystal D Peoples,assembly
2024-04-03,1000.0,United New York Ambulance Network (UNYAN),industry_association,neutral,Andrew D Hevesi,assembly
2024-06-21,1000.0,United Healthcare / UnitedHealth Group (UHC/UHG),health_insurer,neutral,Crystal D Peoples,assembly
2020-07-21,1000.0,United Healthcare / UnitedHealth Group (UHC/UHG),health_insurer,neutral,Crystal D Peoples,assembly
2024-08-12,1000.0,Healthcare Association of New York State (HANYS),industry_association,unknown,Stephen M. Hawley,assembly
2025-07-14,1000.0,Healthcare Association of New York State (HANYS),industry_association,unknown,Stephen M. Hawley,assembly
2024-10-10,1000.0,Healthcare Association of New York State (HANYS),industry_association,unknown,"Albert A Stirpe, Jr.",state_senate
2023-04-25,1000.0,United Healthcare / UnitedHealth Group (UHC/UHG),health_insurer,neutral,Crystal D Peoples,assembly
2023-11-15,1000.0,New York State Dental Association PAC (NYSDAPAC),industry_association,unknown,James N. Tedisco,state_senate
2021-11-19,1000.0,District Council 37 (DC37),union,blocker,Jeffrey Dinowitz,assembly
2022-07-26,1000.0,EmblemHealth,health_insurer,neutral,Andrew D Hevesi,assembly
2021-07-24,1000.0,Healthcare Association of New York State (HANYS),industry_association,unknown,Jeffrey Dinowitz,assembly
2022-04-15,1000.0,Elevance,health_insurer,neutral,Jeffrey Dinowitz,assembly
2023-10-23,1000.0,Livingston Foot Care Specialists,hospital_health_system_provider,neutral,Steven D. Rhoads,state_senate
2020-06-01,1000.0,Elevance,health_insurer,neutral,Jeffrey Dinowitz,assembly
2025-04-09,1000.0,Elevance,health_insurer,neutral,Steven D. Rhoads,state_senate
2026-05-29,1000.0,Elevance,health_insurer,neutral,Steven D. Rhoads,state_senate
2025-05-31,1000.0,Elevance,health_insurer,neutral,Steven D. Rhoads,state_senate
2023-02-16,1000.0,Eli Lilly,pharma,neutral,Andrew D Hevesi,assembly
2020-04-29,1000.0,Pfizer,pharma,unknown,Crystal D Peoples,assembly
2022-05-20,1000.0,Nurse Practitioners Of NY State PAC,industry_association,neutral,Andrew D Hevesi,assembly
2022-06-06,1000.0,MVP Health Care,health_insurer,neutral,Andrew D Hevesi,assembly
2022-07-26,1000.0,Molina Healthcare,health_insurer,neutral,Andrew D Hevesi,assembly
2026-01-05,1000.0,Molina Healthcare,health_insurer,neutral,Andrew D Hevesi,assembly
2023-12-05,1000.0,Molina Healthcare,health_insurer,neutral,Andrew D Hevesi,assembly
2025-05-13,1000.0,Pfizer,pharma,unknown,Crystal D Peoples,assembly
2025-05-01,1000.0,Elevance,health_insurer,neutral,Joshua T. Jensen,assembly
2025-03-28,1000.0,New York Emergency Medicine,industry_association,neutral,Crystal D Peoples,assembly
2023-03-29,1000.0,Elevance,health_insurer,neutral,Joshua T. Jensen,assembly
2024-03-22,1000.0,District Council 37 (DC37),union,blocker,Harvey Epstein,assembly
2026-04-27,1000.0,"GWR MEDICAL, INC",hospital_health_system_provider,neutral,George Alvarez,assembly
2022-05-11,1000.0,Elevance,health_insurer,neutral,Daniel Rosenthal,assembly
2022-02-08,1000.0,Coalition of Asian-American Independent Practice Associations,industry_association,unknown,Zellnor Myrie,state_senate
2023-05-23,1000.0,Centene,health_insurer,neutral,Daniel Rosenthal,assembly
2022-04-21,1000.0,Centene,health_insurer,neutral,Daniel Rosenthal,assembly
2025-06-18,1000.0,Foster Care Champions PAC NY,industry_association,neutral,Lea Webb,state_senate
2025-03-10,1000.0,New York State Society of Anesthesiologists,industry_association,unknown,Lea Webb,state_senate
2020-06-08,1000.0,NY Radiological Society,industry_association,neutral,Aravella Simotas,assembly
2026-03-20,1000.0,NY Assn. of Nurse Anesthetists,industry_association,neutral,Lea Webb,state_senate
2025-10-31,1000.0,NY Assn. of Nurse Anesthetists,industry_association,neutral,Lea Webb,state_senate
2020-06-17,1000.0,New York State Beer Wholesalers Association PAC,industry_association,neutral,Aravella Simotas,assembly
2020-01-06,1000.0,Brookhaven Rehabilitation And Health Care Center,post_acute_long_term_care,neutral,Daniel Rosenthal,assembly
2026-03-19,1000.0,Healthcare Association of New York State (HANYS),industry_association,unknown,Jenifer Rajkumar,assembly
2024-03-22,1000.0,Elevance,health_insurer,neutral,Joshua T. Jensen,assembly
2024-05-02,1000.0,Immigrant Elder Home Care LLC,post_acute_long_term_care,neutral,Hiram Monserrate,assembly
2024-04-30,1000.0,Bari Home Care LLC,post_acute_long_term_care,neutral,Hiram Monserrate,assembly
2022-03-04,1000.0,New York State Society of Anesthesiologists,industry_association,neutral,Jeffrey Dinowitz,assembly
2022-05-27,1000.0,NY Radiological Society,industry_association,neutral,Crystal D Peoples,assembly
2022-03-24,1000.0,Golden Age Home Care,post_acute_long_term_care,neutral,Hiram Monserrate,assembly
2022-02-18,1000.0,Golden Age Home Care,post_acute_long_term_care,neutral,Hiram Monserrate,assembly
2023-06-17,1000.0,Medical Society of the State of New York,industry_association,neutral,Steven D. Rhoads,state_senate
2025-04-24,1000.0,United New York Ambulance Network (UNYAN),industry_association,neutral,Andrew D Hevesi,assembly
2023-01-31,1000.0,United New York Ambulance Network (UNYAN),industry_association,neutral,James Skoufis,state_senate
2023-12-12,1000.0,United Healthcare / UnitedHealth Group (UHC/UHG),health_insurer,neutral,James Skoufis,state_senate
2024-10-28,1000.0,United New York Ambulance Network (UNYAN),industry_association,neutral,James Skoufis,state_senate
2024-10-23,1000.0,Merck,pharma,neutral,Joshua T. Jensen,assembly
2024-03-05,1000.0,Empire State Assn. of Assisted Living (ESAAL),industry_association,unknown,Amy Paulin,assembly
2025-06-10,1000.0,Molina Healthcare,health_insurer,neutral,Pamela Hunter,assembly
2022-08-22,1000.0,American Nurses Assn. (ANA-NY PAC),industry_association,neutral,Aileen Gunther,assembly
2022-06-24,1000.0,Contemporary Orthopedics PLLC,hospital_health_system_provider,neutral,David I Weprin,assembly
2020-09-29,1000.0,United Healthcare / UnitedHealth Group (UHC/UHG),health_insurer,neutral,"Peter J Abbate, Jr.",assembly
2020-03-05,1000.0,United Healthcare / UnitedHealth Group (UHC/UHG),health_insurer,neutral,"Peter J Abbate, Jr.",assembly
2020-05-05,1000.0,Pfizer,pharma,unknown,Richard N Gottfried,assembly
2026-06-08,1000.0,United New York Ambulance Network (UNYAN),industry_association,neutral,Steven Otis,assembly
2020-02-14,1000.0,District Council 37 (DC37),union,blocker,David I Weprin,assembly
2024-06-21,1000.0,United Healthcare / UnitedHealth Group (UHC/UHG),health_insurer,neutral,Amy Paulin,assembly
2023-03-21,1000.0,United Healthcare / UnitedHealth Group (UHC/UHG),health_insurer,neutral,Amy Paulin,assembly
2026-03-21,1000.0,United Healthcare / UnitedHealth Group (UHC/UHG),health_insurer,neutral,Amy Paulin,assembly
2025-12-16,1000.0,Molina Healthcare,health_insurer,neutral,Alex William Bores,assembly
2023-03-02,1000.0,United New York Ambulance Network (UNYAN),industry_association,neutral,Amy Paulin,assembly
2025-03-28,1000.0,United Healthcare / UnitedHealth Group (UHC/UHG),health_insurer,neutral,Amy Paulin,assembly
2024-06-10,1000.0,Cigna,health_insurer,neutral,Amy Paulin,assembly
2024-06-10,1000.0,Cigna,health_insurer,neutral,Amy Paulin,assembly
2024-11-04,1000.0,Coalition of Asian-American Independent Practice Associations,industry_association,unknown,Scott H. Bendett,assembly
2024-03-11,1000.0,United New York Ambulance Network (UNYAN),industry_association,neutral,Amy Paulin,assembly
2022-04-15,1000.0,Elevance,health_insurer,neutral,"Peter J Abbate, Jr.",assembly
2022-04-06,1000.0,New York State Dental Association PAC (NYSDAPAC),industry_association,neutral,"Peter J Abbate, Jr.",assembly
2024-03-08,1000.0,New York State Society of Anesthesiologists,industry_association,neutral,William A. Barclay,assembly
2021-09-17,1000.0,Merck,pharma,neutral,William A. Barclay,assembly
2024-01-08,1000.0,Merck,pharma,neutral,William A. Barclay,assembly
2025-05-20,1000.0,Medical Society of the State of New York,industry_association,neutral,William A. Barclay,assembly
2025-03-11,1000.0,Healthcare Association of New York State (HANYS),industry_association,unknown,William A. Barclay,assembly
2024-07-12,1000.0,Coalition of Asian-American Independent Practice Associations,industry_association,unknown,Zellnor Myrie,state_senate
2025-08-15,1000.0,Healthcare Association of New York State (HANYS),industry_association,unknown,William A. Barclay,assembly
2023-07-11,1000.0,New York State Society of Anesthesiologists,industry_association,neutral,William A. Barclay,assembly
2024-08-01,1000.0,Ny Physical Therapy Association,industry_association,neutral,William A. Barclay,assembly
2022-09-09,1000.0,District Council 37 (DC37),union,blocker,Zellnor Myrie,state_senate
2022-09-30,1000.0,Healthcare Association of New York State (HANYS),industry_association,unknown,Steve Stern,assembly
2022-10-22,1000.0,Healthcare Association of New York State (HANYS),industry_association,neutral,"Peter J Abbate, Jr.",assembly
2025-05-01,1000.0,Molina Healthcare,health_insurer,neutral,Michaelle C. Solages,assembly
2020-03-06,1000.0,New York State Dental Association PAC (NYSDAPAC),industry_association,neutral,David I Weprin,assembly
2024-10-31,1000.0,Merck,pharma,neutral,Michaelle C. Solages,assembly
2025-01-21,1000.0,Merck,pharma,neutral,Michaelle C. Solages,assembly
2026-02-18,1000.0,EmblemHealth,health_insurer,neutral,Michaelle C. Solages,assembly
2023-10-27,1000.0,Eli Lilly,pharma,neutral,Michaelle C. Solages,assembly
2024-06-26,1000.0,Cigna,health_insurer,neutral,Michaelle C. Solages,assembly
2025-12-08,1000.0,Eli Lilly,pharma,neutral,Catalina Cruz,assembly
2024-02-24,1000.0,Elevance,health_insurer,neutral,Catalina Cruz,assembly
2026-05-12,1000.0,Health Plan Association (HPA) PAC,industry_association,neutral,Catalina Cruz,assembly
2025-06-10,1000.0,MVP Health Care,health_insurer,neutral,Amy Paulin,assembly
2025-04-01,1000.0,Capital District Physicians' Health Plan (CDPHP),health_insurer,neutral,Michaelle C. Solages,assembly
2026-02-18,1000.0,Capital District Physicians' Health Plan (CDPHP),health_insurer,neutral,Michaelle C. Solages,assembly
2026-06-08,1000.0,Capital District Physicians' Health Plan (CDPHP),health_insurer,neutral,Michaelle C. Solages,assembly
2024-11-04,1000.0,Coalition of Asian-American Independent Practice Associations,industry_association,neutral,Michaelle C. Solages,assembly
2022-11-08,1000.0,Coalition of Asian-American Independent Practice Associations,industry_association,neutral,Michaelle C. Solages,assembly
2024-06-03,1000.0,Coalition of Asian-American Independent Practice Associations,industry_association,neutral,Michaelle C. Solages,assembly
2024-02-08,1000.0,Coalition of Asian-American Independent Practice Associations,industry_association,neutral,Michaelle C. Solages,assembly
2025-05-22,1000.0,Elevance,health_insurer,neutral,Michaelle C. Solages,assembly
2023-03-27,1000.0,MVP Health Care,health_insurer,neutral,Amy Paulin,assembly
2026-04-29,1000.0,Elevance,health_insurer,neutral,Catalina Cruz,assembly
2025-04-07,1000.0,Elevance,health_insurer,neutral,Catalina Cruz,assembly
2025-06-25,1000.0,Elevance,health_insurer,neutral,Catalina Cruz,assembly
2026-02-13,1000.0,Coalition of Asian-American Independent Practice Associations,industry_association,unknown,Catalina Cruz,assembly
2026-03-09,1000.0,Montefiore Health System,hospital_health_system_provider,neutral,Michael R Benedetto,assembly
2023-07-26,1000.0,Healthcare Association of New York State (HANYS),industry_association,unknown,Stephen M. Hawley,assembly
2022-07-19,1000.0,Healthcare Association of New York State (HANYS),industry_association,unknown,Stephen M. Hawley,assembly
2020-06-22,1000.0,Elevance,health_insurer,neutral,Steven Otis,assembly
2021-09-27,1000.0,Healthcare Association of New York State (HANYS),industry_association,unknown,Steven Otis,assembly
2023-06-29,1000.0,District Council 37 (DC37),union,blocker,Zellnor Myrie,state_senate
2020-03-16,1000.0,District Council 37 (DC37),union,blocker,Zellnor Myrie,state_senate
2025-07-24,1000.0,Pfizer,pharma,unknown,William A. Barclay,assembly
2022-03-09,1000.0,NY Radiological Society,industry_association,neutral,William A. Barclay,assembly
2022-01-07,1000.0,Ny Physical Therapy Association,industry_association,neutral,Deborah Glick,assembly
2024-03-23,1000.0,NY Assn. of Nurse Anesthetists,industry_association,neutral,Amy Paulin,assembly
2022-04-03,1000.0,Stanley Pharma LLC,pharmacy,neutral,Nader J. Sayegh,assembly
2025-04-22,1000.0,PhRMA,pharma,neutral,Amy Paulin,assembly
2025-09-19,1000.0,Committee for Medical Eye Care,industry_association,neutral,Jeffrey Dinowitz,assembly
2024-05-17,1000.0,New York State Society of Anesthesiologists,industry_association,neutral,Deborah Glick,assembly
2026-06-25,1000.0,Montefiore Health System,hospital_health_system_provider,neutral,Amy Paulin,assembly
2022-11-11,1000.0,Healthcare Association of New York State (HANYS),industry_association,unknown,Deborah Glick,assembly
2024-03-11,1000.0,Pharmacists Society of the State of New York,industry_association,unknown,Amy Paulin,assembly
2026-03-21,1000.0,PhRMA,pharma,neutral,Amy Paulin,assembly
2024-05-02,1000.0,New York State Society of Anesthesiologists,industry_association,neutral,Nader J. Sayegh,assembly
2025-03-08,1000.0,New York State Society of Anesthesiologists,industry_association,unknown,Jeffrey Dinowitz,assembly
2022-03-26,1000.0,Westchester Medical Coder Inc.,hospital_health_system_provider,neutral,Nader J. Sayegh,assembly
2024-05-24,1000.0,NY Radiological Society,industry_association,neutral,Amy Paulin,assembly
2023-06-02,1000.0,Pharmacists Society of the State of New York,industry_association,unknown,Michael R Benedetto,assembly
2023-08-01,1000.0,Healthcare Association of New York State (HANYS),industry_association,unknown,Monica Piga Wallace,assembly
2021-06-15,1000.0,NY Assn. of Nurse Anesthetists,industry_association,neutral,Deborah Glick,assembly
2024-02-12,1000.0,NY Radiological Society,industry_association,neutral,Amy Paulin,assembly
2022-12-12,1000.0,Eli Lilly,pharma,neutral,Michael R Benedetto,assembly
2020-06-07,1000.0,Elevance,health_insurer,neutral,Michael R Benedetto,assembly
2021-09-26,1000.0,Healthcare Association of New York State (HANYS),industry_association,unknown,Michael R Benedetto,assembly
2023-05-21,1000.0,Healthcare Association of New York State (HANYS),industry_association,unknown,Michael R Benedetto,assembly
2022-11-08,1000.0,Merck,pharma,neutral,Michael R Benedetto,assembly
2022-09-12,1000.0,Montefiore Health System,hospital_health_system_provider,neutral,Michael R Benedetto,assembly
2025-04-07,1000.0,NY Radiological Society,industry_association,neutral,Amy Paulin,assembly
2022-03-18,1000.0,NY Assn. of Nurse Anesthetists,industry_association,neutral,Deborah Glick,assembly
2023-10-20,1000.0,Medical Society Of The County Of Erie,industry_association,neutral,Monica Piga Wallace,assembly
2022-06-09,1000.0,Medical Society of the State of New York,industry_association,neutral,Deborah Glick,assembly
2025-03-19,1000.0,American Assoc. of Orthopedic Surgeons,industry_association,neutral,Amy Paulin,assembly
2025-05-27,1000.0,Pfizer,pharma,unknown,Amy Paulin,assembly
2023-08-02,1000.0,Coalition of Asian-American Independent Practice Associations,industry_association,unknown,William A. Barclay,assembly
2020-07-01,1000.0,Health Now Pac,industry_association,neutral,Daniel Rosenthal,assembly
2020-03-13,1000.0,Healthcare Association of New York State (HANYS),industry_association,unknown,William A. Barclay,assembly
2024-03-22,1000.0,Elevance,health_insurer,neutral,William A. Barclay,assembly
2022-01-03,1000.0,Union Plaza Nursing Home,post_acute_long_term_care,neutral,Daniel Rosenthal,assembly
2022-10-11,1000.0,Elevance,health_insurer,neutral,Steven Cymbrowitz,assembly
2022-05-25,1000.0,Elevance,health_insurer,neutral,Steven Cymbrowitz,assembly
2021-06-10,1000.0,District Council 37 (DC37),union,blocker,Steven Cymbrowitz,assembly
2022-02-03,1000.0,Contemporary Orthopedics PLLC,hospital_health_system_provider,neutral,David I Weprin,assembly
2023-07-18,1000.0,New York State Dental Association PAC (NYSDAPAC),industry_association,unknown,William A. Barclay,assembly
2023-10-25,1000.0,District Council 37 (DC37),union,blocker,Zellnor Myrie,state_senate
2022-03-09,1000.0,New York State Dental Association PAC (NYSDAPAC),industry_association,unknown,William A. Barclay,assembly
2020-03-04,1000.0,New York State Dental Association PAC (NYSDAPAC),industry_association,unknown,William A. Barclay,assembly
2024-08-01,1000.0,Coalition of Asian-American Independent Practice Associations,industry_association,unknown,William A. Barclay,assembly
2023-04-10,1000.0,Pfizer,pharma,unknown,Amy Paulin,assembly
2022-12-09,1000.0,Coalition of Asian-American Independent Practice Associations,industry_association,unknown,William A. Barclay,assembly
2022-11-04,1000.0,Abbott Laboratories,medical_device,unknown,William A. Barclay,assembly
2021-01-21,1000.0,Union Plaza Nursing Home,post_acute_long_term_care,neutral,Daniel Rosenthal,assembly
2024-02-28,1000.0,Elevance,health_insurer,neutral,Zellnor Myrie,state_senate
2023-03-14,1000.0,United Healthcare / UnitedHealth Group (UHC/UHG),health_insurer,neutral,Daniel Rosenthal,assembly
2022-02-14,1000.0,Healthcare Association of New York State (HANYS),industry_association,unknown,Vivian E Cook,assembly
2026-06-25,1000.0,District Council 37 (DC37),union,blocker,Tunisia Morrison,assembly
2022-11-02,1000.0,Merck,pharma,neutral,Thomas F O'Mara,assembly
2023-08-09,1000.0,New York State Dental Association PAC (NYSDAPAC),industry_association,neutral,Thomas F O'Mara,assembly
2022-04-28,1000.0,New York State Dental Association PAC (NYSDAPAC),industry_association,unknown,Thomas F O'Mara,assembly
2022-07-25,1000.0,West Hempstead Medical & Urgent Care,hospital_health_system_provider,neutral,Taylor Darling,assembly
2023-09-26,1000.0,Stanley Pharma LLC,pharmacy,neutral,Nader J. Sayegh,assembly
2020-10-20,1000.0,Merck,pharma,neutral,Michaelle C. Solages,assembly
2026-03-05,1000.0,Molina Healthcare,health_insurer,neutral,Michaelle C. Solages,assembly
2020-10-09,1000.0,Leadingage New York Pac,industry_association,neutral,Monica Piga Wallace,assembly
2021-11-10,1000.0,Chain Pharmacy Association of New York State,industry_association,neutral,Michael Gianaris,assembly
2020-05-19,1000.0,Elevance,health_insurer,neutral,Carmen E Arroyo,assembly
2025-04-07,1000.0,United Healthcare / UnitedHealth Group (UHC/UHG),health_insurer,neutral,Michaelle C. Solages,assembly
2026-02-18,1000.0,United Healthcare / UnitedHealth Group (UHC/UHG),health_insurer,neutral,Michaelle C. Solages,assembly
2020-03-23,1000.0,District Council 37 (DC37),union,blocker,Carmen De La Rosa,assembly
2025-01-08,1000.0,Novartis Pharmaceuticals,pharma,neutral,Amy Paulin,assembly
2024-03-19,1000.0,Northeast Medical Eqpt Prov,hospital_health_system_provider,neutral,Amy Paulin,assembly
2026-04-30,1000.0,New York State Society of PAs PAC,industry_association,neutral,Amy Paulin,assembly
2025-06-10,1000.0,Healthcare Association of New York State (HANYS),industry_association,unknown,Michael Gianaris,assembly
2021-02-26,1000.0,Centene,health_insurer,neutral,Michael Gianaris,assembly
2025-05-06,1000.0,Empire State Assn. of Assisted Living (ESAAL),industry_association,unknown,Michael Gianaris,assembly
2023-05-31,1000.0,Elevance,health_insurer,neutral,Michael Gianaris,assembly
2020-01-17,1000.0,District Council 37 (DC37),union,blocker,Michael Gianaris,assembly
2021-04-27,1000.0,NY Chiropractic PAC,industry_association,neutral,Michael Gianaris,assembly
2024-07-09,1000.0,Centene,health_insurer,neutral,Samuel Tzvi Berger,assembly
2024-06-12,1000.0,Health Plan Association (HPA) PAC,industry_association,neutral,Samuel Tzvi Berger,assembly
2024-07-10,1000.0,Upstate Health Advocacy Project (UHAP),industry_association,neutral,Michael Gianaris,assembly
2024-03-11,1000.0,Health Care Providers PAC,industry_association,neutral,Amy Paulin,assembly
2023-02-06,1000.0,NY Radiological Society,industry_association,neutral,Amy Paulin,assembly
2020-10-30,1000.0,Ny Physical Therapy Association,industry_association,neutral,Deborah Glick,assembly
2026-03-07,1000.0,NY Radiological Society,industry_association,neutral,Amy Paulin,assembly
2022-04-22,1000.0,NYS Clinical Laboratory Association PAC,industry_association,neutral,Deborah Glick,assembly
2020-10-08,1000.0,NYS Optometric Association PAC,industry_association,neutral,Amy Paulin,assembly
2026-01-16,1000.0,New York State Dental Association PAC (NYSDAPAC),industry_association,neutral,Amy Paulin,assembly
2025-03-12,1000.0,Upstate Health Advocacy Project (UHAP),industry_association,neutral,Michael Gianaris,assembly
2024-10-15,1000.0,Brighton Eggert Pharmacy Inc.,pharmacy,neutral,Palmo A. Bologna,assembly
2024-10-10,1000.0,MIDDLEPORT FAMILY HEALTH,hospital_health_system_provider,neutral,Palmo A. Bologna,assembly
2021-06-23,1000.0,NY Radiological Society,industry_association,neutral,Michael Gianaris,assembly
2022-10-25,1000.0,Coalition of Asian-American Independent Practice Associations,industry_association,unknown,Michael Gianaris,assembly
2023-02-06,1000.0,New York Emergency Medicine,industry_association,neutral,Amy Paulin,assembly
2022-05-05,1000.0,District Council 37 (DC37),union,blocker,Catalina Cruz,assembly
2024-05-09,1000.0,New York Emergency Medicine,industry_association,neutral,Michael Gianaris,assembly
2025-03-14,1000.0,Empire State Assn. of Assisted Living (ESAAL),industry_association,unknown,Andrea Stewart-Cousins,state_senate
2023-08-17,1000.0,District Council 37 (DC37),union,blocker,Jabari Brisport,state_senate
2022-07-26,1000.0,District Council 37 (DC37),union,blocker,Jabari Brisport,state_senate
2026-02-12,1000.0,Healthcare Association of New York State (HANYS),industry_association,unknown,Andrea Stewart-Cousins,state_senate
2024-03-07,1000.0,Molina Healthcare,health_insurer,neutral,Michael Gianaris,assembly
2023-02-07,1000.0,Nurse Practitioners Of NY State PAC,industry_association,neutral,Amy Paulin,assembly
2023-12-15,1000.0,Merck,pharma,neutral,Michael Gianaris,assembly
2023-04-03,1000.0,NY Assn. of Nurse Anesthetists,industry_association,neutral,Amy Paulin,assembly
2024-06-11,1000.0,Medical Society of the State of New York,industry_association,neutral,Michael Gianaris,assembly
2024-05-28,1000.0,Nurse Practitioners Of NY State PAC,industry_association,neutral,Amy Paulin,assembly
2020-09-03,1000.0,Maxim Healthcare Services,hospital_health_system_provider,neutral,Michael Gianaris,assembly
2025-05-20,1000.0,Medical Society of the State of New York,industry_association,neutral,Michael Gianaris,assembly
2025-05-19,1000.0,Nurse Practitioners Of NY State PAC,industry_association,neutral,Amy Paulin,assembly
2024-01-04,1000.0,New York Emergency Medicine,industry_association,neutral,Amy Paulin,assembly
2024-04-18,1000.0,New York Chiropractic Pac,industry_association,neutral,Michael Gianaris,assembly
2023-05-22,1000.0,NY Chiropractic PAC,industry_association,neutral,Michael Gianaris,assembly
2020-02-28,1000.0,NY Chiropractic PAC,industry_association,neutral,Michael Gianaris,assembly
2022-10-11,1000.0,NY Chiropractic PAC,industry_association,neutral,Michael Gianaris,assembly
2023-05-11,1000.0,New York State Society of Anesthesiologists,industry_association,unknown,Michael Gianaris,assembly
2022-04-25,1000.0,New York State Society of Anesthesiologists,industry_association,unknown,Michael Gianaris,assembly
2021-04-15,1000.0,New York State Society of Anesthesiologists,industry_association,unknown,Michael Gianaris,assembly
2023-03-27,1000.0,New York State Society of Anesthesiologists,industry_association,unknown,Michael Gianaris,assembly
2022-05-25,1000.0,Nurse Practitioners Of NY State PAC,industry_association,neutral,Michael Gianaris,assembly
2024-02-09,1000.0,Nurse Practitioners Of NY State PAC,industry_association,neutral,Michael Gianaris,assembly
2025-02-04,1000.0,Nurse Practitioners Of NY State PAC,industry_association,neutral,Michael Gianaris,assembly
2022-04-10,1000.0,NY Assn. of Nurse Anesthetists,industry_association,neutral,Michael Gianaris,assembly
2023-04-01,1000.0,NY Assn. of Nurse Anesthetists,industry_association,neutral,Michael Gianaris,assembly
2022-10-24,1000.0,NY Radiological Society,industry_association,neutral,Michael Gianaris,assembly
2022-05-25,1000.0,NYS Podiatric Assn.,industry_association,neutral,Michael Gianaris,assembly
2023-05-23,1000.0,New York Emergency Medicine,industry_association,neutral,Michael Gianaris,assembly
2020-06-08,1000.0,NY Radiological Society,industry_association,neutral,Michael Gianaris,assembly
2025-10-06,1000.0,Eli Lilly,pharma,neutral,Chantel Jackson,assembly
2022-06-10,1000.0,NY Assn. of Nurse Anesthetists,industry_association,neutral,Marianne Buttenschon,assembly
2025-03-10,1000.0,Medical Society of the State of New York,industry_association,neutral,Amy Paulin,assembly
2024-01-12,1000.0,United Healthcare / UnitedHealth Group (UHC/UHG),health_insurer,neutral,Catalina Cruz,assembly
2024-11-04,1000.0,Merck,pharma,neutral,Amy Paulin,assembly
2025-03-27,1000.0,NY Assn. of Nurse Anesthetists,industry_association,neutral,Catalina Cruz,assembly
2026-07-06,1000.0,NY Assn. of Nurse Anesthetists,industry_association,neutral,Catalina Cruz,assembly
2026-03-12,1000.0,NY Assn. of Nurse Anesthetists,industry_association,neutral,Catalina Cruz,assembly
2024-03-14,1000.0,NY Assn. of Nurse Anesthetists,industry_association,neutral,Catalina Cruz,assembly
2023-12-27,1000.0,Merck,pharma,neutral,Amy Paulin,assembly
2022-10-25,1000.0,Healthcare Association of New York State (HANYS),industry_association,unknown,Mathylde Frontus,assembly
2024-04-09,1000.0,Molina Healthcare,health_insurer,neutral,Catalina Cruz,assembly
2024-06-10,1000.0,Cigna,health_insurer,neutral,Catalina Cruz,assembly
2023-06-12,1000.0,Medical Society of the State of New York,industry_association,neutral,Amy Paulin,assembly
2026-03-21,1000.0,Molina Healthcare,health_insurer,neutral,Amy Paulin,assembly
2025-03-03,1000.0,Healthfirst,health_insurer,neutral,Michaelle C. Solages,assembly
2025-02-14,1000.0,Healthcare Association of New York State (HANYS),industry_association,unknown,Michaelle C. Solages,assembly
2026-03-05,1000.0,Centene,health_insurer,neutral,Michaelle C. Solages,assembly
2025-04-01,1000.0,Centene,health_insurer,neutral,Michaelle C. Solages,assembly
2026-06-08,1000.0,Empire State Assn. of Assisted Living (ESAAL),industry_association,neutral,Michaelle C. Solages,assembly
2023-04-12,1000.0,Elevance,health_insurer,neutral,Michaelle C. Solages,assembly
2023-04-12,1000.0,Healthfirst,health_insurer,neutral,Michaelle C. Solages,assembly
2022-09-25,1000.0,Merck,pharma,neutral,Michaelle C. Solages,assembly
2026-03-13,1000.0,NY Assn. of Nurse Anesthetists,industry_association,neutral,Michaelle C. Solages,assembly
2026-03-13,1000.0,Health Plan Association (HPA) PAC,industry_association,neutral,Michaelle C. Solages,assembly
2025-03-03,1000.0,New York State Society of Anesthesiologists,industry_association,unknown,Michaelle C. Solages,assembly
2024-03-03,1000.0,New York State Society of Anesthesiologists,industry_association,neutral,Michaelle C. Solages,assembly
2022-02-15,1000.0,District Council 37 (DC37),union,blocker,Chantel Jackson,assembly
2023-02-15,1000.0,District Council 37 (DC37),union,blocker,Chantel Jackson,assembly
2025-09-16,1000.0,District Council 37 (DC37),union,blocker,Chantel Jackson,assembly
2025-03-13,1000.0,NY Assn. of Nurse Anesthetists,industry_association,neutral,Michael Gianaris,assembly
2022-04-25,1000.0,NY Radiological Society,industry_association,neutral,Michael Gianaris,assembly
2023-02-15,1000.0,Elevance,health_insurer,neutral,Rodneyse Bichotte,assembly
2023-10-18,1000.0,Elevance,health_insurer,neutral,Rodneyse Bichotte,assembly
2024-05-09,1000.0,PhRMA,pharma,neutral,Michael Gianaris,assembly
2025-04-29,1000.0,PhRMA,pharma,neutral,Michael Gianaris,assembly
2025-01-23,1000.0,PhRMA,pharma,neutral,Michael Gianaris,assembly
2020-04-15,1000.0,PhRMA,pharma,neutral,Michael Gianaris,assembly
2023-06-23,1000.0,Pharmacists Society of the State of New York,industry_association,unknown,Michael Gianaris,assembly
2022-06-14,1000.0,Pfizer,pharma,unknown,Michael Gianaris,assembly
2025-04-30,1000.0,Pfizer,pharma,unknown,Michael Gianaris,assembly
2022-12-13,1000.0,NY Otolaryngology & Aesthetic Surgery PC,hospital_health_system_provider,neutral,Rodneyse Bichotte,assembly
2026-03-21,1000.0,New York Emergency Medicine,industry_association,neutral,Amy Paulin,assembly
2025-09-24,1000.0,NY Assn. of Nurse Anesthetists,industry_association,neutral,Michael Gianaris,assembly
2026-04-11,1000.0,MVP Health Care,health_insurer,neutral,Amy Paulin,assembly
2024-02-27,1000.0,NY Assn. of Nurse Anesthetists,industry_association,neutral,Michael Gianaris,assembly
2020-01-07,1000.0,NY Radiological Society,industry_association,neutral,Michael Gianaris,assembly
2022-04-26,1000.0,Taconic Pharmacy Inc,pharmacy,neutral,Matthew Slater,assembly
2024-05-09,1000.0,Molina Healthcare,health_insurer,neutral,Amy Paulin,assembly
2021-06-03,1000.0,Empress Ambulance Service Inc,other_healthcare_related,neutral,Matthew Slater,assembly
2022-05-27,1000.0,Empress Ambulance Service Inc,other_healthcare_related,neutral,Matthew Slater,assembly
2025-04-22,1000.0,Molina Healthcare,health_insurer,neutral,Amy Paulin,assembly
2023-02-07,1000.0,MVP Health Care,health_insurer,neutral,Amy Paulin,assembly
2024-06-24,1000.0,MVP Health Care,health_insurer,neutral,Amy Paulin,assembly
2024-03-28,1000.0,MVP Health Care,health_insurer,neutral,Amy Paulin,assembly
2026-03-12,1000.0,Elevance,health_insurer,neutral,Matthew Slater,assembly
2023-04-03,1000.0,NY Assn. of Nurse Anesthetists,industry_association,neutral,Catalina Cruz,assembly
2022-10-31,1000.0,Leadingage New York Pac,industry_association,neutral,Monica Piga Wallace,assembly
2020-02-21,1000.0,District Council 37 (DC37),union,blocker,David I Weprin,assembly
2023-03-22,1000.0,Sun Medical Care Primary Care,hospital_health_system_provider,neutral,Patricia A. Fahy,assembly
2024-05-28,1000.0,Molina Healthcare,health_insurer,neutral,Kenneth Burgos,assembly
2026-03-18,1000.0,Home Care Association PAC,industry_association,neutral,Amy Paulin,assembly
2020-02-27,1000.0,Medical Society of the State of New York,industry_association,neutral,Richard N Gottfried,assembly
2022-11-04,1000.0,Healthcare Association of New York State (HANYS),industry_association,unknown,Amy Paulin,assembly
2025-04-22,1000.0,Healthcare Association of New York State (HANYS),industry_association,unknown,Amy Paulin,assembly
2025-04-08,1000.0,Health Plan Association (HPA) PAC,industry_association,neutral,Amy Paulin,assembly
2023-03-13,1000.0,Multispecality Physicians Group PC,hospital_health_system_provider,neutral,Charles D Fall,assembly
2020-02-22,1000.0,New York State Society of Anesthesiologists,industry_association,unknown,Kevin Cahill,assembly
2022-04-19,1000.0,New York State Society of Anesthesiologists,industry_association,neutral,Kevin Cahill,assembly
2022-04-06,1000.0,MVP Health Care,health_insurer,neutral,Kevin Cahill,assembly
2025-07-19,1000.0,Maxim Healthcare Services,hospital_health_system_provider,neutral,Amy Paulin,assembly
2020-05-06,1000.0,MSSNY,industry_association,neutral,Kevin Cahill,assembly
2026-05-18,1000.0,Tottenville Medical Pavillion PLLC,hospital_health_system_provider,neutral,Charles D Fall,assembly
2026-05-18,1000.0,Tottenville Medical Professionals PLLC,hospital_health_system_provider,neutral,Charles D Fall,assembly
2020-01-30,1000.0,Abbott Laboratories,medical_device,unknown,Richard N Gottfried,assembly
2022-07-21,1000.0,Jazz Pharmaceuticals Inc PAC,industry_association,neutral,Kevin Cahill,assembly
2021-07-08,1000.0,MVP Health Care,health_insurer,neutral,Kevin Cahill,assembly
2020-11-09,1000.0,Interscience Diagnostic Laboratories Inc.,imaging_diagnostics,neutral,Charles D Fall,assembly
2024-04-29,1000.0,Maxim Healthcare Services,hospital_health_system_provider,neutral,Amy Paulin,assembly
2026-04-11,1000.0,Maxim Healthcare Services,hospital_health_system_provider,neutral,Amy Paulin,assembly
2020-02-22,1000.0,Pharmacists Society of the State of New York,industry_association,unknown,Kevin Cahill,assembly
2020-02-22,1000.0,American Assoc. of Orthopedic Surgeons,industry_association,neutral,Kevin Cahill,assembly
2022-04-16,1000.0,NY Radiological Society,industry_association,neutral,Kevin Cahill,assembly
2022-04-19,1000.0,New York Emergency Medicine,industry_association,neutral,Kevin Cahill,assembly
2023-05-09,1000.0,Interscience Diagnostic Laboratories,imaging_diagnostics,neutral,Charles D Fall,assembly
2020-11-02,1000.0,Health Plan Association (HPA) PAC,industry_association,neutral,Kevin Cahill,assembly
2022-04-19,1000.0,Health Care Providers PAC,industry_association,neutral,Kevin Cahill,assembly
2024-03-07,1000.0,Molina Healthcare,health_insurer,neutral,Kenneth Burgos,assembly
2024-10-21,1000.0,Healthcare Association of New York State (HANYS),industry_association,unknown,Karines Reyes,assembly
2020-03-25,1000.0,District Council 37 (DC37),union,blocker,Joseph R Lentol,assembly
2020-06-01,1000.0,Elevance,health_insurer,neutral,Joseph R Lentol,assembly
2020-03-09,1000.0,Healthcare Association of New York State (HANYS),industry_association,unknown,Richard N Gottfried,assembly
2021-09-15,1000.0,Healthcare Association of New York State (HANYS),industry_association,unknown,Harry Bronson,assembly
2020-02-27,1000.0,Healthcare Association of New York State (HANYS),industry_association,unknown,Harry Bronson,assembly
2024-10-14,1000.0,Healthcare Association of New York State (HANYS),industry_association,unknown,Harry Bronson,assembly
2020-05-19,1000.0,Elevance,health_insurer,neutral,Harry Bronson,assembly
2025-10-22,1000.0,Eli Lilly,pharma,neutral,Harry Bronson,assembly
2023-07-03,1000.0,American Nurses Assn. (ANA-NY PAC),industry_association,neutral,Amy Paulin,assembly
2022-09-23,1000.0,Merck,pharma,neutral,Philip A. Palmesano,assembly
2026-03-11,1000.0,Merck,pharma,neutral,Philip A. Palmesano,assembly
2023-06-29,1000.0,District Council 37 (DC37),union,blocker,Brian-Christopher A. Cunningham,assembly
2024-10-18,1000.0,United Healthcare / UnitedHealth Group (UHC/UHG),health_insurer,neutral,Chris Burdick,assembly
2026-04-22,1000.0,Health Plan Association (HPA) PAC,industry_association,neutral,Amy Paulin,assembly
2020-08-28,1000.0,Centene,health_insurer,neutral,Richard N Gottfried,assembly
2021-11-12,1000.0,Elevance,health_insurer,neutral,"Albert A Stirpe, Jr.",assembly
2020-02-27,1000.0,New York Emergency Medicine,industry_association,neutral,Richard N Gottfried,assembly
2020-05-20,1000.0,Health Care Providers PAC,industry_association,neutral,Richard N Gottfried,assembly
2020-02-27,1000.0,Health Care Providers PAC,industry_association,neutral,Richard N Gottfried,assembly
2026-03-17,1000.0,NY Assn. of Nurse Anesthetists,industry_association,neutral,Karines Reyes,assembly
2022-05-30,1000.0,NY Assn. of Nurse Anesthetists,industry_association,neutral,Karines Reyes,assembly
2022-05-30,1000.0,NY Assn. of Nurse Anesthetists,industry_association,neutral,Karines Reyes,assembly
2023-04-26,1000.0,Pharmacists Society of the State of New York,industry_association,unknown,Karines Reyes,assembly
2023-03-07,1000.0,Health Plan Association (HPA) PAC,industry_association,neutral,Amy Paulin,assembly
2023-03-03,1000.0,Home Care Association PAC,industry_association,neutral,Amy Paulin,assembly
2020-02-27,1000.0,Nurse Practitioners Of NY State PAC,industry_association,neutral,Richard N Gottfried,assembly
2026-03-28,1000.0,Healthcare Association of New York State (HANYS),industry_association,unknown,Amy Paulin,assembly
2022-10-20,1000.0,Healthcare Association of New York State (HANYS),industry_association,unknown,Amy Paulin,assembly
2022-11-07,1000.0,Coalition of Asian-American Independent Practice Associations,industry_association,unknown,Karines Reyes,assembly
2024-03-07,1000.0,Molina Healthcare,health_insurer,neutral,Kenneth Burgos,assembly
2024-06-27,1000.0,United New York Ambulance Network (UNYAN),industry_association,neutral,Kenneth Blankenbush,assembly
2020-02-28,1000.0,Health Care Providers PAC,industry_association,neutral,Harry Bronson,assembly
2020-02-03,1000.0,Elevance,health_insurer,neutral,Kevin M. Byrne,assembly
2021-08-25,1000.0,New York State Dental Association PAC (NYSDAPAC),industry_association,unknown,John Brooks,assembly
2020-09-24,1000.0,New York State Dental Association PAC (NYSDAPAC),industry_association,unknown,John Brooks,assembly
2021-06-30,1000.0,Northwell Health,hospital_health_system_provider,neutral,John Brooks,assembly
2024-10-28,1000.0,CVS Health / Aetna,health_insurer,neutral,Amy Paulin,assembly
2025-02-26,1000.0,New York State Society of Anesthesiologists,industry_association,neutral,Philip Ramos,assembly
2025-02-26,1000.0,New York State Society of Anesthesiologists,industry_association,neutral,Philip Ramos,assembly
2025-09-22,1000.0,New York State Society of Anesthesiologists,industry_association,unknown,Jonathan D. Rivera,assembly
2024-06-17,1000.0,Elevance,health_insurer,neutral,Carrie Woerner,assembly
2024-10-10,1000.0,Healthcare Association of New York State (HANYS),industry_association,unknown,Carrie Woerner,assembly
2022-06-24,1000.0,District Council 37 (DC37),union,blocker,Zellnor Myrie,state_senate
2026-03-26,1000.0,Empire State Assn. of Assisted Living (ESAAL),industry_association,unknown,Amy Paulin,assembly
2025-04-22,1000.0,Empire State Assn. of Assisted Living (ESAAL),industry_association,unknown,Amy Paulin,assembly
2025-05-15,1000.0,New York State Society of Anesthesiologists,industry_association,unknown,Karen M. Mcmahon,assembly
2020-09-24,1000.0,Leadingage New York Pac,industry_association,neutral,Karen M. Mcmahon,assembly
2024-06-06,1000.0,Coalition of Asian-American Independent Practice Associations,industry_association,unknown,Didi Barrett,assembly
2023-04-28,1000.0,Elevance,health_insurer,neutral,Amy Paulin,assembly
2024-02-20,1000.0,Coalition of Asian-American Independent Practice Associations,industry_association,unknown,Didi Barrett,assembly
2020-03-09,1000.0,Community Mental Health PAC,industry_association,neutral,Aileen Gunther,assembly
2023-04-13,1000.0,Centene,health_insurer,neutral,Amy Paulin,assembly
2026-04-21,1000.0,NYS Occupational Therapy Assn. PAC,industry_association,neutral,Karen M. Mcmahon,assembly
2024-05-09,1000.0,Centene,health_insurer,neutral,Amy Paulin,assembly
2026-06-29,1000.0,District Council 37 (DC37),union,blocker,Christopher M McCreight,assembly
2026-04-27,1000.0,New York State Society of Anesthesiologists,industry_association,unknown,Karen M. Mcmahon,assembly
2025-04-08,1000.0,Centene,health_insurer,neutral,Amy Paulin,assembly
2026-03-20,1000.0,Centene,health_insurer,neutral,Amy Paulin,assembly
2021-06-04,1000.0,NYS Clinical Laboratory Association PAC,industry_association,neutral,Richard N Gottfried,assembly
2020-05-05,1000.0,NYS Clinical Laboratory Association PAC,industry_association,neutral,Richard N Gottfried,assembly
2022-01-03,1000.0,New York State Dental Association PAC (NYSDAPAC),industry_association,unknown,John Brooks,assembly
2022-01-11,1000.0,Healthcare Association of New York State (HANYS),industry_association,unknown,John Brooks,assembly
2021-11-23,1000.0,Healthcare Association of New York State (HANYS),industry_association,unknown,John Brooks,assembly
2022-04-19,1000.0,Capital District Physicians' Health Plan (CDPHP),health_insurer,neutral,Kevin Cahill,assembly
2024-02-26,1000.0,Four Seasons Nursing and Rehab Center,post_acute_long_term_care,neutral,Amy Paulin,assembly
2020-02-28,1000.0,Northwell Health,hospital_health_system_provider,neutral,Richard N Gottfried,assembly
2020-11-10,1000.0,Abbott Laboratories,medical_device,unknown,Richard N Gottfried,assembly
2023-04-05,1000.0,"KPH Healthcare Services, Inc",hospital_health_system_provider,neutral,Amy Paulin,assembly
2022-02-22,1000.0,Healthcare Association of New York State (HANYS),industry_association,unknown,Kevin Cahill,assembly
2020-11-10,1000.0,Baxter Healthcare Corporation,medical_device,neutral,Richard N Gottfried,assembly
2020-09-15,1000.0,Centene,health_insurer,neutral,Kevin Cahill,assembly
2020-01-17,1000.0,Centene,health_insurer,neutral,Kevin Cahill,assembly
2021-07-08,1000.0,Centene,health_insurer,neutral,Kevin Cahill,assembly
2020-02-22,1000.0,New York State Dental Association PAC (NYSDAPAC),industry_association,unknown,Kevin Cahill,assembly
2021-07-08,1000.0,EmblemHealth,health_insurer,neutral,Kevin Cahill,assembly
2022-04-19,1000.0,EmblemHealth,health_insurer,neutral,Kevin Cahill,assembly
2024-05-28,1000.0,"Just Kids Diagnostic & Treatment Center,",imaging_diagnostics,neutral,Amy Paulin,assembly
2020-09-23,1000.0,Healthcare Association of New York State (HANYS),industry_association,unknown,John Brooks,assembly
2020-09-28,1000.0,Healthcare Association of New York State (HANYS),industry_association,unknown,Kevin M. Byrne,assembly
2020-10-12,1000.0,New York Emergency Medicine,industry_association,neutral,Richard N Gottfried,assembly
2025-03-26,1000.0,American Nurses Assn. (ANA-NY PAC),industry_association,neutral,Carrie Woerner,assembly
2026-03-04,1000.0,American Nurses Assn. (ANA-NY PAC),industry_association,neutral,Carrie Woerner,assembly
2023-01-31,1000.0,Eli Lilly,pharma,neutral,Amy Paulin,assembly
2024-06-30,1000.0,Eli Lilly,pharma,neutral,Amy Paulin,assembly
2021-07-26,1000.0,Healthcare Association of New York State (HANYS),industry_association,unknown,Philip Ramos,assembly
2020-03-23,1000.0,Long Island Pediatrics Of Brentwood PC,hospital_health_system_provider,neutral,Philip Ramos,assembly
2025-12-10,1000.0,Northwell Health,hospital_health_system_provider,neutral,Amy Paulin,assembly
2023-04-11,1000.0,Pharmacists Society of the State of New York,industry_association,unknown,Patricia A. Fahy,assembly
2025-05-01,1000.0,Elevance,health_insurer,neutral,Carrie Woerner,assembly
2026-01-14,1000.0,Upstate Health Advocacy Project (UHAP),industry_association,neutral,Carrie Woerner,assembly
2023-05-20,1000.0,Healthcare Association of New York State (HANYS),industry_association,unknown,Harry Bronson,assembly
2025-03-19,1000.0,Northwell Health,hospital_health_system_provider,neutral,Amy Paulin,assembly
2023-05-29,1000.0,Elevance,health_insurer,neutral,Edward C Braunstein,assembly
2025-02-11,1000.0,Healthcare Association of New York State (HANYS),industry_association,unknown,Brian Cunningham,assembly
2023-03-22,1000.0,Boro Park Center for Rehabilitation and,post_acute_long_term_care,neutral,Amy Paulin,assembly
2024-09-11,1000.0,Bristol Myers Squibb,pharma,neutral,Amy Paulin,assembly
2023-02-03,1000.0,NYS Podiatric Assn.,industry_association,neutral,J. Garry Pretlow,assembly
2026-03-27,1000.0,Elevance,health_insurer,neutral,Edward P Ra,assembly
2025-06-18,1000.0,United Healthcare / UnitedHealth Group (UHC/UHG),health_insurer,neutral,J. Garry Pretlow,assembly
2025-06-12,1000.0,Upstate Health Advocacy Project (UHAP),industry_association,neutral,J. Garry Pretlow,assembly
2023-03-22,1000.0,Buffalo Center for Rehabilitation and Nu,post_acute_long_term_care,neutral,Amy Paulin,assembly
2026-06-17,1000.0,NY State Psychiatric PAC,industry_association,neutral,J. Garry Pretlow,assembly
2023-03-22,1000.0,Brooklyn Center for Rehabilitation and H,post_acute_long_term_care,neutral,Amy Paulin,assembly
2025-10-14,1000.0,Bristol Myers Squibb,pharma,neutral,Amy Paulin,assembly
2025-08-14,1000.0,Elevance,health_insurer,neutral,J. Garry Pretlow,assembly
2020-04-24,1000.0,NY Chiropractic PAC,industry_association,neutral,Helene E. Weinstein,assembly
2022-03-21,1000.0,NY Assn. of Nurse Anesthetists,industry_association,neutral,Helene E. Weinstein,assembly
2021-12-07,1000.0,New York Chiropractic Pac,industry_association,neutral,Helene E. Weinstein,assembly
2022-10-21,1000.0,Healthcare Association of New York State (HANYS),industry_association,unknown,Helene E. Weinstein,assembly
2026-03-20,1000.0,Elevance,health_insurer,neutral,Amy Paulin,assembly
2025-04-22,1000.0,American Nurses Assn. (ANA-NY PAC),industry_association,neutral,Amy Paulin,assembly
2026-03-13,1000.0,United New York Ambulance Network (UNYAN),industry_association,neutral,Edward P Ra,assembly
2026-03-27,1000.0,Healthcare Association of New York State (HANYS),industry_association,unknown,Edward P Ra,assembly
2025-04-10,1000.0,Health Plan Assoc. PAC,industry_association,neutral,J. Garry Pretlow,assembly
2024-11-12,1000.0,Merck,pharma,neutral,Edward P Ra,assembly
2021-05-19,1000.0,District Council 37 (DC37),union,blocker,Jaime R. Williams,assembly
2026-05-05,1000.0,Upstate Health Advocacy Project (UHAP),industry_association,neutral,Edward P Ra,assembly
2022-08-25,1000.0,Merck,pharma,neutral,Erik Martin Dilan,assembly
2025-05-22,1000.0,Coalition of Asian-American Independent Practice Associations,industry_association,unknown,Jen Lunsford,assembly
2025-11-18,1000.0,Healthcare Association of New York State (HANYS),industry_association,unknown,Brian Cunningham,assembly
2025-12-29,1000.0,Molina Healthcare,health_insurer,neutral,Brian Cunningham,assembly
2021-10-04,1000.0,Healthcare Association of New York State (HANYS),industry_association,unknown,Erik Martin Dilan,assembly
2021-11-23,1000.0,Elevance,health_insurer,neutral,J. Garry Pretlow,assembly
2025-09-30,1000.0,Centene,health_insurer,neutral,J. Garry Pretlow,assembly
2023-06-09,1000.0,New York Chiropractic Pac,industry_association,neutral,Patricia A. Fahy,assembly
2022-10-26,1000.0,New York State Dental Association PAC (NYSDAPAC),industry_association,unknown,Edward C Braunstein,assembly
2024-11-02,1000.0,Coalition of Asian-American Independent Practice Associations,industry_association,unknown,Jeffrey Dinowitz,assembly
2023-08-25,1000.0,NYS Clinical Laboratory Association PAC,industry_association,neutral,Patricia A. Fahy,assembly
2023-03-22,1000.0,Nurse Practitioners Of NY State PAC,industry_association,neutral,Patricia A. Fahy,assembly
2023-04-11,1000.0,NY Assn. of Nurse Anesthetists,industry_association,neutral,Patricia A. Fahy,assembly
2022-06-25,1000.0,District Council 37 (DC37),union,blocker,Rebecca A. Seawright,assembly
2026-04-03,1000.0,Cigna,health_insurer,neutral,Amy Paulin,assembly
2020-10-01,1000.0,Leadingage New York Pac,industry_association,neutral,Rebecca A. Seawright,assembly
2020-07-08,1000.0,Healthcare Association of New York State (HANYS),industry_association,unknown,Rebecca A. Seawright,assembly
2021-07-14,1000.0,Elevance,health_insurer,neutral,Rebecca A. Seawright,assembly
2023-04-20,1000.0,New York State Dental Association PAC (NYSDAPAC),industry_association,unknown,Rebecca A. Seawright,assembly
2026-03-20,1000.0,NY Assn. of Nurse Anesthetists,industry_association,neutral,Anna Kelles,assembly
2026-03-31,1000.0,Healthcare Association of New York State (HANYS),industry_association,unknown,Nily D Rozic,assembly
2023-08-22,1000.0,Montefiore Health System,hospital_health_system_provider,neutral,J. Garry Pretlow,assembly
2023-03-22,1000.0,Richmond Center for Rehabilitation and N,post_acute_long_term_care,neutral,Amy Paulin,assembly
2023-04-11,1000.0,Healthcare Association of New York State (HANYS),industry_association,unknown,Patricia A. Fahy,assembly
2024-05-28,1000.0,Surgeon Pac,industry_association,neutral,Amy Paulin,assembly
2023-03-01,1000.0,Sun Medical Care PC,hospital_health_system_provider,neutral,Amy Paulin,assembly
2020-06-01,1000.0,Elevance,health_insurer,neutral,Catherine T. Nolan,assembly
2024-03-14,1000.0,Pharmacists Society of the State of New York,industry_association,unknown,Jeffrey Dinowitz,assembly
2026-03-13,1000.0,Capital District Physicians' Health Plan (CDPHP),health_insurer,neutral,Edward P Ra,assembly
2021-11-16,1000.0,NYS Podiatric Assn.,industry_association,neutral,J. Garry Pretlow,assembly
2020-02-11,1000.0,NYS Podiatric Assn.,industry_association,neutral,J. Garry Pretlow,assembly
2025-05-30,1000.0,New York State Society of Anesthesiologists,industry_association,unknown,J. Garry Pretlow,assembly
2026-02-27,1000.0,New York State Society of Anesthesiologists,industry_association,unknown,J. Garry Pretlow,assembly
2021-11-16,1000.0,Nurse Practitioners Of NY State PAC,industry_association,neutral,J. Garry Pretlow,assembly
2023-05-27,1000.0,Chain Pharmacy Association of New York State,industry_association,neutral,Amy Paulin,assembly
2024-10-18,1000.0,Healthcare Association of New York State (HANYS),industry_association,unknown,Deborah Glick,assembly
2024-06-17,1000.0,Empire State Assn. of Assisted Living (ESAAL),industry_association,unknown,Donna A Lupardo,assembly
2026-05-27,1000.0,Upstate Health Advocacy Project (UHAP),industry_association,neutral,Alicia A. Hyndman,assembly
2025-10-28,1000.0,Healthcare Association of New York State (HANYS),industry_association,unknown,Erik Martin Dilan,assembly
2020-09-16,1000.0,Elevance,health_insurer,neutral,Ellen C. Jaffee,assembly
2025-05-22,1000.0,Coalition of Asian-American Independent Practice Associations,industry_association,unknown,Edward C Braunstein,assembly
2026-05-14,1000.0,Elevance,health_insurer,neutral,Edward C Braunstein,assembly
2025-01-14,1000.0,Merck,pharma,neutral,Erik Martin Dilan,assembly
2023-06-26,1000.0,District Council 37 (DC37),union,blocker,Amanda Septimo,assembly
2020-10-26,1000.0,The Ny School For Medical & Dental Assts,hospital_health_system_provider,neutral,Alicia A. Hyndman,assembly
2026-05-27,1000.0,NYS Council of Health System,industry_association,neutral,Alicia A. Hyndman,assembly
2026-01-10,1000.0,New York State Dental Association PAC (NYSDAPAC),industry_association,neutral,Alicia A. Hyndman,assembly
2022-04-17,1000.0,District Council 37 (DC37),union,blocker,Nathalia Fernandez,assembly
2021-09-27,1000.0,District Council 37 (DC37),union,blocker,Nathalia Fernandez,assembly
2020-06-15,1000.0,Elevance,health_insurer,neutral,Felix W Ortiz,assembly
2025-03-31,1000.0,NY State Psychiatric PAC,industry_association,neutral,Alicia A. Hyndman,assembly
2025-02-27,1000.0,NY Radiological Society,industry_association,neutral,Alicia A. Hyndman,assembly
2026-04-27,1000.0,NY Assn. of Nurse Anesthetists,industry_association,neutral,Alicia A. Hyndman,assembly
2025-01-10,1000.0,Pharmacists Society of the State of New York,industry_association,unknown,Alicia A. Hyndman,assembly
2022-10-18,1000.0,Elevance,health_insurer,neutral,Edward C Braunstein,assembly
2022-06-16,1000.0,District Council 37 (DC37),union,blocker,Alfred Taylor,assembly
2021-11-03,1000.0,Healthcare Association of New York State (HANYS),industry_association,neutral,Alfred Taylor,assembly
2020-05-19,1000.0,New York State Assoc. of Healthcare Providers (NYSHCP),industry_association,neutral,Harry Bronson,assembly
2025-12-25,1000.0,Healthcare Association of New York State (HANYS),industry_association,unknown,Edward Gibbs,assembly
2026-06-25,1000.0,Healthcare Association of New York State (HANYS),industry_association,unknown,Edward Gibbs,assembly
2023-04-13,1000.0,Elevance,health_insurer,neutral,Edward P Ra,assembly
2024-01-09,1000.0,Merck,pharma,neutral,Edward P Ra,assembly
2024-05-09,1000.0,American Nurses Assn. (ANA-NY PAC),industry_association,neutral,Amy Paulin,assembly
2026-03-31,1000.0,MVP Health Care,health_insurer,neutral,Jen Lunsford,assembly
2023-02-02,1000.0,Eli Lilly,pharma,neutral,Edward C Braunstein,assembly
2024-05-02,1000.0,New York State Society of Anesthesiologists,industry_association,neutral,Edward C Braunstein,assembly
2024-03-28,1000.0,Healthcare Association of New York State (HANYS),industry_association,unknown,Edward P Ra,assembly
2024-10-29,1000.0,Merck,pharma,neutral,Edward C Braunstein,assembly
2024-11-04,1000.0,Merck,pharma,neutral,Alicia A. Hyndman,assembly
2021-12-31,1000.0,Montefiore Health System,hospital_health_system_provider,neutral,Nathalia Fernandez,assembly
2025-12-04,1000.0,Molina Healthcare,health_insurer,neutral,Jen Lunsford,assembly
2024-05-01,1000.0,Health Care Providers PAC,industry_association,neutral,Jen Lunsford,assembly
2026-02-24,1000.0,Molina Healthcare,health_insurer,neutral,Jen Lunsford,assembly
2024-06-03,1000.0,Centene,health_insurer,neutral,Jen Lunsford,assembly
2026-03-26,1000.0,Centene,health_insurer,neutral,Jen Lunsford,assembly
2026-04-01,1000.0,EmblemHealth,health_insurer,neutral,Jen Lunsford,assembly
2026-03-02,1000.0,NY Assn. of Nurse Anesthetists,industry_association,neutral,Jen Lunsford,assembly
2026-04-23,1000.0,United Healthcare / UnitedHealth Group (UHC/UHG),health_insurer,neutral,Jen Lunsford,assembly
2026-03-20,1000.0,Capital District Physicians' Health Plan (CDPHP),health_insurer,neutral,Amy Paulin,assembly
2022-03-26,1000.0,PEG GENERAL DENTAL,hospital_health_system_provider,neutral,George Alvarez,assembly
2020-10-26,1000.0,Merck,pharma,neutral,Alicia A. Hyndman,assembly
2026-03-26,1000.0,American Nurses Assn. (ANA-NY PAC),industry_association,neutral,Amy Paulin,assembly
2024-05-14,1000.0,MVP Health Care,health_insurer,neutral,Jen Lunsford,assembly
2024-04-08,1000.0,New York State Society of Anesthesiologists,industry_association,neutral,Alicia A. Hyndman,assembly
2025-11-17,1000.0,Eli Lilly,pharma,neutral,Alicia A. Hyndman,assembly
2022-05-20,1000.0,District Council 37 (DC37),union,blocker,Amanda Septimo,assembly
2026-01-10,1000.0,Chain Pharmacy Association of New York State,industry_association,neutral,Alicia A. Hyndman,assembly
2024-03-18,1000.0,Merck,pharma,neutral,Alicia A. Hyndman,assembly
2025-04-12,1000.0,Ny Physical Therapy Association,industry_association,neutral,Alicia A. Hyndman,assembly
2023-03-27,1000.0,NY Radiological Society,industry_association,neutral,Patricia A. Fahy,assembly
2026-04-27,1000.0,Nurse Practitioners Of NY State PAC,industry_association,neutral,Alicia A. Hyndman,assembly
2025-05-05,1000.0,Nurse Practitioners Of NY State PAC,industry_association,neutral,Alicia A. Hyndman,assembly
2026-04-27,1000.0,New York Chiropractic Pac,industry_association,neutral,Alicia A. Hyndman,assembly
2025-05-28,1000.0,New York Chiropractic Pac,industry_association,neutral,Alicia A. Hyndman,assembly
2024-01-12,1000.0,Merck,pharma,neutral,Alicia A. Hyndman,assembly
2024-11-14,850.0,Merck,pharma,neutral,Tony Simone,assembly
2025-09-26,850.0,"KPH Healthcare Services, Inc",hospital_health_system_provider,neutral,Mark C. Walczyk,state_senate
2024-07-18,833.0,Kimon Bekelis Physician PC,hospital_health_system_provider,neutral,Andrea Stewart-Cousins,state_senate
2022-08-29,800.0,Elevance,health_insurer,neutral,Patricia A. Fahy,assembly
2026-05-08,800.0,Elevance,health_insurer,neutral,George M. Borrello,state_senate
2020-02-26,800.0,New York State Dental Association PAC (NYSDAPAC),industry_association,unknown,Joseph A. Griffo,state_senate
2021-06-17,800.0,CENTRAL NY BIOMEDICAL RESEARCH FUND,other_healthcare_related,neutral,Joseph A. Griffo,state_senate
2026-03-25,800.0,Merck,pharma,neutral,Joseph P. Addabbo Jr.,state_senate
2020-01-10,800.0,CENTRAL NY BIOMEDICAL RESEARCH FUND,other_healthcare_related,neutral,Joseph A. Griffo,state_senate
2024-05-15,800.0,Empress Ambulance Service Inc,other_healthcare_related,neutral,Matthew Slater,assembly
2022-04-12,800.0,United New York Ambulance Network (UNYAN),industry_association,neutral,John T. Mcdonald III,assembly
2022-06-15,800.0,New York State Dental Association PAC (NYSDAPAC),industry_association,unknown,Gustavo Rivera,state_senate
2024-03-14,800.0,Nassau County Police Medic Association P,industry_association,neutral,Jack M. Martins,state_senate
2021-08-14,800.0,Committee for Medical Eye Care,industry_association,neutral,John T. Mcdonald III,assembly
2026-06-02,760.0,Elevance,health_insurer,neutral,Nathalia Fernandez,state_senate
2022-06-13,750.0,New York State Society of Anesthesiologists,industry_association,unknown,Peter Harckham,state_senate
2025-09-11,750.0,New York State Dental Association PAC (NYSDAPAC),industry_association,neutral,Cordell Cleare,state_senate
2020-03-16,750.0,Medical Society of the State of New York,industry_association,neutral,John J Flanagan,state_senate
2020-03-16,750.0,Healthcare Association of New York State (HANYS),industry_association,unknown,John J Flanagan,state_senate
2020-02-28,750.0,Greater New York Hospital Association (GNYHA),industry_association,neutral,John J Flanagan,state_senate
2026-02-18,750.0,New York State Dental Association PAC (NYSDAPAC),industry_association,neutral,Cordell Cleare,state_senate
2024-04-01,750.0,Nurse Practitioners Of NY State PAC,industry_association,neutral,Samra Brouk,state_senate
2025-03-11,750.0,New York State Dental Association PAC (NYSDAPAC),industry_association,neutral,Robert G Ortt,state_senate
2024-07-23,750.0,Greater New York Hospital Association (GNYHA),industry_association,neutral,Samra Brouk,state_senate
2025-08-12,750.0,United New York Ambulance Network (UNYAN),industry_association,neutral,Kenneth Blankenbush,assembly
2026-02-13,750.0,Union of American Physicians,hospital_health_system_provider,neutral,Crystal D Peoples,assembly
2022-02-28,750.0,Nurse Practitioners Of NY State PAC,industry_association,neutral,Deborah Glick,assembly
2026-01-17,750.0,New York State Dental Association PAC (NYSDAPAC),industry_association,neutral,Robert G Ortt,state_senate
2024-03-21,750.0,Healthcare Association of New York State (HANYS),industry_association,unknown,Jeffrey Dinowitz,assembly
2020-06-03,750.0,New York State Society of Anesthesiologists,industry_association,unknown,Catherine T. Nolan,assembly
2026-03-10,750.0,Upstate Health Advocacy Project (UHAP),industry_association,neutral,Gustavo Rivera,state_senate
2026-03-23,750.0,PhRMA,pharma,neutral,Gustavo Rivera,state_senate
2023-04-01,750.0,New York State Society of Anesthesiologists,industry_association,neutral,Rebecca A. Seawright,assembly
2025-05-15,750.0,"Independent Health Care Services, Inc",hospital_health_system_provider,neutral,Pamela Hunter,assembly
2023-03-30,750.0,Healthcare Association of New York State (HANYS),industry_association,unknown,Jeffrey Dinowitz,assembly
2026-04-27,750.0,Medical Society of the State of New York,industry_association,neutral,Jeffrey Dinowitz,assembly
2025-10-14,750.0,Union of AMerican Physicians & Dentist,hospital_health_system_provider,neutral,William C. Conrad Ill,assembly
2022-01-14,750.0,Molina Healthcare,health_insurer,neutral,Luis R. Sepulveda,state_senate
2025-02-22,750.0,NY Radiological Society,industry_association,neutral,Jeffrey Dinowitz,assembly
2022-07-05,750.0,Nurse Practitioners Of NY State PAC,industry_association,neutral,Jeremy Cooney,state_senate
2023-10-20,750.0,Abbott Laboratories,medical_device,unknown,Gustavo Rivera,state_senate
2025-03-17,750.0,New York State Assoc. of Healthcare Providers (NYSHCP),industry_association,neutral,Jeffrey Dinowitz,assembly
2024-10-01,750.0,New York State Society of Anesthesiologists,industry_association,unknown,Jen Lunsford,state_senate
2022-08-16,750.0,LI Physician Assoc,hospital_health_system_provider,neutral,Lee Michael Zeldin,governor
2025-06-09,750.0,Medical Society of the State of New York,industry_association,neutral,Jeffrey Dinowitz,assembly
2023-09-27,750.0,Abbott Laboratories,medical_device,unknown,Peter Harckham,state_senate
2023-11-13,750.0,PhRMA,pharma,neutral,Michael Gianaris,assembly
2024-05-03,750.0,"KPH Healthcare Services, Inc",hospital_health_system_provider,neutral,Gustavo Rivera,state_senate
2025-03-04,750.0,Healthcare Association of New York State (HANYS),industry_association,unknown,Jeffrey Dinowitz,assembly
2022-02-01,750.0,Molina Healthcare,health_insurer,neutral,Michael Gianaris,assembly
2025-03-14,750.0,Chain Pharmacy Association of New York State,industry_association,neutral,Gustavo Rivera,state_senate
2024-03-21,750.0,Greater New York Hospital Association (GNYHA),industry_association,neutral,Gustavo Rivera,state_senate
2023-04-08,750.0,Elevance,health_insurer,neutral,Jeffrey Dinowitz,assembly
2022-03-03,750.0,Capital District Physicians' Health Plan (CDPHP),health_insurer,neutral,Neil D Breslin,state_senate
2026-03-31,750.0,CVS Health / Aetna,health_insurer,neutral,Pamela Hunter,assembly
2026-05-15,750.0,Medical Society of the State of New York,industry_association,neutral,James Skoufis,state_senate
2020-05-31,750.0,New York State Society of Anesthesiologists,industry_association,unknown,Michael G Dendekker,assembly
2025-04-10,750.0,NYS Podiatric Assn.,industry_association,neutral,J. Garry Pretlow,assembly
2026-01-11,750.0,New York State Dental Association PAC (NYSDAPAC),industry_association,neutral,Jeremy Cooney,state_senate
2025-08-19,750.0,Health Plan Association (HPA) PAC,industry_association,neutral,Catalina Cruz,assembly
2025-03-05,750.0,New York State Dental Association PAC (NYSDAPAC),industry_association,neutral,Rachel May,state_senate
2020-05-29,750.0,New York State Society of Anesthesiologists,industry_association,unknown,Harry Bronson,assembly
2025-03-07,750.0,Healthcare Association of New York State (HANYS),industry_association,unknown,Joshua T. Jensen,assembly
2026-01-10,750.0,New York State Dental Association PAC (NYSDAPAC),industry_association,neutral,Patricia A. Fahy,state_senate
2025-06-24,750.0,New York State Dental Association PAC (NYSDAPAC),industry_association,neutral,Crystal D Peoples,assembly
2025-12-12,750.0,UNION OF AMERICAN PHYSICIANS & DENTISTS,hospital_health_system_provider,neutral,Patrick Burke,assembly
2020-07-10,750.0,Committee for Medical Eye Care,industry_association,neutral,Todd Kaminsky,state_senate
2023-11-13,750.0,PhRMA,pharma,neutral,Michael Gianaris,state_senate
2025-03-27,750.0,NY State Psychiatric PAC,industry_association,neutral,Harry Bronson,assembly
2025-03-10,750.0,New York State Dental Association PAC (NYSDAPAC),industry_association,neutral,Jeremy Cooney,state_senate
2025-03-04,750.0,District Council 37 (DC37),union,blocker,Jessica Scarcella-Spanton,state_senate
2024-08-31,750.0,District Council 37 (DC37),union,blocker,"James Sanders, Jr.",state_senate
2021-09-24,750.0,Ny Physical Therapy Association,industry_association,neutral,Neil D Breslin,state_senate
2024-10-01,750.0,New York State Society of Anesthesiologists,industry_association,unknown,Jen Lunsford,assembly
2025-11-25,750.0,District Council 37 (DC37),union,blocker,Chantel Jackson,assembly
2026-01-07,750.0,New York State Dental Association PAC (NYSDAPAC),industry_association,neutral,James Skoufis,state_senate
2024-11-04,750.0,Abbott Laboratories,medical_device,unknown,Amy Paulin,assembly
2021-01-08,750.0,Molina Healthcare,health_insurer,neutral,Crystal D Peoples,assembly
2020-12-08,750.0,Molina Healthcare,health_insurer,neutral,Crystal D Peoples,assembly
2022-01-17,750.0,Molina Healthcare,health_insurer,neutral,Crystal D Peoples,assembly
2020-03-18,750.0,Elevance,health_insurer,neutral,Nily D Rozic,assembly
2022-06-01,750.0,Elevance,health_insurer,neutral,Nily D Rozic,assembly
2022-08-30,750.0,Chain Pharmacy Association of New York State,industry_association,neutral,Amy Paulin,assembly
2025-03-28,750.0,Chain Pharmacy Association of New York State,industry_association,neutral,Amy Paulin,assembly
2024-03-21,750.0,Greater New York Hospital Association (GNYHA),industry_association,neutral,Amy Paulin,assembly
2025-05-21,750.0,CVS Health / Aetna,health_insurer,neutral,Amy Paulin,assembly
2026-04-13,750.0,CVS Health / Aetna,health_insurer,neutral,Amy Paulin,assembly
2024-08-21,750.0,Healthcare Association of New York State (HANYS),industry_association,unknown,Jessica Scarcella-Spanton,state_senate
2024-04-08,750.0,Medical Society of the State of New York,industry_association,neutral,Neil D Breslin,state_senate
2021-09-22,750.0,Medical Society of the State of New York,industry_association,neutral,Neil D Breslin,state_senate
2026-02-05,750.0,United New York Ambulance Network (UNYAN),industry_association,neutral,Joshua T. Jensen,assembly
2025-03-24,750.0,Surgeon Pac,industry_association,neutral,Gustavo Rivera,state_senate
2021-06-18,750.0,Medical Society of the State of New York,industry_association,neutral,Diane J Savino,state_senate
2020-05-29,750.0,New York State Society of Anesthesiologists,industry_association,unknown,Michael Gianaris,assembly
2023-04-28,750.0,New York State Dental Association PAC (NYSDAPAC),industry_association,unknown,Toby Ann Stavisky,state_senate
2022-11-09,750.0,Merck,pharma,neutral,Edward C Braunstein,assembly
2024-11-15,750.0,Abbott Laboratories,medical_device,unknown,Robert G Ortt,state_senate
2025-12-18,750.0,Abbott Laboratories,medical_device,unknown,Robert G Ortt,state_senate
2020-05-28,750.0,Healthcare Association of New York State (HANYS),industry_association,neutral,Diane J Savino,state_senate
2023-05-19,750.0,NY Radiological Society,industry_association,neutral,Andrea Stewart-Cousins,state_senate
2023-07-18,750.0,Healthcare Association of New York State (HANYS),industry_association,unknown,William A. Barclay,assembly
2022-03-09,750.0,Healthcare Association of New York State (HANYS),industry_association,unknown,William A. Barclay,assembly
2020-03-04,750.0,Health Care Providers PAC,industry_association,neutral,William A. Barclay,assembly
2026-02-18,750.0,Healthcare Association of New York State (HANYS),industry_association,unknown,Andrew J Lanza,state_senate
2023-07-11,750.0,Medical Society of the State of New York,industry_association,neutral,William A. Barclay,assembly
2024-03-22,750.0,Medical Society of the State of New York,industry_association,neutral,William A. Barclay,assembly
2022-06-15,750.0,Medical Society of the State of New York,industry_association,neutral,William A. Barclay,assembly
2022-02-01,750.0,Molina Healthcare,health_insurer,neutral,Michael Gianaris,state_senate
2023-05-22,750.0,Medical Society of the State of New York,industry_association,neutral,Jessica Scarcella-Spanton,state_senate
2022-11-21,750.0,Merck,pharma,neutral,Edward P Ra,assembly
2025-03-24,750.0,New York State Society of Plastic Surgeo,industry_association,neutral,Gustavo Rivera,state_senate
2022-07-08,750.0,Medical Society of the State of New York,industry_association,neutral,Toby Ann Stavisky,state_senate
2026-04-27,750.0,Empire State Assn. of Assisted Living (ESAAL),industry_association,unknown,Didi Barrett,assembly
2025-10-30,750.0,UNION OF AMERICAN PHYSICIANS & DENTISTS,hospital_health_system_provider,neutral,Karen M. Mcmahon,assembly
2025-05-27,750.0,New York State Dental Association PAC (NYSDAPAC),industry_association,neutral,Andrew Gounardes,state_senate
2025-04-29,750.0,AbbVie,pharma,neutral,Andrea Stewart-Cousins,state_senate
2025-03-20,750.0,New York State Dental Association PAC (NYSDAPAC),industry_association,neutral,Alex William Bores,assembly
2020-03-13,750.0,Pharmacists Society of the State of New York,industry_association,unknown,Diane J Savino,state_senate
2021-10-01,750.0,Pharmacists Society of the State of New York,industry_association,unknown,Diane J Savino,state_senate
2026-01-23,750.0,New York State Dental Association PAC (NYSDAPAC),industry_association,neutral,William A. Barclay,assembly
2020-05-29,750.0,New York State Society of Anesthesiologists,industry_association,unknown,Michael Gianaris,state_senate
2021-06-22,750.0,New York State Society of Anesthesiologists,industry_association,unknown,Steven Cymbrowitz,assembly
2026-01-13,750.0,New York State Dental Association PAC (NYSDAPAC),industry_association,neutral,Andrew Gounardes,state_senate
2023-05-12,750.0,Hearing Healthcare Alliance of New York,industry_association,neutral,Toby Ann Stavisky,state_senate
2023-12-13,750.0,Montefiore Health System,hospital_health_system_provider,neutral,Andrea Stewart-Cousins,state_senate
2025-06-05,750.0,Elevance,health_insurer,neutral,Andrew D Hevesi,assembly
2023-05-04,750.0,New York Emergency Medicine,industry_association,neutral,Toby Ann Stavisky,state_senate
2022-05-28,750.0,Ny Physical Therapy Association,industry_association,neutral,Toby Ann Stavisky,state_senate
2023-12-11,750.0,Boston Pediatrics PLLC,hospital_health_system_provider,neutral,George Alvarez,assembly
2020-03-04,750.0,United New York Ambulance Network (UNYAN),industry_association,neutral,William A. Barclay,assembly
2022-08-11,750.0,Ny Physical Therapy Association,industry_association,neutral,Andrea Stewart-Cousins,state_senate
2023-03-02,750.0,Molina Healthcare,health_insurer,neutral,Jessica Scarcella-Spanton,state_senate
2023-05-12,750.0,NY Radiological Society,industry_association,neutral,Toby Ann Stavisky,state_senate
2025-03-11,750.0,New York State Society of Anesthesiologists,industry_association,neutral,William A. Barclay,assembly
2026-04-22,750.0,Nurse Practitioners Of NY State PAC,industry_association,neutral,Amy Paulin,assembly
2025-03-11,750.0,New York State Dental Association PAC (NYSDAPAC),industry_association,neutral,William A. Barclay,assembly
2020-06-23,750.0,New York State Society of Anesthesiologists,industry_association,unknown,Michael R Benedetto,assembly
2022-04-27,750.0,Medical Society of the State of New York,industry_association,neutral,Jeffrey Dinowitz,assembly
2020-06-03,750.0,New York State Society of Anesthesiologists,industry_association,unknown,Jeffrey Dinowitz,assembly
2022-02-26,750.0,Pharmacists Society of the State of New York,industry_association,unknown,Jeffrey Dinowitz,assembly
2022-01-15,750.0,Molina Healthcare,health_insurer,neutral,Jeffrey Dinowitz,assembly
2026-03-23,750.0,PhRMA,pharma,neutral,Jamaal T. Bailey,state_senate
2025-04-08,750.0,NYS Podiatric Assn.,industry_association,neutral,Amy Paulin,assembly
2022-06-17,750.0,Elevance,health_insurer,neutral,Monica Piga Wallace,assembly
2024-05-02,750.0,Health Care Providers PAC,industry_association,neutral,Amy Paulin,assembly
2023-06-12,750.0,Medical Society of the State of New York,industry_association,neutral,Jeffrey Dinowitz,assembly
2021-12-21,750.0,Vertex Pharmaceuticals,pharma,neutral,Gustavo Rivera,state_senate
2023-03-23,750.0,Upstate Health Advocacy Project (UHAP),industry_association,neutral,Gustavo Rivera,state_senate
2023-10-23,750.0,Pharmacists Society of the State of New York,industry_association,unknown,Carl Heastie,assembly
2023-03-23,750.0,NY Radiological Society,industry_association,neutral,Jeffrey Dinowitz,assembly
2020-05-29,750.0,New York State Society of Anesthesiologists,industry_association,unknown,Sean Ryan,state_senate
2022-09-15,750.0,New York State Dental Association PAC (NYSDAPAC),industry_association,neutral,Monica Piga Wallace,assembly
2022-03-16,750.0,Healthcare Association of New York State (HANYS),industry_association,unknown,Jeffrey Dinowitz,assembly
2022-10-15,750.0,Ny Physical Therapy Association,industry_association,unknown,Carl Heastie,assembly
2025-03-11,750.0,Upstate Health Advocacy Project (UHAP),industry_association,neutral,William A. Barclay,assembly
2020-03-04,750.0,New York State Society of Anesthesiologists,industry_association,neutral,William A. Barclay,assembly
2023-03-07,750.0,New York State Society of Anesthesiologists,industry_association,neutral,William A. Barclay,assembly
2020-09-28,750.0,Merck,pharma,neutral,Douglas M. Smith,assembly
2025-12-16,750.0,Abbott Laboratories,medical_device,unknown,William A. Barclay,assembly
2023-10-13,750.0,Abbott Laboratories,medical_device,unknown,William A. Barclay,assembly
2026-02-27,750.0,Healthcare Association of New York State (HANYS),industry_association,unknown,Steven D. Rhoads,state_senate
2022-09-07,750.0,Pharmacists Society of the State of New York,industry_association,unknown,Toby Ann Stavisky,state_senate
2024-11-08,750.0,Abbott Laboratories,medical_device,unknown,William A. Barclay,assembly
2021-02-26,750.0,Upstate Health Advocacy Project (UHAP),industry_association,neutral,William A. Barclay,assembly
2021-05-13,750.0,Healthcare Association of New York State (HANYS),industry_association,unknown,William A. Barclay,assembly
2023-04-05,750.0,Healthcare Association of New York State (HANYS),industry_association,unknown,William A. Barclay,assembly
2023-03-15,750.0,Healthcare Association of New York State (HANYS),industry_association,unknown,Jessica Scarcella-Spanton,state_senate
2024-10-31,750.0,Medical Society of the State of New York,industry_association,neutral,Iwen Chu,state_senate
2025-10-24,750.0,Union of AMerican Physicians & Dentist,hospital_health_system_provider,neutral,Jonathan D. Rivera,assembly
2026-02-19,750.0,New York State Dental Association PAC (NYSDAPAC),industry_association,neutral,Edward P Ra,assembly
2021-12-02,700.0,Eli Lilly,pharma,neutral,Mark Charles Walczyk,state_senate
2022-02-03,700.0,Empire State Assn. of Assisted Living (ESAAL),industry_association,neutral,Elijah Reichlin-Melnick,state_senate
2020-04-09,700.0,Elevance,health_insurer,neutral,Patricia A. Fahy,assembly
2023-12-15,700.0,Merck,pharma,neutral,Philip A. Palmesano,assembly
2020-07-06,700.0,Pfizer,pharma,unknown,Andrea Stewart-Cousins,state_senate
2023-05-12,700.0,Pharmacists Society of the State of New York,industry_association,unknown,Amy Paulin,assembly
2021-07-08,700.0,Optimized Diagnostic Imaging,imaging_diagnostics,unknown,Rodneyse Bichotte,assembly
2024-08-26,700.0,Empire State Assn. of Assisted Living (ESAAL),industry_association,unknown,Peter Harckham,state_senate
2020-01-30,700.0,Pharmacists Society of the State of New York,industry_association,unknown,Michael R Benedetto,assembly
2022-02-03,700.0,Elevance,health_insurer,neutral,Elijah Reichlin-Melnick,state_senate
2023-05-19,700.0,United New York Ambulance Network (UNYAN),industry_association,neutral,Mark C. Walczyk,state_senate
2020-10-27,700.0,Healthcare Association of New York State (HANYS),industry_association,unknown,Crystal D Peoples,assembly
2021-12-02,700.0,Eli Lilly,pharma,neutral,Mark Charles Walczyk,assembly
2026-01-12,650.0,NYS Dentist Assoc. PAC,industry_association,neutral,Joshua T. Jensen,assembly
2020-10-01,650.0,PAC Of New York State,industry_association,neutral,Kenneth Blankenbush,assembly
2025-08-28,620.0,ACCESS TO HOME CARE SERVICES IN,post_acute_long_term_care,neutral,John Lemondes,assembly
2026-03-27,600.0,Leadingage New York Pac,industry_association,neutral,Erik Martin Dilan,assembly
2025-09-04,600.0,Healthcare Association of New York State (HANYS),industry_association,unknown,Mark C. Walczyk,state_senate
2026-03-19,600.0,Leadingage New York Pac,industry_association,neutral,Jaime R. Williams,assembly
2024-03-18,600.0,Committee for Medical Eye Care,industry_association,neutral,James N. Tedisco,state_senate
2026-03-24,600.0,Leadingage New York Pac,industry_association,neutral,Ron Kim,assembly
2020-02-11,600.0,New York State Dental Association PAC (NYSDAPAC),industry_association,neutral,Andrew J Lanza,state_senate
2026-03-31,600.0,Healthcare Association of New York State (HANYS),industry_association,unknown,"Albert A Stirpe, Jr.",state_senate
2022-03-23,600.0,New York State Dental Association PAC (NYSDAPAC),industry_association,unknown,Andrew J Lanza,state_senate
2024-05-06,600.0,Pharmacists Society of the State of New York,industry_association,unknown,Amy Paulin,assembly
2026-04-24,600.0,New York State Society of Anesthesiologists,industry_association,unknown,"Albert A Stirpe, Jr.",assembly
2025-02-11,600.0,Committee for Medical Eye Care,industry_association,neutral,James N. Tedisco,state_senate
2023-07-25,600.0,United New York Ambulance Network (UNYAN),industry_association,neutral,Kenneth Blankenbush,assembly
2020-05-28,600.0,NY Radiological Society,industry_association,neutral,Toby Ann Stavisky,state_senate
2021-11-30,600.0,NY Radiological Society,industry_association,neutral,Toby Ann Stavisky,state_senate
2026-02-17,600.0,United New York Ambulance Network (UNYAN),industry_association,neutral,Mark C. Walczyk,state_senate
2026-06-15,600.0,United New York Ambulance Network (UNYAN),industry_association,neutral,Thomas F O'Mara,state_senate
2026-03-30,600.0,Leadingage New York Pac,industry_association,neutral,Jordan J G Wright,assembly
2020-02-22,600.0,NY Radiological Society,industry_association,neutral,Kevin Cahill,assembly
2026-04-24,600.0,New York State Society of Anesthesiologists,industry_association,unknown,"Albert A Stirpe, Jr.",state_senate
2026-03-16,600.0,Leadingage New York Pac,industry_association,neutral,Nily D Rozic,assembly
2026-03-11,600.0,Merck,pharma,neutral,Thomas F O'Mara,state_senate
2026-06-17,600.0,United New York Ambulance Network (UNYAN),industry_association,neutral,Andrew J Lanza,state_senate
2021-05-17,600.0,Empire State Assn. of Assisted Living (ESAAL),industry_association,neutral,Peter Harckham,state_senate
2026-03-31,600.0,Healthcare Association of New York State (HANYS),industry_association,unknown,"Albert A Stirpe, Jr.",assembly
2024-02-15,569.93,New York State Dental Association PAC (NYSDAPAC),industry_association,unknown,Monica R. Martinez,state_senate
2026-06-18,560.0,ACCESS TO HOME CARE SERVICES IN,post_acute_long_term_care,neutral,John Lemondes,assembly
2021-10-21,550.0,Independent Health Association,health_insurer,neutral,Crystal D Peoples,assembly
2024-03-27,550.0,New York State Dental Association PAC (NYSDAPAC),industry_association,neutral,"Peter J Abbate, Jr.",assembly
2023-12-12,550.0,Health Plan Association (HPA) PAC,industry_association,neutral,Crystal D Peoples,assembly
2022-07-18,550.0,Medical Society of the State of New York,industry_association,neutral,Patrick M Gallivan,state_senate
2024-12-21,550.0,Independent Health Association,health_insurer,neutral,Crystal D Peoples,assembly
2021-12-08,525.0,Merck,pharma,neutral,Michael Gianaris,state_senate
2021-12-08,525.0,Merck,pharma,neutral,Michael Gianaris,assembly
2024-10-16,501.0,"Spinal Pain & Rehab Medical, P.C.",hospital_health_system_provider,neutral,Nader J. Sayegh,assembly
2022-04-13,500.0,J&T Market INC,pharma,neutral,Iwen Chu,state_senate
2020-02-13,500.0,New York State Society of Anesthesiologists,industry_association,unknown,"Leroy G Comrie, Jr.",state_senate
2025-07-10,500.0,New York State Society of Anesthesiologists,industry_association,unknown,"Leroy G Comrie, Jr.",state_senate
2021-08-03,500.0,New York State Society of Anesthesiologists,industry_association,unknown,"Leroy G Comrie, Jr.",state_senate
2023-05-06,500.0,Pharmacy PAC of New York State,industry_association,neutral,John W. Mannion,state_senate
2022-06-28,500.0,IVY Medical Services PC,hospital_health_system_provider,neutral,Iwen Chu,state_senate
2022-04-13,500.0,J&M Smart Food Trading Inc.,pharma,neutral,Iwen Chu,state_senate
2024-03-11,500.0,Pharmacists Society of the State of New York,industry_association,unknown,"Leroy G Comrie, Jr.",state_senate
2023-02-21,500.0,Healthcare Association of New York State (HANYS),industry_association,unknown,Iwen Chu,state_senate
2022-08-04,500.0,Healthland and Medical Care PLLC,hospital_health_system_provider,neutral,Iwen Chu,state_senate
2024-03-25,500.0,Pfizer,pharma,unknown,James Skoufis,state_senate
2020-09-17,500.0,Pfizer,pharma,unknown,"Leroy G Comrie, Jr.",state_senate
2022-06-28,500.0,Agi Medical PLLC,hospital_health_system_provider,neutral,Iwen Chu,state_senate
2024-01-12,500.0,Coalition of Asian-American Independent Practice Associations,industry_association,unknown,Catalina Cruz,assembly
2023-03-09,500.0,Medical Society of the State of New York,industry_association,neutral,Shelley Mayer,state_senate
2023-04-28,500.0,Healthcare Association of New York State (HANYS),industry_association,unknown,Iwen Chu,state_senate
2021-04-30,500.0,New York State Society of Anesthesiologists,industry_association,unknown,"Leroy G Comrie, Jr.",state_senate
2023-06-12,500.0,Healthcare Association of New York State (HANYS),industry_association,unknown,Iwen Chu,state_senate
2024-08-20,500.0,Pfizer,pharma,unknown,"Leroy G Comrie, Jr.",state_senate
2023-06-23,500.0,Pfizer,pharma,unknown,"Leroy G Comrie, Jr.",state_senate
2025-06-13,500.0,Healthcare Association of New York State (HANYS),industry_association,unknown,Monica R. Martinez,state_senate
2025-04-01,500.0,Healthcare Association of New York State (HANYS),industry_association,unknown,Monica R. Martinez,state_senate
2024-01-30,500.0,Healthcare Association of New York State (HANYS),industry_association,unknown,Jessica Scarcella-Spanton,state_senate
2024-02-15,500.0,Healthcare Association of New York State (HANYS),industry_association,unknown,Jessica Scarcella-Spanton,state_senate
2024-06-27,500.0,District Council 37 (DC37),union,blocker,Jessica Scarcella-Spanton,state_senate
2024-01-13,500.0,District Council 37 (DC37),union,blocker,Jessica Scarcella-Spanton,state_senate
2026-06-15,500.0,Healthcare Association of New York State (HANYS),industry_association,unknown,Monica R. Martinez,state_senate
2024-06-27,500.0,Medical Society of the State of New York,industry_association,neutral,Steven D. Rhoads,state_senate
2025-02-12,500.0,Medical Society of the State of New York,industry_association,neutral,Jessica Scarcella-Spanton,state_senate
2025-02-28,500.0,Montefiore Health System,hospital_health_system_provider,neutral,Chris Burdick,assembly
2025-07-14,500.0,Medical Society of the State of New York,industry_association,neutral,Jessica Scarcella-Spanton,state_senate
2023-02-13,500.0,Pharmacists Society of the State of New York,industry_association,unknown,James Skoufis,state_senate
2025-07-10,500.0,Pharmacists Society of the State of New York,industry_association,unknown,"Leroy G Comrie, Jr.",state_senate
2023-03-07,500.0,Medical Society of the State of New York,industry_association,neutral,Iwen Chu,state_senate
2022-04-14,500.0,Pfizer,pharma,unknown,"Leroy G Comrie, Jr.",state_senate
2022-05-16,500.0,Pharmacists Society of the State of New York,industry_association,unknown,Shelley Mayer,state_senate
2024-08-15,500.0,Molina Healthcare,health_insurer,neutral,Jessica Scarcella-Spanton,state_senate
2023-06-12,500.0,Medical Society of the State of New York,industry_association,neutral,Iwen Chu,state_senate
2020-08-10,500.0,Pfizer,pharma,unknown,Shelley Mayer,state_senate
2021-12-13,500.0,Merck,pharma,neutral,Erik Martin Dilan,assembly
2023-04-11,500.0,Pfizer,pharma,unknown,Shelley Mayer,state_senate
2021-04-20,500.0,Pfizer,pharma,unknown,Shelley Mayer,state_senate
2025-04-30,500.0,Pfizer,pharma,unknown,Brad M Hoylman-Sigal,state_senate
2026-02-23,500.0,Elevance,health_insurer,neutral,Emerita Torres,assembly
2020-09-28,500.0,Merck,pharma,neutral,Robert Jackson,state_senate
2020-02-27,500.0,New York State Dental Association PAC (NYSDAPAC),industry_association,unknown,Shelley Mayer,state_senate
2023-02-06,500.0,New York State Dental Association PAC (NYSDAPAC),industry_association,unknown,Shelley Mayer,state_senate
2025-02-10,500.0,Kingsway Arms Nursing Center,post_acute_long_term_care,neutral,James N. Tedisco,state_senate
2026-02-23,500.0,Committee for Medical Eye Care,industry_association,neutral,James N. Tedisco,state_senate
2024-03-24,500.0,Pfizer,pharma,unknown,James N. Tedisco,state_senate
2026-03-05,500.0,Elevance,health_insurer,neutral,Jonathan D. Rivera,state_senate
2021-09-30,500.0,Pfizer,pharma,neutral,Erik Martin Dilan,assembly
2020-04-29,500.0,Pfizer,pharma,unknown,Erik Martin Dilan,assembly
2022-03-30,500.0,Pfizer,pharma,unknown,Erik Martin Dilan,assembly
2022-09-09,500.0,New York State Society of Anesthesiologists,industry_association,neutral,"Leroy G Comrie, Jr.",state_senate
2021-06-13,500.0,Pharmacists Society of the State of New York,industry_association,unknown,John W. Mannion,state_senate
2022-03-07,500.0,Marra'S Pharmacy Inc.,pharmacy,neutral,Erik Martin Dilan,assembly
2023-06-01,500.0,Pharmacists Society of the State of New York,industry_association,unknown,Iwen Chu,state_senate
2023-02-21,500.0,Pharmacists Society of the State of New York,industry_association,unknown,Iwen Chu,state_senate
2024-04-09,500.0,Elevance,health_insurer,neutral,Catalina Cruz,assembly
2023-04-05,500.0,Pfizer,pharma,unknown,Iwen Chu,state_senate
2022-02-10,500.0,Eli Lilly,pharma,neutral,Erik Martin Dilan,assembly
2022-03-10,500.0,Healthcare Association of New York State (HANYS),industry_association,unknown,Erik Martin Dilan,assembly
2021-03-03,500.0,New York State Society of Anesthesiologists,industry_association,unknown,Shelley Mayer,state_senate
2023-03-30,500.0,Pfizer,pharma,neutral,James N. Tedisco,state_senate
2021-08-19,500.0,Pfizer,pharma,unknown,"Leroy G Comrie, Jr.",state_senate
2022-10-18,500.0,Brooklyn Village Adult Day Care Center I,adult_day_care,neutral,Iwen Chu,state_senate
2023-03-30,500.0,Pfizer,pharma,unknown,James Skoufis,state_senate
2025-11-18,500.0,Healthcare Association of New York State (HANYS),industry_association,unknown,Jessica Scarcella-Spanton,state_senate
2020-10-16,500.0,Chain Pharmacy Association of New York State,industry_association,neutral,"Albert A Stirpe, Jr.",assembly
2024-03-28,500.0,Elevance,health_insurer,neutral,Steven D. Rhoads,state_senate
2023-03-24,500.0,Healthcare Association of New York State (HANYS),industry_association,unknown,Daniel G. Stec,state_senate
2023-02-02,500.0,Eli Lilly,pharma,neutral,Charles D Fall,assembly
2026-06-17,500.0,Elevance,health_insurer,neutral,Jessica Scarcella-Spanton,state_senate
2020-09-21,500.0,"Independent Health Care Services, Inc",hospital_health_system_provider,neutral,Daniel G. Stec,state_senate
2024-01-18,500.0,New York State Society of Anesthesiologists,industry_association,unknown,Jessica Scarcella-Spanton,state_senate
2024-02-07,500.0,NY State Psychiatric PAC,industry_association,neutral,Jessica Scarcella-Spanton,state_senate
2024-02-22,500.0,Pfizer,pharma,unknown,Jessica Scarcella-Spanton,state_senate
2025-02-21,500.0,Healthcare Association of New York State (HANYS),industry_association,unknown,Jessica Scarcella-Spanton,state_senate
2023-04-06,500.0,Elevance,health_insurer,neutral,Daniel G. Stec,state_senate
2025-06-03,500.0,Healthcare Association of New York State (HANYS),industry_association,unknown,Charles D Fall,assembly
2024-02-06,500.0,Pharmacists Society of the State of New York,industry_association,unknown,Monica R. Martinez,state_senate
2024-01-17,500.0,Pharmacists Society of the State of New York,industry_association,unknown,Monica R. Martinez,state_senate
2024-09-03,500.0,Pfizer,pharma,unknown,Monica R. Martinez,state_senate
2025-05-29,500.0,Healthcare Association of New York State (HANYS),industry_association,unknown,Jessica Scarcella-Spanton,state_senate
2024-02-06,500.0,Pharmacists Society of the State of New York,industry_association,unknown,Jessica Scarcella-Spanton,state_senate
2023-10-12,500.0,Healthcare Association of New York State (HANYS),industry_association,unknown,Philip A. Palmesano,assembly
2025-04-30,500.0,Pfizer,pharma,unknown,James Skoufis,state_senate
2020-10-28,500.0,Prospect Medical Group,hospital_health_system_provider,neutral,Philip Ramos,assembly
2020-03-02,500.0,Chain Pharmacy Association of New York State,industry_association,neutral,"Walter T. Mosley, Iii",assembly
2026-04-27,500.0,New York State Society of Anesthesiologists,industry_association,unknown,James Skoufis,state_senate
2022-10-18,500.0,Upstate Health Advocacy Project (UHAP),industry_association,neutral,John W. Mannion,state_senate
2025-02-26,500.0,New York State Society of Anesthesiologists,industry_association,unknown,James Skoufis,state_senate
2024-04-25,500.0,Johnson & Johnson,pharma,neutral,Patricia A. Fahy,state_senate
2022-04-21,500.0,Pfizer,pharma,unknown,Jeffrion L Aubry,assembly
2020-06-17,500.0,Pfizer,pharma,unknown,Jeffrion L Aubry,assembly
2021-07-28,500.0,Pfizer,pharma,unknown,Jeffrion L Aubry,assembly
2026-03-29,500.0,Healthcare Association of New York State (HANYS),industry_association,unknown,Robert Jackson,state_senate
2025-02-14,500.0,Pharmacists Society of the State of New York,industry_association,neutral,Jessica Scarcella-Spanton,state_senate
2024-06-12,500.0,Healthcare Association of New York State (HANYS),industry_association,unknown,Jack M. Martins,state_senate
2025-02-28,500.0,Healthcare Association of New York State (HANYS),industry_association,unknown,James Skoufis,state_senate
2024-10-10,500.0,Leadingage New York Pac,industry_association,neutral,Carrie Woerner,assembly
2026-02-18,500.0,Healthcare Association of New York State (HANYS),industry_association,unknown,Jessica Scarcella-Spanton,state_senate
2020-06-26,500.0,Interscience Diagnostic Laboratories Inc.,imaging_diagnostics,neutral,Charles D Fall,assembly
2024-03-04,500.0,Medical Society of the State of New York,industry_association,neutral,James Skoufis,state_senate
2020-05-24,500.0,Hearing Healthcare Alliance of New York,industry_association,neutral,Joseph R Lentol,assembly
2020-09-17,500.0,Merck,pharma,neutral,"Albert A Stirpe, Jr.",assembly
2024-11-29,500.0,New York State Society of CPAs,industry_association,neutral,James Skoufis,state_senate
2021-07-28,500.0,Pfizer,pharma,unknown,"Albert A Stirpe, Jr.",assembly
2024-05-15,500.0,New York State Society of Anesthesiologists,industry_association,unknown,Jessica Scarcella-Spanton,state_senate
2020-06-01,500.0,New York State Assoc. of Healthcare Providers (NYSHCP),industry_association,neutral,Joseph R Lentol,assembly
2020-06-01,500.0,NY Radiological Society,industry_association,neutral,Joseph R Lentol,assembly
2023-03-25,500.0,NY State Psychiatric PAC,industry_association,neutral,Jessica Scarcella-Spanton,state_senate
2024-06-03,500.0,Health Plan Association (HPA) PAC,industry_association,neutral,Monica R. Martinez,state_senate
2025-11-20,500.0,"Just Kids Diagnostic & Treatment Center,",imaging_diagnostics,neutral,Monica R. Martinez,state_senate
2022-09-20,500.0,Pfizer,pharma,unknown,Jessica Scarcella-Spanton,state_senate
2023-03-30,500.0,Pfizer,pharma,unknown,Jessica Scarcella-Spanton,state_senate
2022-03-29,500.0,Pharmacists Society of the State of New York,industry_association,unknown,Jessica Scarcella-Spanton,state_senate
2025-06-30,500.0,Johnson & Johnson,pharma,neutral,Monica R. Martinez,state_senate
2023-02-28,500.0,Medical Society of the State of New York,industry_association,neutral,James Skoufis,state_senate
2022-01-11,500.0,Molina Healthcare,health_insurer,neutral,"Albert A Stirpe, Jr.",assembly
2022-06-10,500.0,New York State Society of Anesthesiologists,industry_association,neutral,"Albert A Stirpe, Jr.",assembly
2021-05-10,500.0,NYS Optometric Association PAC,industry_association,neutral,"Albert A Stirpe, Jr.",assembly
2024-06-28,500.0,NY Chiropractic PAC,industry_association,neutral,Jessica Scarcella-Spanton,state_senate
2020-03-09,500.0,Healthcare Association of New York State (HANYS),industry_association,unknown,Shelley Mayer,state_senate
2025-03-17,500.0,Healthcare Association of New York State (HANYS),industry_association,unknown,Charles D Fall,assembly
2026-02-19,500.0,Healthcare Association of New York State (HANYS),industry_association,unknown,Charles D Fall,assembly
2022-06-07,500.0,Medical Society of the State of New York,industry_association,neutral,Daniel G. Stec,state_senate
2026-02-10,500.0,Empire State Assn. of Assisted Living (ESAAL),industry_association,unknown,Jessica Scarcella-Spanton,state_senate
2026-05-27,500.0,Healthcare Association of New York State (HANYS),industry_association,unknown,Charles D Fall,assembly
2026-06-17,500.0,Empire State Assn. of Assisted Living (ESAAL),industry_association,unknown,Jessica Scarcella-Spanton,state_senate
2024-03-04,500.0,Healthcare Association of New York State (HANYS),industry_association,unknown,Charles D Fall,assembly
2026-05-28,500.0,Healthcare Association of New York State (HANYS),industry_association,unknown,Jessica Scarcella-Spanton,state_senate
2024-10-21,500.0,Johnson & Johnson,pharma,neutral,Monica R. Martinez,state_senate
2023-07-03,500.0,Medical Society of the State of New York,industry_association,neutral,Daniel G. Stec,state_senate
2023-02-02,500.0,New York State Society of Anesthesiologists,industry_association,neutral,Charles D Fall,assembly
2025-03-17,500.0,New York State Society of Anesthesiologists,industry_association,unknown,Charles D Fall,assembly
2021-03-01,500.0,Grassy Sprain Pharmacy,pharmacy,unknown,Shelley Mayer,state_senate
2026-06-02,500.0,Medical Society of the State of New York,industry_association,neutral,Brian Cunningham,assembly
2021-03-09,500.0,Healthcare Association of New York State (HANYS),industry_association,unknown,Shelley Mayer,state_senate
2023-07-01,500.0,Coalition of Asian-American Independent Practice Associations,industry_association,unknown,Julia Salazar,state_senate
2026-03-06,500.0,Healthcare Association of New York State (HANYS),industry_association,unknown,Patricia A. Fahy,state_senate
2022-12-02,500.0,Baxter Healthcare Corporation,medical_device,neutral,J. Garry Pretlow,assembly
2025-03-20,500.0,NY Radiological Society,industry_association,neutral,Sean Ryan,state_senate
2024-12-02,500.0,American Assoc. of Orthopedic Surgeons,industry_association,neutral,Sean Ryan,state_senate
2026-04-27,500.0,New York State Society of Anesthesiologists,industry_association,unknown,Anna Kelles,assembly
2022-05-17,500.0,Elevance,health_insurer,neutral,Edward C Braunstein,assembly
2024-03-28,500.0,New York State Society of Anesthesiologists,industry_association,neutral,Edward P Ra,assembly
2023-03-27,500.0,Healthcare Association of New York State (HANYS),industry_association,unknown,Edward P Ra,assembly
2024-06-14,500.0,Healthcare Association of New York State (HANYS),industry_association,unknown,Lea Webb,state_senate
2021-12-14,500.0,Merck,pharma,neutral,Edward P Ra,assembly
2020-10-19,500.0,NYS Occupational Therapy Assn. PAC,industry_association,neutral,Toby Ann Stavisky,state_senate
2022-03-18,500.0,District Council 37 (DC37),union,blocker,Julia Salazar,state_senate
2020-06-23,500.0,Merck,pharma,neutral,Edward P Ra,assembly
2023-06-13,500.0,Medical Society of the State of New York,industry_association,neutral,Edward P Ra,assembly
2026-05-06,500.0,Greater New York Hospital Association (GNYHA),industry_association,neutral,Anna Kelles,assembly
2022-02-28,500.0,Northwell Health,hospital_health_system_provider,neutral,Jessica Ramos,state_senate
2021-12-20,500.0,Elevance,health_insurer,neutral,Edward C Braunstein,assembly
2024-06-27,500.0,Baxter Healthcare Corporation,medical_device,neutral,J. Garry Pretlow,assembly
2025-09-24,500.0,NY Assn. of Nurse Anesthetists,industry_association,neutral,Anna Kelles,assembly
2024-06-11,500.0,Medical Society of the State of New York,industry_association,neutral,Sean Ryan,state_senate
2022-11-09,500.0,Coalition of Asian-American Independent Practice Associations,industry_association,unknown,Edward C Braunstein,assembly
2022-11-06,500.0,Medical Society of the State of New York,industry_association,neutral,Toby Ann Stavisky,state_senate
2024-06-15,500.0,NY Radiological Society,industry_association,neutral,Anna Kelles,assembly
2025-09-26,500.0,Healthcare Association of New York State (HANYS),industry_association,unknown,Patricia A. Fahy,state_senate
2024-03-25,500.0,Pfizer,pharma,unknown,Sean Ryan,state_senate
2022-10-18,500.0,New York State Dental Association PAC (NYSDAPAC),industry_association,unknown,Edward C Braunstein,assembly
2022-03-03,500.0,Medical Society of the State of New York,industry_association,neutral,Toby Ann Stavisky,state_senate
2020-08-24,500.0,Medical Society of the State of New York,industry_association,neutral,Toby Ann Stavisky,state_senate
2022-10-26,500.0,Elevance,health_insurer,neutral,Edward C Braunstein,assembly
2024-03-25,500.0,Healthcare Association of New York State (HANYS),industry_association,unknown,Gustavo Rivera,state_senate
2024-04-15,500.0,Healthcare Association of New York State (HANYS),industry_association,unknown,Dana Levenberg,assembly
2023-03-20,500.0,District Council 37 (DC37),union,blocker,Jeffrey Dinowitz,assembly
2022-04-04,500.0,Healthcare Association of New York State (HANYS),industry_association,unknown,Edward P Ra,assembly
2024-05-18,500.0,New York State Dental Association PAC (NYSDAPAC),industry_association,neutral,Iwen Chu,state_senate
2024-05-20,500.0,NY Radiological Society,industry_association,neutral,Edward C Braunstein,assembly
2025-04-30,500.0,Pfizer,pharma,unknown,Edward C Braunstein,assembly
2026-05-11,500.0,NY Radiological Society,industry_association,neutral,Edward C Braunstein,assembly
2025-04-29,500.0,NY Radiological Society,industry_association,neutral,Edward C Braunstein,assembly
2026-04-27,500.0,New York State Society of Anesthesiologists,industry_association,unknown,Edward C Braunstein,assembly
2025-04-29,500.0,New York State Society of Anesthesiologists,industry_association,unknown,Edward C Braunstein,assembly
2024-07-24,500.0,Pfizer,pharma,unknown,Edward C Braunstein,assembly
2021-11-30,500.0,Healthcare Association of New York State (HANYS),industry_association,unknown,Toby Ann Stavisky,state_senate
2020-03-17,500.0,Ny Physical Therapy Association,industry_association,neutral,Toby Ann Stavisky,state_senate
2020-09-28,500.0,Pfizer,pharma,unknown,Edward C Braunstein,assembly
2022-10-18,500.0,Pfizer,pharma,neutral,Edward C Braunstein,assembly
2024-07-12,500.0,Eli Lilly,pharma,neutral,Jessica Ramos,state_senate
2025-03-03,500.0,Healthcare Association of New York State (HANYS),industry_association,unknown,Patricia A. Fahy,state_senate
2023-05-29,500.0,NY Radiological Society,industry_association,neutral,Edward C Braunstein,assembly
2021-12-20,500.0,NY Radiological Society,industry_association,neutral,Edward C Braunstein,assembly
2021-12-20,500.0,NYS Academy of Family Physicians PAC Fun,industry_association,neutral,Edward C Braunstein,assembly
2025-05-08,500.0,Elevance,health_insurer,neutral,Edward C Braunstein,assembly
2023-06-05,500.0,District Council 37 (DC37),union,blocker,Toby Ann Stavisky,state_senate
2026-05-27,500.0,Empire State Assn. of Assisted Living (ESAAL),industry_association,unknown,Edward C Braunstein,assembly
2026-05-12,500.0,Healthcare Association of New York State (HANYS),industry_association,unknown,Edward C Braunstein,assembly
2025-05-20,500.0,Healthcare Association of New York State (HANYS),industry_association,unknown,Edward C Braunstein,assembly
2020-10-07,500.0,Merck,pharma,neutral,Jacob Christopher Ashby,assembly
2024-07-12,500.0,District Council 37 (DC37),union,blocker,Jessica Ramos,state_senate
2023-05-29,500.0,New York State Society of Anesthesiologists,industry_association,unknown,Edward C Braunstein,assembly
2022-04-11,500.0,NY Emerganace Medicine,hospital_health_system_provider,neutral,Edward P Ra,assembly
2023-05-26,500.0,Pfizer,pharma,unknown,Edward P Ra,assembly
2023-03-27,500.0,Pharmacists Society of the State of New York,industry_association,unknown,Edward P Ra,assembly
2024-02-27,500.0,Healthcare Association of New York State (HANYS),industry_association,unknown,Lea Webb,state_senate
2021-10-19,500.0,Elevance,health_insurer,neutral,"Peter J Abbate, Jr.",assembly
2024-06-29,500.0,United New York Ambulance Network (UNYAN),industry_association,neutral,Anna Kelles,assembly
2020-10-27,500.0,Ny Physical Therapy Association,industry_association,neutral,Toby Ann Stavisky,state_senate
2025-11-05,500.0,New York State Society of Anesthesiologists,industry_association,unknown,Edward Gibbs,assembly
2025-04-01,500.0,Healthcare Association of New York State (HANYS),industry_association,unknown,Dana Levenberg,assembly
2020-10-23,500.0,American Assoc. of Orthopedic Surgeons,industry_association,neutral,Michael J Cusick,assembly
2022-09-11,500.0,Livingston Foot Care Specialists,hospital_health_system_provider,neutral,David G Mcdonough,assembly
2023-10-10,500.0,New York State Society of Anesthesiologists,industry_association,neutral,Iwen Chu,state_senate
2023-11-28,500.0,Pfizer,pharma,unknown,"Albert A Stirpe, Jr.",state_senate
2025-03-14,500.0,Healthcare Association of New York State (HANYS),industry_association,unknown,Siela A Bynoe,state_senate
2025-09-24,500.0,NY Assn. of Nurse Anesthetists,industry_association,neutral,"Albert A Stirpe, Jr.",state_senate
2026-03-23,500.0,Healthcare Association of New York State (HANYS),industry_association,neutral,Siela A Bynoe,state_senate
2024-04-01,500.0,Pfizer,pharma,unknown,Iwen Chu,state_senate
2023-06-07,500.0,New York Emergency Medicine,industry_association,neutral,Catalina Cruz,assembly
2022-01-21,500.0,New York State Society of Anesthesiologists,industry_association,neutral,Michael J Cusick,assembly
2025-08-22,500.0,NY Radiological Society,industry_association,neutral,Siela A Bynoe,state_senate
2024-07-24,500.0,Pfizer,pharma,unknown,"Albert A Stirpe, Jr.",state_senate
2020-01-07,500.0,AA Medical PC,hospital_health_system_provider,neutral,John C Liu,state_senate
2023-12-21,500.0,NY State Psychiatric PAC,industry_association,neutral,Iwen Chu,state_senate
2024-10-24,500.0,NY Radiological Society,industry_association,neutral,Iwen Chu,state_senate
2026-05-28,500.0,Johnson & Johnson,pharma,neutral,Siela A Bynoe,state_senate
2025-02-04,500.0,Nurse Practitioners Of NY State PAC,industry_association,neutral,Siela A Bynoe,state_senate
2026-05-18,500.0,Pharmacists Society of the State of New York,industry_association,unknown,Brian Cunningham,assembly
2026-05-18,500.0,Pharmacists Society of the State of New York,industry_association,unknown,Brian Cunningham,assembly
2025-03-21,500.0,New York State Society of Anesthesiologists,industry_association,unknown,Catalina Cruz,assembly
2022-04-04,500.0,Eli Lilly,pharma,neutral,Alfred Taylor,assembly
2023-05-06,500.0,NY Radiological Society,industry_association,neutral,John W. Mannion,state_senate
2020-02-03,500.0,New York State Dental Association PAC (NYSDAPAC),industry_association,neutral,Gary D Finch,assembly
2024-01-26,500.0,"Parkland Ambulance Service, Inc.",other_healthcare_related,neutral,James N. Tedisco,state_senate
2023-07-06,500.0,Hearing Healthcare Alliance of New York,industry_association,neutral,Shelley Mayer,state_senate
2021-10-11,500.0,New York State Dental Association PAC (NYSDAPAC),industry_association,unknown,Philip A. Palmesano,assembly
2023-10-15,500.0,New York State Dental Association PAC (NYSDAPAC),industry_association,unknown,Philip A. Palmesano,assembly
2023-03-12,500.0,New York State Dental Association PAC (NYSDAPAC),industry_association,unknown,Philip A. Palmesano,assembly
2020-10-13,500.0,New York State Dental Association PAC (NYSDAPAC),industry_association,neutral,Philip A. Palmesano,assembly
2020-11-02,500.0,New York State Dental Association PAC (NYSDAPAC),industry_association,neutral,Todd Kaminsky,state_senate
2020-10-29,500.0,Greater New York Nursing Home Association,industry_association,neutral,Todd Kaminsky,state_senate
2021-04-16,500.0,New York State Dental Association PAC (NYSDAPAC),industry_association,neutral,Philip A. Palmesano,assembly
2020-07-27,500.0,Health Care Providers PAC,industry_association,neutral,Todd Kaminsky,state_senate
2025-02-21,500.0,"Parkland Ambulance Service, Inc.",other_healthcare_related,neutral,James N. Tedisco,state_senate
2025-03-05,500.0,New York State Society of Anesthesiologists,industry_association,unknown,Siela A Bynoe,state_senate
2026-05-28,500.0,NY Radiological Society,industry_association,neutral,Siela A Bynoe,state_senate
2022-01-31,500.0,American Assoc. of Orthopedic Surgeons,industry_association,neutral,Michael J Cusick,assembly
2026-03-31,500.0,Healthcare Association of New York State (HANYS),industry_association,unknown,Catalina Cruz,assembly
2020-05-08,500.0,Merck,pharma,neutral,Inez E. Dickens,assembly
2020-10-23,500.0,United New York Ambulance Network (UNYAN),industry_association,neutral,James N. Tedisco,state_senate
2022-02-14,500.0,United New York Ambulance Network (UNYAN),industry_association,neutral,James N. Tedisco,state_senate
2021-03-30,500.0,United New York Ambulance Network (UNYAN),industry_association,neutral,James N. Tedisco,state_senate
2023-07-03,500.0,Elevance,health_insurer,neutral,Catalina Cruz,assembly
2022-08-04,500.0,Wang's Medical PC,hospital_health_system_provider,neutral,Iwen Chu,state_senate
2025-04-01,500.0,Healthcare Association of New York State (HANYS),industry_association,unknown,"Leroy G Comrie, Jr.",state_senate
2023-03-16,500.0,District Council 37 (DC37),union,blocker,Brian-Christopher A. Cunningham,assembly
2024-02-09,500.0,New York State Dental Association PAC (NYSDAPAC),industry_association,neutral,Iwen Chu,state_senate
2024-08-09,500.0,New York State Dental Association PAC (NYSDAPAC),industry_association,neutral,Iwen Chu,state_senate
2024-03-01,500.0,Healthcare Association of New York State (HANYS),industry_association,unknown,Iwen Chu,state_senate
2021-04-26,500.0,Pfizer,pharma,unknown,Michael J Cusick,assembly
2024-10-31,500.0,Healthfirst,health_insurer,neutral,Siela A Bynoe,state_senate
2022-04-21,500.0,Pfizer,pharma,unknown,Michael J Cusick,assembly
2020-02-13,500.0,Healthcare Association of New York State (HANYS),industry_association,unknown,"Leroy G Comrie, Jr.",state_senate
2022-09-27,500.0,Committee for Medical Eye Care,industry_association,neutral,James N. Tedisco,state_senate
2026-04-09,500.0,Healthcare Association of New York State (HANYS),industry_association,unknown,Dana Levenberg,assembly
2024-01-03,500.0,Healthcare Association of New York State (HANYS),industry_association,unknown,"Leroy G Comrie, Jr.",state_senate
2021-03-26,500.0,Healthcare Association of New York State (HANYS),industry_association,unknown,"Leroy G Comrie, Jr.",state_senate
2023-01-26,500.0,Kingsway Arms Nursing Center,post_acute_long_term_care,neutral,James N. Tedisco,state_senate
2025-07-10,500.0,Healthcare Association of New York State (HANYS),industry_association,unknown,"Leroy G Comrie, Jr.",state_senate
2021-05-10,500.0,NYS Optometric Association PAC,industry_association,neutral,Michael J Cusick,assembly
2022-01-26,500.0,New York Emergency Medicine,industry_association,neutral,Michael J Cusick,assembly
2026-06-15,500.0,Elevance,health_insurer,neutral,Brian Cunningham,assembly
2026-05-28,500.0,NY State Psychiatric PAC,industry_association,neutral,Siela A Bynoe,state_senate
2026-06-15,500.0,Healthcare Association of New York State (HANYS),industry_association,unknown,Brian Cunningham,assembly
2023-06-07,500.0,Pharmacists Society of the State of New York,industry_association,unknown,Catalina Cruz,assembly
2024-02-13,500.0,Pharmacists Society of the State of New York,industry_association,unknown,Catalina Cruz,assembly
2024-06-10,500.0,Pfizer,pharma,unknown,Catalina Cruz,assembly
2026-05-15,500.0,Vertex Physical Therapy Services P.C,hospital_health_system_provider,neutral,Philip Ramos,assembly
2024-08-27,500.0,Bristol Meyers Squibb,pharma,neutral,Brian-Christopher A. Cunningham,assembly
2024-06-07,500.0,New York Emergency Medicine,industry_association,neutral,Carrie Woerner,assembly
2023-02-15,500.0,Eli Lilly,pharma,neutral,James Skoufis,state_senate
2026-01-26,500.0,New York State Dental Association PAC (NYSDAPAC),industry_association,neutral,Carrie Woerner,assembly
2021-07-26,500.0,Brighton Eggert Pharmacy Inc.,pharmacy,neutral,William C. Conrad Ill,assembly
2022-03-30,500.0,Greater New York Nursing Home Association,industry_association,neutral,Gustavo Rivera,state_senate
2021-07-06,500.0,Jacques Antoine Physicians PC,hospital_health_system_provider,neutral,Rodneyse Bichotte,assembly
2024-03-08,500.0,Coalition of Asian-American Independent Practice Associations,industry_association,unknown,Pamela A Helming,state_senate
2022-12-15,500.0,Medical Society of the State of New York,industry_association,neutral,Rodneyse Bichotte,assembly
2022-08-09,500.0,Merck,pharma,neutral,Rodneyse Bichotte,assembly
2025-03-18,500.0,Greater New York Hospital Association (GNYHA),industry_association,neutral,Rodneyse Bichotte,assembly
2024-03-11,500.0,Coalition of Asian-American Independent Practice Associations,industry_association,unknown,Anthony H. Palumbo,state_senate
2023-10-26,500.0,Healthcare Association of New York State (HANYS),industry_association,unknown,Timothy M Kennedy,state_senate
2023-03-07,500.0,Healthcare Association of New York State (HANYS),industry_association,unknown,Timothy M Kennedy,state_senate
2020-09-21,500.0,Johnson & Johnson,pharma,neutral,Gustavo Rivera,state_senate
2023-07-13,500.0,Healthcare Association of New York State (HANYS),industry_association,unknown,Timothy M Kennedy,state_senate
2021-10-25,500.0,Healthcare Association of New York State (HANYS),industry_association,unknown,Timothy M Kennedy,state_senate
2020-08-25,500.0,Pfizer,pharma,unknown,Rodneyse Bichotte,assembly
2026-06-29,500.0,Healthcare Association of New York State (HANYS),industry_association,unknown,William C. Conrad Ill,assembly
2026-05-26,500.0,CVS Health / Aetna,health_insurer,neutral,Pamela A Helming,state_senate
2022-02-28,500.0,"Independent Health Care Services, Inc",hospital_health_system_provider,neutral,John W. Mannion,state_senate
2020-03-18,500.0,Healthcare Association of New York State (HANYS),industry_association,unknown,Timothy M Kennedy,state_senate
2021-10-25,500.0,Healthcare Association of New York State (HANYS),industry_association,unknown,Timothy M Kennedy,state_senate
2026-02-20,500.0,Healthcare Association of New York State (HANYS),industry_association,unknown,Anthony H. Palumbo,state_senate
2023-04-03,500.0,Health Care Providers PAC,industry_association,neutral,Timothy M Kennedy,state_senate
2026-03-28,500.0,Merck,pharma,neutral,Anthony H. Palumbo,state_senate
2025-10-21,500.0,NY Assn. of Nurse Anesthetists,industry_association,neutral,Anthony H. Palumbo,state_senate
2020-11-24,500.0,Health Plan Association (HPA) PAC,industry_association,neutral,Timothy M Kennedy,state_senate
2023-06-07,500.0,Health Plan Association (HPA) PAC,industry_association,neutral,Gustavo Rivera,state_senate
2020-09-16,500.0,Health Plan Association (HPA) PAC,industry_association,neutral,Timothy M Kennedy,state_senate
2020-09-17,500.0,Merck,pharma,neutral,Rodneyse Bichotte,assembly
2021-05-26,500.0,Pfizer,pharma,unknown,Sean Ryan,state_senate
2023-03-30,500.0,Pfizer,pharma,unknown,Sean Ryan,state_senate
2022-04-21,500.0,Pfizer,pharma,unknown,Sean Ryan,state_senate
2024-04-22,500.0,NY State Psychiatric PAC,industry_association,neutral,Amy Paulin,assembly
2026-02-25,500.0,Upstate Health Advocacy Project (UHAP),industry_association,neutral,Michelle Hinchey,state_senate
2022-10-31,500.0,Healthcare Association of New York State (HANYS),industry_association,unknown,Timothy M Kennedy,state_senate
2024-11-21,500.0,Merck,pharma,neutral,Anthony H. Palumbo,state_senate
2025-02-01,500.0,Healthcare Association of New York State (HANYS),industry_association,unknown,Alicia A. Hyndman,assembly
2024-03-28,500.0,New York State Dental Association PAC (NYSDAPAC),industry_association,unknown,Pamela A Helming,state_senate
2024-03-27,500.0,American Assoc. of Orthopedic Surgeons,industry_association,neutral,Gustavo Rivera,state_senate
2022-01-13,500.0,Medical Society of the State of New York,industry_association,neutral,Sean Ryan,state_senate
2021-09-17,500.0,"Independent Health Care Services, Inc",hospital_health_system_provider,neutral,John W. Mannion,state_senate
2021-07-20,500.0,Northwell Health,hospital_health_system_provider,neutral,Gustavo Rivera,state_senate
2021-06-18,500.0,Northwell Health,hospital_health_system_provider,neutral,Gustavo Rivera,state_senate
2025-05-26,500.0,CVS Health / Aetna,health_insurer,neutral,Pamela A Helming,state_senate
2021-12-21,500.0,Bristol Myers Squibb,pharma,neutral,Gustavo Rivera,state_senate
2021-07-07,500.0,"Dr. Gardith Joseph, Medical, P.C.",hospital_health_system_provider,neutral,Rodneyse Bichotte,assembly
2024-06-20,500.0,Elevance,health_insurer,neutral,Samuel Tzvi Berger,assembly
2022-11-22,500.0,Bristol Myers Squibb,pharma,neutral,Gustavo Rivera,state_senate
2022-04-11,500.0,New York Veterinary Medical Society PAC,industry_association,neutral,Sean Ryan,state_senate
2024-11-06,500.0,Merck,pharma,neutral,Pamela A Helming,state_senate
2026-05-18,500.0,Merck,pharma,neutral,Pamela A Helming,state_senate
2023-02-24,500.0,NYS Hospitality and Tourism PAC,industry_association,neutral,Sean Ryan,state_senate
2024-11-14,500.0,NY State Psychiatric PAC,industry_association,neutral,Gustavo Rivera,state_senate
2024-10-23,500.0,NY State Psychiatric PAC,industry_association,neutral,Gustavo Rivera,state_senate
2025-03-31,500.0,AbbVie,pharma,neutral,Carl Heastie,assembly
2026-04-06,500.0,AbbVie,pharma,neutral,Carl Heastie,assembly
2020-10-13,500.0,AbbVie,pharma,neutral,Carl Heastie,assembly
2024-10-12,500.0,AbbVie,pharma,neutral,Carl Heastie,assembly
2024-06-21,500.0,Medical Society of the State of New York,industry_association,neutral,Gustavo Rivera,state_senate
2024-06-18,500.0,Healthcare Association of New York State (HANYS),industry_association,unknown,Gustavo Rivera,state_senate
2020-03-31,500.0,Abbott Laboratories,medical_device,unknown,Brian M Kolb,assembly
2022-01-04,500.0,Baxter Healthcare Corporation,medical_device,neutral,Gustavo Rivera,state_senate
2025-04-01,500.0,New York State Dental Association PAC (NYSDAPAC),industry_association,neutral,Pamela A Helming,state_senate
2020-07-13,500.0,AbbVie,pharma,neutral,Gustavo Rivera,state_senate
2020-10-26,500.0,Abbott Laboratories,medical_device,unknown,Gustavo Rivera,state_senate
2023-05-01,500.0,Coalition of Asian-American Independent Practice Associations,industry_association,neutral,Pamela A Helming,state_senate
2020-04-06,500.0,Abbott Laboratories,medical_device,unknown,Gustavo Rivera,state_senate
2023-01-31,500.0,New York State Dental Association PAC (NYSDAPAC),industry_association,unknown,Pamela A Helming,state_senate
2024-06-06,500.0,CVS Health / Aetna,health_insurer,neutral,Pamela A Helming,state_senate
2026-02-28,500.0,Healthcare Association of New York State (HANYS),industry_association,unknown,Alicia A. Hyndman,assembly
2025-06-17,500.0,Healthcare Association of New York State (HANYS),industry_association,unknown,Alicia A. Hyndman,assembly
2020-03-03,500.0,Chain Pharmacy Association of New York State,industry_association,neutral,Gustavo Rivera,state_senate
2021-05-29,500.0,New York State Society of Anesthesiologists,industry_association,unknown,Todd Kaminsky,state_senate
2024-10-23,500.0,Healthcare Association of New York State (HANYS),industry_association,unknown,Philip A. Palmesano,assembly
2020-03-02,500.0,Healthcare Association of New York State (HANYS),industry_association,unknown,Philip A. Palmesano,assembly
2026-01-10,500.0,NYS Podiatric Assn.,industry_association,neutral,Alicia A. Hyndman,assembly
2025-03-31,500.0,New York State Society of Anesthesiologists,industry_association,neutral,Alicia A. Hyndman,assembly
2025-05-02,500.0,Medical Society of the State of New York,industry_association,neutral,Michelle Hinchey,state_senate
2026-04-30,500.0,Medical Society of the State of New York,industry_association,neutral,Michelle Hinchey,state_senate
2025-03-14,500.0,Pharmacists Society of the State of New York,industry_association,neutral,Michelle Hinchey,state_senate
2024-08-12,500.0,Pfizer,pharma,unknown,Alicia A. Hyndman,assembly
2025-05-28,500.0,Medical Society of the State of New York,industry_association,neutral,Alicia A. Hyndman,assembly
2025-02-27,500.0,Medical Society of the State of New York,industry_association,neutral,Alicia A. Hyndman,assembly
2026-04-27,500.0,Medical Society of the State of New York,industry_association,neutral,Alicia A. Hyndman,assembly
2025-04-30,500.0,Pfizer,pharma,unknown,Patrick J Carroll,assembly
2022-04-25,500.0,United New York Ambulance Network (UNYAN),industry_association,neutral,Michelle Hinchey,state_senate
2023-03-20,500.0,Pharmacists Society of the State of New York,industry_association,unknown,Alicia A. Hyndman,assembly
2023-03-15,500.0,Healthcare Association of New York State (HANYS),industry_association,unknown,Philip A. Palmesano,assembly
2025-10-28,500.0,Healthcare Association of New York State (HANYS),industry_association,unknown,Philip A. Palmesano,assembly
2024-03-07,500.0,Healthcare Association of New York State (HANYS),industry_association,unknown,Philip A. Palmesano,assembly
2026-03-03,500.0,Healthcare Association of New York State (HANYS),industry_association,unknown,Philip A. Palmesano,assembly
2021-10-20,500.0,Healthcare Association of New York State (HANYS),industry_association,unknown,Philip A. Palmesano,assembly
2020-10-19,500.0,Healthcare Association of New York State (HANYS),industry_association,unknown,Philip A. Palmesano,assembly
2026-05-01,500.0,"Parkland Ambulance Service, Inc.",other_healthcare_related,neutral,James N. Tedisco,state_senate
2020-10-15,500.0,Healthcare Association of New York State (HANYS),industry_association,neutral,Todd Kaminsky,state_senate
2021-11-19,500.0,Merck,pharma,neutral,Philip A. Palmesano,assembly
2020-05-08,500.0,Merck,pharma,neutral,Philip A. Palmesano,assembly
2020-01-06,500.0,Eli Lilly,pharma,neutral,Diane J Savino,state_senate
2020-01-06,500.0,Centene,health_insurer,neutral,Diane J Savino,state_senate
2021-04-01,500.0,District Council 37 (DC37),union,blocker,Catalina Cruz,assembly
2025-02-24,500.0,Pharmacists Society of the State of New York,industry_association,unknown,Shelley Mayer,state_senate
2021-12-13,500.0,Molina Healthcare,health_insurer,neutral,Diane J Savino,state_senate
2024-06-07,500.0,New York State Society of Anesthesiologists,industry_association,unknown,Alfred Taylor,assembly
2026-05-11,500.0,New York State Society of Anesthesiologists,industry_association,unknown,Alfred Taylor,assembly
2022-04-18,500.0,Pfizer,pharma,unknown,Alicia A. Hyndman,assembly
2025-06-17,500.0,Pfizer,pharma,unknown,Alicia A. Hyndman,assembly
2025-04-12,500.0,Healthcare Association of New York State (HANYS),industry_association,unknown,Alicia A. Hyndman,assembly
2021-07-13,500.0,NY State Psychiatric PAC,industry_association,neutral,Diane J Savino,state_senate
2025-02-18,500.0,United New York Ambulance Network (UNYAN),industry_association,neutral,Michelle Hinchey,state_senate
2025-05-19,500.0,Chain Pharmacy Association of New York State,industry_association,neutral,Alicia A. Hyndman,assembly
2025-01-27,500.0,Chain Pharmacy Association of New York State,industry_association,neutral,Alicia A. Hyndman,assembly
2025-04-12,500.0,Chain Pharmacy Association of New York State,industry_association,neutral,Alicia A. Hyndman,assembly
2026-02-27,500.0,Chain Pharmacy Association of New York State,industry_association,neutral,Alicia A. Hyndman,assembly
2025-06-17,500.0,Elevance,health_insurer,neutral,Alicia A. Hyndman,assembly
2020-02-26,500.0,New York State Dental Association PAC (NYSDAPAC),industry_association,neutral,Diane J Savino,state_senate
2020-10-26,500.0,Pfizer,pharma,unknown,Alicia A. Hyndman,assembly
2026-02-09,500.0,New York State Association of Neuropsych,industry_association,neutral,Shelley Mayer,state_senate
2020-07-11,500.0,Medical Society of the State of New York,industry_association,neutral,Todd Kaminsky,state_senate
2021-01-11,500.0,Medical Society of the State of New York,industry_association,neutral,Todd Kaminsky,state_senate
2025-02-20,500.0,Upstate Health Advocacy Project (UHAP),industry_association,neutral,Michelle Hinchey,state_senate
2020-10-08,500.0,Pharmacists Society of the State of New York,industry_association,unknown,Diane J Savino,state_senate
2026-05-27,500.0,Healthcare Association of New York State (HANYS),industry_association,unknown,Alicia A. Hyndman,assembly
2026-04-27,500.0,CVS Health / Aetna,health_insurer,neutral,Alicia A. Hyndman,assembly
2020-08-20,500.0,NY State Psychiatric PAC,industry_association,neutral,Diane J Savino,state_senate
2026-03-17,500.0,New York State Society of Anesthesiologists,industry_association,unknown,Shelley Mayer,state_senate
2020-06-25,500.0,Pfizer,pharma,neutral,Diane J Savino,state_senate
2025-02-18,500.0,United New York Ambulance Network (UNYAN),industry_association,neutral,Michelle Hinchey,state_senate
2021-05-10,500.0,Pfizer,pharma,neutral,Diane J Savino,state_senate
2020-10-13,500.0,National Institute For Reproductive Health,industry_association,neutral,Thearse Mccalmon,state_senate
2021-04-12,500.0,New York State Society of Anesthesiologists,industry_association,unknown,John W. Mannion,state_senate
2025-03-06,500.0,Healthcare Association of New York State (HANYS),industry_association,neutral,Michelle Hinchey,state_senate
2020-11-02,500.0,Abbott Laboratories,medical_device,unknown,Robert G Ortt,state_senate
2025-12-22,500.0,NYS Occupational Therapy Assn. PAC,industry_association,neutral,Alicia A. Hyndman,assembly
2025-04-12,500.0,NY State Psychiatric PAC,industry_association,neutral,Alicia A. Hyndman,assembly
2025-04-12,500.0,NY Radiological Society,industry_association,neutral,Alicia A. Hyndman,assembly
2026-02-28,500.0,NY Radiological Society,industry_association,neutral,Alicia A. Hyndman,assembly
2025-01-10,500.0,NYS Society of Plastic Surgeons PAC,industry_association,neutral,Alicia A. Hyndman,assembly
2022-01-21,500.0,New York State Society of Anesthesiologists,industry_association,unknown,John W. Mannion,state_senate
2025-05-19,500.0,Medical Society of the State of New York,industry_association,neutral,Alicia A. Hyndman,assembly
2022-06-07,500.0,Coalition of Asian-American Independent Practice Associations,industry_association,unknown,Zellnor Myrie,state_senate
2023-07-03,500.0,Johnson & Johnson,pharma,neutral,Gustavo Rivera,state_senate
2025-03-05,500.0,New York State Dental Association PAC (NYSDAPAC),industry_association,neutral,Carrie Woerner,assembly
2026-03-12,500.0,NY Radiological Society,industry_association,neutral,Monica R. Martinez,state_senate
2023-05-17,500.0,NY Radiological Society,industry_association,neutral,Aileen Gunther,assembly
2020-10-14,500.0,NYS Occupational Therapy Assn. PAC,industry_association,neutral,Aileen Gunther,assembly
2025-04-07,500.0,NY Radiological Society,industry_association,neutral,Monica R. Martinez,state_senate
2023-05-17,500.0,NY State Psychiatric PAC,industry_association,neutral,Aileen Gunther,assembly
2022-03-10,500.0,NY State Psychiatric PAC,industry_association,neutral,Aileen Gunther,assembly
2023-02-15,500.0,Coalition of Asian-American Independent Practice Associations,industry_association,unknown,James Skoufis,state_senate
2023-06-09,500.0,Coalition of Asian-American Independent Practice Associations,industry_association,unknown,James Skoufis,state_senate
2022-11-30,500.0,Eli Lilly,pharma,neutral,Jenifer Rajkumar,state_senate
2024-10-25,500.0,Coalition of Asian-American Independent Practice Associations,industry_association,unknown,James Skoufis,state_senate
2023-05-24,500.0,New York State Society of Anesthesiologists,industry_association,neutral,Aileen Gunther,assembly
2023-01-24,500.0,Chain Pharmacy Association of New York State,industry_association,neutral,James Skoufis,state_senate
2021-06-24,500.0,Pfizer,pharma,unknown,Aileen Gunther,assembly
2020-04-29,500.0,Pfizer,pharma,unknown,Aileen Gunther,assembly
2025-04-30,500.0,Pfizer,pharma,unknown,Jessica Scarcella-Spanton,state_senate
2021-12-09,500.0,New York State Assoc. of Healthcare Providers (NYSHCP),industry_association,neutral,Aileen Gunther,assembly
2024-06-10,500.0,Chain Pharmacy Association of New York State,industry_association,neutral,Gustavo Rivera,state_senate
2022-10-12,500.0,Healthcare Association of New York State (HANYS),industry_association,unknown,Philip A. Palmesano,assembly
2022-02-23,500.0,Healthcare Association of New York State (HANYS),industry_association,unknown,Philip A. Palmesano,assembly
2022-04-12,500.0,Pfizer,pharma,unknown,Jeffrey Dinowitz,assembly
2022-09-27,500.0,Molina Healthcare,health_insurer,neutral,Gustavo Rivera,state_senate
2021-01-11,500.0,Molina Healthcare,health_insurer,neutral,Gustavo Rivera,state_senate
2023-10-17,500.0,Pfizer,pharma,unknown,Robert G Ortt,state_senate
2022-04-01,500.0,Pfizer,pharma,unknown,Robert G Ortt,state_senate
2022-06-02,500.0,Pharmacists Society of the State of New York,industry_association,unknown,Luis R. Sepulveda,state_senate
2020-06-05,500.0,Pharmacists Society of the State of New York,industry_association,unknown,Luis R. Sepulveda,state_senate
2020-07-03,500.0,Pfizer,pharma,unknown,Jeffrey Dinowitz,assembly
2020-01-11,500.0,Pediatric Dentistry & Interceptive Orthodontics,hospital_health_system_provider,neutral,Luis R. Sepulveda,state_senate
2020-03-04,500.0,New York State Society of Anesthesiologists,industry_association,unknown,Luis R. Sepulveda,state_senate
2020-09-21,500.0,NY State Psychiatric PAC,industry_association,neutral,Luis R. Sepulveda,state_senate
2022-06-02,500.0,Healthcare Association of New York State (HANYS),industry_association,unknown,Luis R. Sepulveda,state_senate
2020-06-05,500.0,Healthcare Association of New York State (HANYS),industry_association,unknown,Luis R. Sepulveda,state_senate
2021-08-13,500.0,District Council 37 (DC37),union,blocker,Jenifer Rajkumar,state_senate
2026-05-02,500.0,Medical Society of the State of New York,industry_association,neutral,Steven D. Rhoads,state_senate
2021-06-02,500.0,Pfizer,pharma,unknown,Jeffrey Dinowitz,assembly
2021-11-16,500.0,Pfizer,pharma,unknown,Robert Jackson,state_senate
2025-03-14,500.0,Healthcare Association of New York State (HANYS),industry_association,unknown,Carrie Woerner,assembly
2025-06-12,500.0,Healthcare Association of New York State (HANYS),industry_association,unknown,Carrie Woerner,assembly
2026-01-28,500.0,Healthcare Association of New York State (HANYS),industry_association,unknown,Carrie Woerner,assembly
2025-07-11,500.0,Coalition of Asian-American Independent Practice Associations,industry_association,unknown,James Skoufis,state_senate
2026-04-28,500.0,Healthcare Association of New York State (HANYS),industry_association,unknown,Carrie Woerner,assembly
2024-10-01,500.0,New York State Society of Anesthesiologists,industry_association,unknown,"Albert A Stirpe, Jr.",state_senate
2026-02-05,500.0,Elevance,health_insurer,neutral,Carrie Woerner,assembly
2025-03-25,500.0,NY State Psychiatric PAC,industry_association,neutral,Jessica Scarcella-Spanton,state_senate
2025-06-05,500.0,Pfizer,pharma,unknown,Robert Jackson,state_senate
2026-03-16,500.0,NY Assn. of Nurse Anesthetists,industry_association,neutral,"Albert A Stirpe, Jr.",state_senate
2021-01-05,500.0,Pediatrics 2000 Ii,hospital_health_system_provider,neutral,Robert Jackson,state_senate
2026-03-30,500.0,Upstate Health Advocacy Project (UHAP),industry_association,neutral,Carrie Woerner,assembly
2024-06-17,500.0,Upstate Health Advocacy Project (UHAP),industry_association,neutral,Carrie Woerner,assembly
2021-06-02,500.0,Pfizer,pharma,unknown,Simcha Felder,state_senate
2026-06-11,500.0,Healthcare Association of New York State (HANYS),industry_association,unknown,Carrie Woerner,assembly
2024-10-10,500.0,Leadingage New York Pac,industry_association,neutral,James Skoufis,state_senate
2020-03-02,500.0,Healthcare Association of New York State (HANYS),industry_association,unknown,Jeffrion L Aubry,assembly
2024-06-16,500.0,Eli Lilly,pharma,neutral,James Skoufis,state_senate
2025-05-02,500.0,Medical Society of the State of New York,industry_association,neutral,Sean Ryan,state_senate
2023-12-31,500.0,Greater New York Hospital Association (GNYHA),industry_association,neutral,James Skoufis,state_senate
2025-05-27,500.0,New York State Dental Association PAC (NYSDAPAC),industry_association,neutral,Jessica Scarcella-Spanton,state_senate
2025-01-23,500.0,New York State Society of Anesthesiologists,industry_association,unknown,Jessica Scarcella-Spanton,state_senate
2026-03-11,500.0,Elevance,health_insurer,neutral,Steven D. Rhoads,state_senate
2025-05-27,500.0,Medical Society of the State of New York,industry_association,neutral,Monica R. Martinez,state_senate
2025-05-27,500.0,Medical Society of the State of New York,industry_association,neutral,Monica R. Martinez,state_senate
2026-06-15,500.0,Medical Society of the State of New York,industry_association,neutral,Monica R. Martinez,state_senate
2026-05-11,500.0,Medical Society of the State of New York,industry_association,neutral,Monica R. Martinez,state_senate
2024-01-31,500.0,New York State Dental Association PAC (NYSDAPAC),industry_association,unknown,James Skoufis,state_senate
2020-11-02,500.0,Merck,pharma,neutral,Aileen Gunther,assembly
2024-02-01,500.0,Chain Pharmacy Association of New York State,industry_association,neutral,James Skoufis,state_senate
2026-04-20,500.0,NY State Psychiatric PAC,industry_association,neutral,Jessica Scarcella-Spanton,state_senate
2023-06-21,500.0,Medical Society of the State of New York,industry_association,neutral,Gustavo Rivera,state_senate
2021-06-18,500.0,Ny Physical Therapy Association,industry_association,neutral,Gustavo Rivera,state_senate
2023-03-20,500.0,PhRMA,pharma,neutral,Gustavo Rivera,state_senate
2025-07-08,500.0,Integrated Medical Professionals,hospital_health_system_provider,neutral,Gustavo Rivera,state_senate
2023-03-23,500.0,American Assoc. of Orthopedic Surgeons,industry_association,neutral,Gustavo Rivera,state_senate
2026-03-18,500.0,Upstate Health Advocacy Project (UHAP),industry_association,neutral,Amy Paulin,assembly
2024-10-29,500.0,NY State Psychiatric PAC,industry_association,neutral,Robert G Ortt,state_senate
2025-12-23,500.0,NY Radiological Society,industry_association,neutral,Amy Paulin,assembly
2022-05-07,500.0,New York State Society of Anesthesiologists,industry_association,neutral,John W. Mannion,state_senate
2025-06-17,500.0,Healthcare Association of New York State (HANYS),industry_association,unknown,Gustavo Rivera,state_senate
2026-03-16,500.0,NYS Council of Health System Pharmacists,industry_association,neutral,Amy Paulin,assembly
2025-03-19,500.0,Surgeon Pac,industry_association,neutral,Amy Paulin,assembly
2023-05-04,500.0,Health Care Providers PAC,industry_association,neutral,Amy Paulin,assembly
2025-07-14,500.0,NY State Psychiatric PAC,industry_association,neutral,Gustavo Rivera,state_senate
2022-06-06,500.0,New York State Society of Anesthesiologists,industry_association,neutral,John W. Mannion,state_senate
2022-03-09,500.0,PhRMA,pharma,neutral,Brian Kavanagh,state_senate
2023-04-28,500.0,American Assoc. of Orthopedic Surgeons,industry_association,neutral,Amy Paulin,assembly
2023-03-02,500.0,American Assoc. of Orthopedic Surgeons,industry_association,neutral,Amy Paulin,assembly
2022-08-22,500.0,American Assoc. of Orthopedic Surgeons,industry_association,neutral,Gustavo Rivera,state_senate
2022-03-11,500.0,NYS Occupational Therapy Assn. PAC,industry_association,neutral,Gustavo Rivera,state_senate
2020-10-26,500.0,NYS Occupational Therapy Assn. PAC,industry_association,neutral,Gustavo Rivera,state_senate
2023-06-21,500.0,NYS Occupational Therapy Assn. PAC,industry_association,neutral,Gustavo Rivera,state_senate
2020-06-12,500.0,Pfizer,pharma,unknown,Aravella Simotas,assembly
2020-08-24,500.0,American Assoc. of Orthopedic Surgeons,industry_association,neutral,Robert G Ortt,state_senate
2021-10-21,500.0,Chain Pharmacy Association of New York State,industry_association,neutral,Timothy M Kennedy,state_senate
2020-10-27,500.0,American Assoc. of Orthopedic Surgeons,industry_association,neutral,Robert G Ortt,state_senate
2025-09-05,500.0,Pfizer,pharma,unknown,Aron B Wieder,assembly
2022-03-11,500.0,American Assoc. of Orthopedic Surgeons,industry_association,neutral,Gustavo Rivera,state_senate
2022-04-20,500.0,PhRMA,pharma,neutral,Gustavo Rivera,state_senate
2022-09-09,500.0,Coalition of Asian-American Independent Practice Associations,industry_association,unknown,Susan J Serino,state_senate
2022-03-21,500.0,Surgeon Pac,industry_association,neutral,Gustavo Rivera,state_senate
2022-01-03,500.0,Molina Healthcare,health_insurer,neutral,John W. Mannion,state_senate
2022-07-11,500.0,Shakespeare Pharmacy Corp.,pharmacy,neutral,Gustavo Rivera,state_senate
2025-02-18,500.0,Healthcare Association of New York State (HANYS),industry_association,unknown,Luis R. Sepulveda,state_senate
2024-02-26,500.0,New York State Dental Association PAC (NYSDAPAC),industry_association,unknown,Luis R. Sepulveda,state_senate
2022-03-11,500.0,United New York Ambulance Network (UNYAN),industry_association,neutral,Gustavo Rivera,state_senate
2022-05-17,500.0,United Healthcare / UnitedHealth Group (UHC/UHG),health_insurer,neutral,Gustavo Rivera,state_senate
2022-02-22,500.0,Nurse Practitioners Of NY State PAC,industry_association,neutral,Jeffrey Dinowitz,assembly
2021-05-22,500.0,Healthcare Association of New York State (HANYS),industry_association,unknown,Jeffrey Dinowitz,assembly
2025-02-05,500.0,Wurlitzer Family Pharmacy,pharmacy,neutral,Robert G Ortt,state_senate
2021-09-12,500.0,Happyhouse Adult Day Care Center Inc.,adult_day_care,neutral,William Colton,assembly
2022-07-18,500.0,NY Home Medical Equipment PAC,industry_association,neutral,Gustavo Rivera,state_senate
2021-06-22,500.0,Medical Society of the State of New York,industry_association,neutral,Jeffrey Dinowitz,assembly
2024-07-24,500.0,Pfizer,pharma,unknown,Robert G Ortt,state_senate
2020-03-03,500.0,NY Assn. of Nurse Anesthetists,industry_association,neutral,Gustavo Rivera,state_senate
2020-06-24,500.0,Empire Ental PAC,industry_association,neutral,Jeffrey Dinowitz,assembly
2026-05-29,500.0,NY State Psychiatric PAC,industry_association,neutral,Robert G Ortt,state_senate
2022-08-16,500.0,Nurse Practitioners Of NY State PAC,industry_association,neutral,Gustavo Rivera,state_senate
2020-03-03,500.0,New York State Society of Anesthesiologists,industry_association,unknown,Gustavo Rivera,state_senate
2021-03-29,500.0,Pfizer,pharma,unknown,Robert G Ortt,state_senate
2021-09-23,500.0,Committee for Medical Eye Care,industry_association,neutral,Jeffrey Dinowitz,assembly
2020-08-12,500.0,Pfizer,pharma,unknown,Robert G Ortt,state_senate
2021-05-12,500.0,Chain Pharmacy Association of New York State,industry_association,neutral,Jeffrey Dinowitz,assembly
2022-03-16,500.0,Happyhouse Adult Day Care Center Inc.,adult_day_care,neutral,William Colton,assembly
2023-03-16,500.0,Brooklyn Village Adult Day Care Inc.,adult_day_care,neutral,William Colton,assembly
2022-03-16,500.0,Brooklyn Village Adult Day Care Inc.,adult_day_care,neutral,William Colton,assembly
2022-09-25,500.0,Brooklyn Village Adult Day Care Inc.,adult_day_care,neutral,William Colton,assembly
2026-01-01,500.0,MIDDLEPORT FAMILY HEALTH,hospital_health_system_provider,neutral,Palmo A. Bologna,assembly
2023-08-03,500.0,Ny Physical Therapy Association,industry_association,neutral,Gustavo Rivera,state_senate
2022-07-26,500.0,American Assoc. of Orthopedic Surgeons,industry_association,neutral,Robert G Ortt,state_senate
2026-06-26,500.0,Chain Pharmacy Association of New York State,industry_association,neutral,Gustavo Rivera,state_senate
2020-06-22,500.0,Pfizer,pharma,unknown,Amy Paulin,assembly
2021-04-19,500.0,Pfizer,pharma,unknown,Amy Paulin,assembly
2024-04-02,500.0,Pfizer,pharma,unknown,Amy Paulin,assembly
2024-05-28,500.0,PhRMA,pharma,neutral,Amy Paulin,assembly
2023-03-21,500.0,PhRMA,pharma,neutral,Amy Paulin,assembly
2025-12-12,500.0,Baxter Healthcare Corporation,medical_device,neutral,Gustavo Rivera,state_senate
2024-02-28,500.0,PhRMA,pharma,neutral,Amy Paulin,assembly
2025-05-20,500.0,Baxter Healthcare Corporation,medical_device,neutral,Gustavo Rivera,state_senate
2024-02-26,500.0,American Assoc. of Orthopedic Surgeons,industry_association,neutral,Amy Paulin,assembly
2024-10-10,500.0,Leadingage New York Pac,industry_association,neutral,Sean Ryan,state_senate
2022-03-01,500.0,Pharmacists Society of the State of New York,industry_association,unknown,Peter Harckham,state_senate
2021-05-24,500.0,Pfizer,pharma,unknown,Edward C Braunstein,assembly
2023-10-24,500.0,Elevance,health_insurer,neutral,Peter Harckham,state_senate
2022-01-01,500.0,Merck,pharma,neutral,Zellnor Myrie,state_senate
2024-02-27,500.0,Hearing Healthcare Alliance of New York,industry_association,neutral,Peter Harckham,state_senate
2023-02-27,500.0,Hearing Healthcare Alliance of New York,industry_association,neutral,Peter Harckham,state_senate
2023-02-15,500.0,Coalition of Asian-American Independent Practice Associations,industry_association,unknown,Sean Ryan,state_senate
2024-03-07,500.0,Healthcare Association of New York State (HANYS),industry_association,unknown,Peter Harckham,state_senate
2023-07-24,500.0,Healthcare Association of New York State (HANYS),industry_association,unknown,Peter Harckham,state_senate
2022-10-26,500.0,New York State Dental Association PAC (NYSDAPAC),industry_association,unknown,Sean Ryan,state_senate
2021-10-06,500.0,Elevance,health_insurer,neutral,Zellnor Myrie,state_senate
2022-05-04,500.0,Healthcare Association of New York State (HANYS),industry_association,unknown,Sean Ryan,state_senate
2021-07-07,500.0,Healthcare Association of New York State (HANYS),industry_association,unknown,Sean Ryan,state_senate
2022-05-04,500.0,Healthcare Association of New York State (HANYS),industry_association,unknown,Sean Ryan,state_senate
2020-07-08,500.0,Health Now Pac,industry_association,neutral,Sean Ryan,state_senate
2020-07-01,500.0,Health Now Pac,industry_association,neutral,Sean Ryan,state_senate
2025-03-10,500.0,Nurse Practitioners Of NY State PAC,industry_association,neutral,Carl Heastie,assembly
2023-02-05,500.0,New York State Dental Association PAC (NYSDAPAC),industry_association,unknown,Peter Harckham,state_senate
2022-03-14,500.0,Healthcare Association of New York State (HANYS),industry_association,unknown,Zellnor Myrie,state_senate
2023-04-03,500.0,Healthcare Association of New York State (HANYS),industry_association,unknown,Jessica Ramos,state_senate
2026-03-02,500.0,Healthcare Association of New York State (HANYS),industry_association,neutral,Grace Lee,state_senate
2022-10-14,500.0,District Council 37 (DC37),union,blocker,Zellnor Myrie,state_senate
2024-04-07,500.0,Ny Physical Therapy Association,industry_association,neutral,Patricia A. Fahy,state_senate
2024-03-11,500.0,Arista Dental Care. PC,hospital_health_system_provider,neutral,Gus Lambropoulos,state_senate
2024-09-07,500.0,AbbVie,pharma,neutral,Gustavo Rivera,state_senate
2024-04-07,500.0,Medical Society of the State of New York,industry_association,neutral,Patricia A. Fahy,state_senate
2024-08-02,500.0,Pilgrim Pharmacy Inc,pharmacy,neutral,Michael R Benedetto,assembly
2025-03-20,500.0,Healthcare Association of New York State (HANYS),industry_association,unknown,Carl Heastie,assembly
2024-10-15,500.0,Pharmacists Society of the State of New York,industry_association,unknown,Carl Heastie,assembly
2025-11-10,500.0,Pharmacists Society of the State of New York,industry_association,neutral,Michael R Benedetto,assembly
2026-06-22,500.0,New York State Society of Plastic Surgeo,industry_association,neutral,Grace Lee,state_senate
2023-02-27,500.0,Northwell Health,hospital_health_system_provider,neutral,Peter Harckham,state_senate
2024-05-25,500.0,Healthcare Association of New York State (HANYS),industry_association,unknown,Michael R Benedetto,assembly
2021-10-06,500.0,Healthcare Association of New York State (HANYS),industry_association,unknown,Zellnor Myrie,state_senate
2024-02-23,500.0,Healthcare Association of New York State (HANYS),industry_association,unknown,Michael R Benedetto,assembly
2024-02-29,500.0,NYS Hospitality and Tourism PAC,industry_association,neutral,Patricia A. Fahy,state_senate
2025-08-14,500.0,United New York Ambulance Network (UNYAN),industry_association,neutral,J. Garry Pretlow,assembly
2024-02-14,500.0,Pharmacists Society of the State of New York,industry_association,unknown,Michael R Benedetto,assembly
2025-06-19,500.0,Elevance,health_insurer,neutral,Thomas F O'Mara,state_senate
2020-03-09,500.0,Healthcare Association of New York State (HANYS),industry_association,unknown,Peter Harckham,state_senate
2026-03-07,500.0,New York State Society of Anesthesiologists,industry_association,unknown,Jeffrey Dinowitz,assembly
2020-03-17,500.0,Pfizer,pharma,unknown,Timothy M Kennedy,state_senate
2021-04-19,500.0,Pfizer,pharma,unknown,Timothy M Kennedy,state_senate
2020-07-14,500.0,Pharmacists Society of the State of New York,industry_association,unknown,David I Weprin,assembly
2025-05-22,500.0,Coalition of Asian-American Independent Practice Associations,industry_association,neutral,Thomas F O'Mara,state_senate
2025-09-15,500.0,Elevance,health_insurer,neutral,Patricia A. Fahy,state_senate
2026-03-03,500.0,New York State Society of Anesthesiologists,industry_association,unknown,Michael R Benedetto,assembly
2020-11-01,500.0,Health Plan Association (HPA) PAC,industry_association,neutral,Peter Harckham,state_senate
2021-04-07,500.0,PhRMA,pharma,neutral,Timothy M Kennedy,state_senate
2020-01-17,500.0,Medical Society of the State of New York,industry_association,neutral,Deborah Glick,assembly
2024-05-08,500.0,CVS Health / Aetna,health_insurer,neutral,Thomas F O'Mara,state_senate
2022-02-28,500.0,Marra'S Pharmacy Inc.,pharmacy,neutral,Deborah Glick,assembly
2022-03-11,500.0,Health Care Providers PAC,industry_association,neutral,Deborah Glick,assembly
2026-01-09,500.0,NY Queens NP Adult Health Care PC,hospital_health_system_provider,neutral,John C Liu,state_senate
2026-06-08,500.0,CVS Health / Aetna,health_insurer,neutral,Thomas F O'Mara,state_senate
2025-04-30,500.0,CVS Health / Aetna,health_insurer,neutral,Thomas F O'Mara,state_senate
2023-10-11,500.0,Abbott Laboratories,medical_device,unknown,Deborah Glick,assembly
2026-02-19,500.0,Abbott Laboratories,medical_device,unknown,Deborah Glick,assembly
2024-11-29,500.0,Abbott Laboratories,medical_device,unknown,Deborah Glick,assembly
2025-07-29,500.0,Baxter Healthcare Corporation,medical_device,neutral,Deborah Glick,assembly
2022-10-26,500.0,American Assoc. of Orthopedic Surgeons,industry_association,neutral,Samra Brouk,state_senate
2020-03-10,500.0,New York State Dental Association PAC (NYSDAPAC),industry_association,unknown,Jaime R. Williams,assembly
2025-02-04,500.0,New York State Society of Anesthesiologists,industry_association,unknown,Michael R Benedetto,assembly
2023-05-06,500.0,Healthcare Association of New York State (HANYS),industry_association,unknown,John W. Mannion,state_senate
2022-11-04,500.0,New York State Dental Association PAC (NYSDAPAC),industry_association,neutral,John W. Mannion,state_senate
2022-09-26,500.0,Pfizer,pharma,unknown,Roxanne J. Persaud,state_senate
2023-12-02,500.0,Pfizer,pharma,unknown,Roxanne J. Persaud,state_senate
2024-05-20,500.0,Pfizer,pharma,unknown,Roxanne J. Persaud,state_senate
2022-03-16,500.0,Eli Lilly,pharma,neutral,Zellnor Myrie,state_senate
2024-05-17,500.0,New York State Society of Anesthesiologists,industry_association,neutral,Michael R Benedetto,assembly
2022-10-28,500.0,Healthcare Association of New York State (HANYS),industry_association,unknown,John W. Mannion,state_senate
2025-01-31,500.0,Healthcare Association of New York State (HANYS),industry_association,neutral,Grace Lee,state_senate
2024-04-01,500.0,Elevance,health_insurer,neutral,Grace Lee,state_senate
2021-05-26,500.0,Pfizer,pharma,unknown,Patrick M Gallivan,state_senate
2020-10-27,500.0,Chain Pharmacy Association of New York State,industry_association,neutral,Carrie Woerner,assembly
2022-05-21,500.0,Pfizer,pharma,unknown,Michael R Benedetto,assembly
2021-08-18,500.0,Pfizer,pharma,unknown,J. Garry Pretlow,assembly
2023-04-05,500.0,NY State Psychiatric PAC,industry_association,neutral,J. Garry Pretlow,assembly
2026-03-31,500.0,Healthcare Association of New York State (HANYS),industry_association,unknown,Crystal D Peoples,assembly
2024-12-21,500.0,Healthcare Association of New York State (HANYS),industry_association,unknown,Crystal D Peoples,assembly
2025-04-01,500.0,Healthcare Association of New York State (HANYS),industry_association,unknown,Crystal D Peoples,assembly
2025-01-22,500.0,Upstate Health Advocacy Project (UHAP),industry_association,neutral,Patrick M Gallivan,state_senate
2020-07-06,500.0,Pfizer,pharma,unknown,Patrick M Gallivan,state_senate
2022-05-19,500.0,Pfizer,pharma,unknown,Patrick M Gallivan,state_senate
2022-06-15,500.0,PhRMA,pharma,neutral,Patrick M Gallivan,state_senate
2025-12-15,500.0,Abbott Laboratories,medical_device,unknown,Peter Harckham,state_senate
2023-01-20,500.0,Upstate Health Advocacy Project (UHAP),industry_association,neutral,Patrick M Gallivan,state_senate
2020-02-21,500.0,Leadingage New York Pac,industry_association,neutral,J. Garry Pretlow,assembly
2024-03-04,500.0,Medical Society of the State of New York,industry_association,neutral,Peter Harckham,state_senate
2024-10-30,500.0,NY State Psychiatric PAC,industry_association,neutral,Peter Harckham,state_senate
2024-10-30,500.0,NY State Psychiatric PAC,industry_association,neutral,Peter Harckham,state_senate
2022-10-20,500.0,Elevance,health_insurer,neutral,Carrie Woerner,assembly
2023-12-20,500.0,Elevance,health_insurer,neutral,Carrie Woerner,assembly
2023-06-02,500.0,Leadingage New York Pac,industry_association,neutral,Carrie Woerner,assembly
2020-03-21,500.0,Leadingage New York Pac,industry_association,neutral,Carrie Woerner,assembly
2024-09-30,500.0,Health Plan Association (HPA) PAC,industry_association,neutral,Peter Harckham,state_senate
2024-05-20,500.0,NY State Psychiatric PAC,industry_association,neutral,Patricia A. Fahy,state_senate
2022-03-07,500.0,New York State Society of Anesthesiologists,industry_association,neutral,Zellnor Myrie,state_senate
2025-08-14,500.0,Pharmacists Society of the State of New York,industry_association,neutral,J. Garry Pretlow,assembly
2023-02-12,500.0,Eli Lilly,pharma,neutral,John W. Mannion,state_senate
2020-10-19,500.0,Merck,pharma,neutral,Carrie Woerner,assembly
2024-03-11,500.0,Pharmacists Society of the State of New York,industry_association,unknown,Peter Harckham,state_senate
2024-04-24,500.0,Pfizer,pharma,unknown,J. Garry Pretlow,assembly
2023-03-30,500.0,Pfizer,pharma,unknown,Michael R Benedetto,assembly
2022-06-14,500.0,Pfizer,pharma,unknown,J. Garry Pretlow,assembly
2020-01-31,500.0,Upstate Health Advocacy Project (UHAP),industry_association,neutral,Patrick M Gallivan,state_senate
2024-11-20,500.0,Abbott Laboratories,medical_device,unknown,Peter Harckham,state_senate
2023-03-15,500.0,Healthcare Association of New York State (HANYS),industry_association,neutral,Lea Webb,state_senate
2024-12-19,500.0,AbbVie,pharma,neutral,Crystal D Peoples,assembly
2025-05-20,500.0,Healthcare Association of New York State (HANYS),industry_association,unknown,Jarett C. Gandolfo,state_senate
2021-09-28,500.0,Pharmacists Society of the State of New York,industry_association,unknown,Zellnor Myrie,state_senate
2025-03-25,500.0,Baxter Healthcare Corporation,medical_device,neutral,Crystal D Peoples,assembly
2022-05-06,500.0,United New York Ambulance Network (UNYAN),industry_association,neutral,Patrick M Gallivan,state_senate
2025-06-12,500.0,AbbVie,pharma,neutral,Crystal D Peoples,assembly
2026-04-06,500.0,AbbVie,pharma,neutral,Crystal D Peoples,assembly
2020-06-11,500.0,Abbie Inc,pharma,neutral,Crystal D Peoples,assembly
2025-11-24,500.0,Chain Pharmacy Association of New York State,industry_association,neutral,Peter Harckham,state_senate
2023-01-20,500.0,United New York Ambulance Network (UNYAN),industry_association,neutral,Patrick M Gallivan,state_senate
2021-11-19,500.0,Vertex Pharmaceuticals,pharma,neutral,Patrick M Gallivan,state_senate
2021-12-14,500.0,Merck,pharma,neutral,Timothy M Kennedy,state_senate
2021-12-27,500.0,Johnson & Johnson,pharma,neutral,Carl Heastie,assembly
2022-11-07,500.0,Medical Society of the State of New York,industry_association,neutral,Carl Heastie,assembly
2025-05-21,500.0,Medical Society of the State of New York,industry_association,neutral,Carl Heastie,assembly
2024-04-24,500.0,NY State Psychiatric PAC,industry_association,neutral,J. Garry Pretlow,assembly
2022-11-08,500.0,Pfizer,pharma,unknown,Michael R Benedetto,assembly
2021-06-01,500.0,Upstate Health Advocacy Project (UHAP),industry_association,neutral,Patrick M Gallivan,state_senate
2021-01-18,500.0,Upstate Health Advocacy Project (UHAP),industry_association,neutral,Patrick M Gallivan,state_senate
2021-12-21,500.0,New York State Society of PAs PAC,industry_association,neutral,Patrick M Gallivan,state_senate
2022-11-01,500.0,Health Plan Association (HPA) PAC,industry_association,neutral,Crystal D Peoples,assembly
2020-08-05,500.0,New York State Society of PAs PAC,industry_association,neutral,Patrick M Gallivan,state_senate
2025-02-12,500.0,NY Radiological Society,industry_association,neutral,Patrick M Gallivan,state_senate
2023-06-30,500.0,Johnson & Johnson,pharma,neutral,Crystal D Peoples,assembly
2020-06-22,500.0,Johnson & Johnson,pharma,neutral,Crystal D Peoples,assembly
2020-01-21,500.0,New York State Society of PAs PAC,industry_association,neutral,Patrick M Gallivan,state_senate
2023-01-24,500.0,NY Radiological Society,industry_association,neutral,Patrick M Gallivan,state_senate
2020-02-21,500.0,Ny Physical Therapy Association,industry_association,neutral,Timothy M Kennedy,state_senate
2021-11-19,500.0,Merck,pharma,neutral,Patrick M Gallivan,state_senate
2020-09-28,500.0,Merck,pharma,neutral,Patrick M Gallivan,state_senate
2022-05-18,500.0,Medical Society of the State of New York,industry_association,neutral,Patrick M Gallivan,state_senate
2021-03-04,500.0,Pharmacy PAC NYS,industry_association,neutral,Samra Brouk,state_senate
2024-03-18,500.0,New York State Dental Association PAC (NYSDAPAC),industry_association,neutral,Thomas F O'Mara,state_senate
2022-06-09,500.0,Committee for Medical Eye Care,industry_association,neutral,Deborah Glick,assembly
2025-03-12,500.0,New York State Dental Association PAC (NYSDAPAC),industry_association,unknown,Samra Brouk,state_senate
2022-01-13,500.0,Chain Pharmacy Association of New York State,industry_association,neutral,Michael R Benedetto,assembly
2026-02-02,500.0,New York State Society of Anesthesiologists,industry_association,unknown,Peter Harckham,state_senate
2022-01-04,500.0,Elevance,health_insurer,neutral,Patrick M Gallivan,state_senate
2022-09-09,500.0,New York State Veterinary Medical Societ,hospital_health_system_provider,neutral,Samra Brouk,state_senate
2022-01-31,500.0,Eli Lilly,pharma,neutral,Patrick M Gallivan,state_senate
2020-01-21,500.0,New York State Dental Association PAC (NYSDAPAC),industry_association,unknown,Patrick M Gallivan,state_senate
2020-01-23,500.0,Elevance,health_insurer,neutral,Patrick M Gallivan,state_senate
2020-10-26,500.0,Healthcare Association of New York State (HANYS),industry_association,unknown,Patrick M Gallivan,state_senate
2022-04-11,500.0,Contemporary Orthopedics PLLC,hospital_health_system_provider,neutral,Michael R Benedetto,assembly
2022-01-12,500.0,Elevance,health_insurer,neutral,Patrick M Gallivan,state_senate
2023-05-21,500.0,New York State Dental Association PAC (NYSDAPAC),industry_association,unknown,Michael R Benedetto,assembly
2020-10-31,500.0,Merck,pharma,neutral,Dan Quart,assembly
2020-02-12,500.0,Healthcare Association of New York State (HANYS),industry_association,unknown,Patrick M Gallivan,state_senate
2024-10-03,500.0,United Healthcare / UnitedHealth Group (UHC/UHG),health_insurer,neutral,Crystal D Peoples,assembly
2025-04-15,500.0,NY State Psychiatric PAC,industry_association,neutral,Peter Harckham,state_senate
2026-02-02,500.0,NY Radiological Society,industry_association,neutral,Peter Harckham,state_senate
2021-03-29,500.0,PhRMA,pharma,neutral,Crystal D Peoples,assembly
2024-08-01,500.0,Pfizer,pharma,unknown,Crystal D Peoples,assembly
2023-05-25,500.0,Pfizer,pharma,unknown,Crystal D Peoples,assembly
2020-01-21,500.0,Health Now Pac,industry_association,neutral,Patrick M Gallivan,state_senate
2023-10-27,500.0,Pfizer,pharma,unknown,Crystal D Peoples,assembly
2025-06-25,500.0,Quality Dental Care PC,hospital_health_system_provider,neutral,Anil R Beephan Jr,assembly
2021-03-09,500.0,Healthcare Association of New York State (HANYS),industry_association,neutral,Samra Brouk,state_senate
2021-04-13,500.0,Pfizer,pharma,unknown,Crystal D Peoples,assembly
2020-07-11,500.0,Health Now Pac,industry_association,neutral,Patrick M Gallivan,state_senate
2022-08-04,500.0,Health Plan Association (HPA) PAC,industry_association,neutral,Patrick M Gallivan,state_senate
2023-04-17,500.0,Health Care Providers PAC,industry_association,neutral,Samra Brouk,state_senate
2022-03-24,500.0,Health Care Providers PAC,industry_association,neutral,Samra Brouk,state_senate
2021-05-27,500.0,PhRMA,pharma,neutral,Crystal D Peoples,assembly
2020-01-21,500.0,Northwell Health,hospital_health_system_provider,neutral,Patrick M Gallivan,state_senate
2025-05-12,500.0,Pfizer,pharma,unknown,Peter Harckham,state_senate
2025-03-17,500.0,Pharmacists Society of the State of New York,industry_association,neutral,Peter Harckham,state_senate
2024-10-03,500.0,United Healthcare / UnitedHealth Group (UHC/UHG),health_insurer,neutral,Crystal D Peoples,assembly
2025-05-21,500.0,Medical Society of the State of New York,industry_association,neutral,Peter Harckham,state_senate
2020-01-31,500.0,Healthcare Association of New York State (HANYS),industry_association,unknown,Patrick M Gallivan,state_senate
2022-03-05,500.0,Marra Pharmacy Inc,pharmacy,neutral,Michael R Benedetto,assembly
2023-02-28,500.0,Medical Society of the State of New York,industry_association,neutral,Patrick M Gallivan,state_senate
2022-02-16,500.0,American Assoc. of Orthopedic Surgeons,industry_association,neutral,Timothy M Kennedy,state_senate
2021-05-26,500.0,Pfizer,pharma,unknown,Daniel Rosenthal,assembly
2020-10-23,500.0,Chain Pharmacy Association of New York State,industry_association,neutral,Peter Harckham,state_senate
2023-12-05,500.0,New York State Dental Association PAC (NYSDAPAC),industry_association,unknown,Zellnor Myrie,state_senate
2026-07-11,500.0,PENN YAN MEDICAL,hospital_health_system_provider,neutral,Richard C David,state_senate
2026-05-27,500.0,Upstate Health Advocacy Project Politica,industry_association,neutral,Samra Brouk,state_senate
2024-02-15,500.0,Bristol Myers Squibb,pharma,neutral,Zellnor Myrie,state_senate
2020-10-26,500.0,Community Mental Health PAC,industry_association,neutral,Peter Harckham,state_senate
2023-03-25,500.0,Healthcare Association of New York State (HANYS),industry_association,unknown,Samra Brouk,state_senate
2020-02-06,500.0,Leadingage New York Pac,industry_association,neutral,Patrick M Gallivan,state_senate
2022-04-06,500.0,Healthcare Association of New York State (HANYS),industry_association,unknown,Samra Brouk,state_senate
2021-10-13,500.0,New York State Dental Association PAC (NYSDAPAC),industry_association,neutral,Samra Brouk,state_senate
2022-11-21,500.0,Coalition of Asian-American Independent Practice Associations,industry_association,neutral,Catalina Cruz,assembly
2025-05-13,500.0,Pfizer,pharma,unknown,Jeffrey Dinowitz,assembly
2020-10-18,500.0,Ny Physical Therapy Association,industry_association,neutral,Crystal D Peoples,assembly
2021-07-07,500.0,Health Plan Association (HPA) PAC,industry_association,neutral,Daniel Rosenthal,assembly
2026-02-18,500.0,Empire State Assn. of Assisted Living (ESAAL),industry_association,neutral,Peter Harckham,state_senate
2022-05-20,500.0,Pfizer,pharma,unknown,Timothy M Kennedy,state_senate
2022-08-09,500.0,Merck,pharma,neutral,Mark C. Walczyk,state_senate
2020-10-28,500.0,Health Plan Association (HPA) PAC,industry_association,neutral,Daniel Rosenthal,assembly
2020-02-26,500.0,Elevance,health_insurer,neutral,Daniel Rosenthal,assembly
2022-08-23,500.0,United New York Ambulance Network (UNYAN),industry_association,neutral,Mark C. Walczyk,state_senate
2024-02-26,500.0,American Assoc. of Orthopedic Surgeons,industry_association,neutral,Patricia A. Fahy,state_senate
2020-08-14,500.0,Pfizer,pharma,unknown,Daniel J. O'Donnell,assembly
2021-09-15,500.0,Pfizer,pharma,unknown,Daniel J. O'Donnell,assembly
2022-03-24,500.0,United New York Ambulance Network (UNYAN),industry_association,neutral,Mark C. Walczyk,state_senate
2023-05-15,500.0,NY Radiological Society,industry_association,neutral,Samra Brouk,state_senate
2025-02-04,500.0,United New York Ambulance Network (UNYAN),industry_association,neutral,Mark C. Walczyk,state_senate
2025-04-10,500.0,Health Care Providers PAC,industry_association,neutral,Crystal D Peoples,assembly
2022-03-30,500.0,NY State Psychiatric PAC,industry_association,neutral,J. Garry Pretlow,assembly
2021-05-04,500.0,Medical Society of the State of New York,industry_association,neutral,Samra Brouk,state_senate
2022-11-10,500.0,Baxter Healthcare Corporation,medical_device,neutral,John W. Mannion,state_senate
2022-01-04,500.0,Hearing Healthcare Alliance of New York,industry_association,neutral,Peter Harckham,state_senate
2024-06-03,500.0,Healthcare Association of New York State (HANYS),industry_association,unknown,Demond Meeks,assembly
2026-05-27,500.0,New York State Society of Anesthesiologists,industry_association,neutral,Samra Brouk,state_senate
2022-06-08,500.0,Elevance,health_insurer,neutral,Peter Harckham,state_senate
2025-03-04,500.0,Nurse Practitioners Of NY State PAC,industry_association,neutral,Samra Brouk,state_senate
2021-03-23,500.0,Northwell Health,hospital_health_system_provider,neutral,Peter Harckham,state_senate
2020-10-01,500.0,Merck,pharma,neutral,J. Garry Pretlow,assembly
2025-06-02,500.0,Pfizer,pharma,neutral,Toby Ann Stavisky,state_senate
2026-04-22,500.0,Healthcare Association of New York State (HANYS),industry_association,unknown,Demond Meeks,assembly
2020-11-02,500.0,Ny Physical Therapy Association,industry_association,neutral,Peter Harckham,state_senate
2024-04-15,500.0,New York State Dental Association PAC (NYSDAPAC),industry_association,neutral,Demond Meeks,assembly
2026-04-02,500.0,Merck,pharma,neutral,J. Garry Pretlow,assembly
2020-06-26,500.0,NY State Psychiatric PAC,industry_association,neutral,Peter Harckham,state_senate
2024-03-11,500.0,Medical Society of the State of New York,industry_association,neutral,Samra Brouk,state_senate
2023-07-11,500.0,Medical Society of the State of New York,industry_association,neutral,Samra Brouk,state_senate
2024-07-08,500.0,Eli Lilly,pharma,neutral,Demond Meeks,assembly
2025-03-24,500.0,United New York Ambulance Network (UNYAN),industry_association,neutral,Thomas F O'Mara,state_senate
2025-06-19,500.0,Medical Society of the State of New York,industry_association,neutral,Samra Brouk,state_senate
2025-05-02,500.0,Medical Society of the State of New York,industry_association,neutral,Samra Brouk,state_senate
2022-11-14,500.0,NY Assn. of Nurse Anesthetists,industry_association,neutral,David I Weprin,assembly
2020-02-21,500.0,United Healthcare / UnitedHealth Group (UHC/UHG),health_insurer,neutral,Daniel Rosenthal,assembly
2023-04-12,500.0,Pfizer,pharma,unknown,Timothy M Kennedy,state_senate
2022-01-12,500.0,AA Medical PC,hospital_health_system_provider,neutral,David I Weprin,assembly
2021-11-17,500.0,Advanced Cardiovascular Diagnostics PLLC,imaging_diagnostics,neutral,David I Weprin,assembly
2022-01-13,500.0,Northwell Health,hospital_health_system_provider,neutral,Peter Harckham,state_senate
2021-09-21,500.0,Northwell Health,hospital_health_system_provider,neutral,Peter Harckham,state_senate
2024-03-11,500.0,"Parkland Ambulance Service, Inc.",other_healthcare_related,neutral,Patricia A. Fahy,state_senate
2024-02-29,500.0,Healthcare Association of New York State (HANYS),industry_association,unknown,Zellnor Myrie,state_senate
2026-01-13,500.0,New York State Dental Association PAC (NYSDAPAC),industry_association,neutral,Samra Brouk,state_senate
2021-11-15,500.0,Pfizer,pharma,unknown,David I Weprin,assembly
2022-04-14,500.0,Pfizer,pharma,unknown,David I Weprin,assembly
2020-06-25,500.0,Pharmacists Society of the State of New York,industry_association,unknown,David I Weprin,assembly
2026-06-12,500.0,Healthcare Association of New York State (HANYS),industry_association,unknown,Samra Brouk,state_senate
2025-03-11,500.0,Surgeon Pac,industry_association,neutral,Toby Ann Stavisky,state_senate
2026-03-04,500.0,Upstate Health Advocacy Project (UHAP),industry_association,neutral,Toby Ann Stavisky,state_senate
2022-11-28,500.0,Medical Society of the State of New York,industry_association,neutral,Samra Brouk,state_senate
2021-06-04,500.0,United Healthcare / UnitedHealth Group (UHC/UHG),health_insurer,neutral,Daniel Rosenthal,assembly
2024-03-27,500.0,Health Care Providers PAC,industry_association,neutral,Samra Brouk,state_senate
2022-05-18,500.0,New York State Dental Association PAC (NYSDAPAC),industry_association,unknown,Thomas F O'Mara,state_senate
2020-09-24,500.0,New York State Dental Association PAC (NYSDAPAC),industry_association,neutral,Thomas F O'Mara,state_senate
2023-07-05,500.0,New York State Society of Anesthesiologists,industry_association,neutral,Demond Meeks,assembly
2025-11-21,500.0,Bristol Myers Squibb,pharma,neutral,Joseph P. Addabbo Jr.,state_senate
2021-05-25,500.0,New York State Dental Association PAC (NYSDAPAC),industry_association,neutral,Thomas F O'Mara,state_senate
2025-07-09,500.0,NY State Psychiatric PAC,industry_association,neutral,Samra Brouk,state_senate
2026-02-24,500.0,American Assoc. of Orthopedic Surgeons,industry_association,neutral,Toby Ann Stavisky,state_senate
2023-01-25,500.0,Eli Lilly,pharma,neutral,Patrick M Gallivan,state_senate
2024-09-12,500.0,PhRMA,pharma,neutral,Crystal D Peoples,assembly
2023-05-25,500.0,PhRMA,pharma,neutral,Crystal D Peoples,assembly
2022-04-01,500.0,Coalition of Asian-American Independent Practice Associations,industry_association,unknown,Patrick M Gallivan,state_senate
2023-03-08,500.0,Coalition of Asian-American Independent Practice Associations,industry_association,unknown,Patrick M Gallivan,state_senate
2025-03-25,500.0,PhRMA,pharma,neutral,Crystal D Peoples,assembly
2023-02-09,500.0,New York State Society of Anesthesiologists,industry_association,unknown,J. Garry Pretlow,assembly
2020-02-11,500.0,New York State Society of Anesthesiologists,industry_association,unknown,J. Garry Pretlow,assembly
2020-07-06,500.0,Medical Society of the State of New York,industry_association,neutral,Peter Harckham,state_senate
2025-05-30,500.0,New York Emergency Medicine,industry_association,neutral,J. Garry Pretlow,assembly
2022-03-11,500.0,Surgeon Pac,industry_association,neutral,Deborah Glick,assembly
2024-02-02,500.0,New York State Society of Anesthesiologists,industry_association,unknown,J. Garry Pretlow,assembly
2024-02-02,500.0,Bristol Myers Squibb,pharma,neutral,Joseph P. Addabbo Jr.,state_senate
2021-06-10,500.0,NY State Psychiatric PAC,industry_association,neutral,Peter Harckham,state_senate
2022-02-28,500.0,NY State Psychiatric PAC,industry_association,neutral,Peter Harckham,state_senate
2025-03-13,500.0,NYS Society of Plastic Surgeons,industry_association,neutral,Toby Ann Stavisky,state_senate
2025-03-28,500.0,NYS Society for Clinical Social Work,industry_association,neutral,Toby Ann Stavisky,state_senate
2024-06-03,500.0,Pharmacists Society of the State of New York,industry_association,unknown,Demond Meeks,assembly
2024-03-08,500.0,Healthcare Association of New York State (HANYS),industry_association,unknown,Samra Brouk,state_senate
2023-11-27,500.0,Healthcare Association of New York State (HANYS),industry_association,unknown,Samra Brouk,state_senate
2024-05-30,500.0,NY Radiological Society,industry_association,neutral,Lea Webb,state_senate
2026-03-04,500.0,NYS Podiatric Assn.,industry_association,neutral,Toby Ann Stavisky,state_senate
2026-06-08,500.0,Medical Society of the State of New York,industry_association,neutral,Demond Meeks,assembly
2020-02-03,500.0,New York State Society of Anesthesiologists,industry_association,unknown,"James Sanders, Jr.",state_senate
2025-02-26,500.0,New York State Society of Anesthesiologists,industry_association,unknown,"James Sanders, Jr.",state_senate
2021-04-27,500.0,Medical Society of the State of New York,industry_association,neutral,Patrick M Gallivan,state_senate
2022-06-21,500.0,Hearing Healthcare Alliance of New York,industry_association,neutral,Donna A Lupardo,assembly
2020-04-26,500.0,Medical Society of the State of New York,industry_association,neutral,Donna A Lupardo,assembly
2024-04-20,500.0,Health Care Providers PAC,industry_association,neutral,Jeffrey Dinowitz,assembly
2020-02-11,500.0,Leadingage New York Pac,industry_association,neutral,Donna A Lupardo,assembly
2023-06-26,500.0,Hearing Healthcare Alliance of New York,industry_association,neutral,Donna A Lupardo,assembly
2024-08-30,500.0,Hearing Healthcare Alliance of New York,industry_association,neutral,Donna A Lupardo,assembly
2021-11-16,500.0,New York State Dental Association PAC (NYSDAPAC),industry_association,unknown,J. Garry Pretlow,assembly
2024-06-10,500.0,Healthcare Association of New York State (HANYS),industry_association,unknown,Donna A Lupardo,assembly
2020-03-02,500.0,New York State Dental Association PAC (NYSDAPAC),industry_association,unknown,Donna A Lupardo,assembly
2022-05-25,500.0,Healthcare Association of New York State (HANYS),industry_association,unknown,Donna A Lupardo,assembly
2025-05-09,500.0,Healthcare Association of New York State (HANYS),industry_association,unknown,Donna A Lupardo,assembly
2022-11-05,500.0,Healthcare Association of New York State (HANYS),industry_association,unknown,Donna A Lupardo,assembly
2025-11-07,500.0,Healthcare Association of New York State (HANYS),industry_association,unknown,Donna A Lupardo,assembly
2025-05-09,500.0,Empire State Assn. of Assisted Living (ESAAL),industry_association,unknown,Donna A Lupardo,assembly
2024-05-13,500.0,New York State Dental Association PAC (NYSDAPAC),industry_association,unknown,Donna A Lupardo,assembly
2023-06-26,500.0,Medical Society of the State of New York,industry_association,neutral,Donna A Lupardo,assembly
2023-05-24,500.0,Healthcare Association of New York State (HANYS),industry_association,unknown,Donna A Lupardo,assembly
2022-03-25,500.0,Surgeon Pac,industry_association,neutral,Toby Ann Stavisky,state_senate
2020-06-24,500.0,Pfizer,pharma,unknown,Toby Ann Stavisky,state_senate
2026-06-15,500.0,NASSAU COUNTY POLICE MEDICAL ASSOC PAC,industry_association,neutral,Edward P Ra,assembly
2025-02-26,500.0,New York State Society of Anesthesiologists,industry_association,unknown,Edward P Ra,assembly
2023-05-12,500.0,Pfizer,pharma,unknown,Toby Ann Stavisky,state_senate
2024-07-24,500.0,Pfizer,pharma,unknown,Edward P Ra,assembly
2025-04-30,500.0,Pfizer,pharma,unknown,Edward P Ra,assembly
2021-04-26,500.0,Pfizer,pharma,unknown,Toby Ann Stavisky,state_senate
2021-06-30,500.0,New York State Society of Anesthesiologists,industry_association,unknown,Julia Salazar,state_senate
2022-10-12,500.0,Committee for Medical Eye Care,industry_association,neutral,Edward P Ra,assembly
2025-09-15,500.0,Capital District Physicians' Health Plan (CDPHP),health_insurer,neutral,Patricia A. Fahy,state_senate
2021-10-28,500.0,Committee for Medical Eye Care,industry_association,neutral,Edward P Ra,assembly
2024-03-25,500.0,Healthcare Association of New York State (HANYS),industry_association,unknown,Toby Ann Stavisky,state_senate
2026-03-13,500.0,Health Plan Association (HPA) PAC,industry_association,neutral,Edward P Ra,assembly
2023-03-30,500.0,Health Care Providers PAC,industry_association,neutral,Jeffrey Dinowitz,assembly
2024-06-10,500.0,New York State Dental Association PAC (NYSDAPAC),industry_association,unknown,Donna A Lupardo,assembly
2022-06-21,500.0,Medical Society of the State of New York,industry_association,neutral,Donna A Lupardo,assembly
2022-01-19,500.0,Molina Healthcare,health_insurer,neutral,Peter Harckham,state_senate
2022-11-03,500.0,Merck,pharma,neutral,Harry Bronson,assembly
2022-06-07,500.0,New York State Society of Anesthesiologists,industry_association,unknown,Jessica Ramos,state_senate
2022-03-01,500.0,New York State Society of Anesthesiologists,industry_association,unknown,Jessica Ramos,state_senate
2021-11-10,500.0,Healthcare Association of New York State (HANYS),industry_association,unknown,Rachel May,state_senate
2023-06-01,500.0,NY Assn. of Nurse Anesthetists,industry_association,neutral,Jessica Ramos,state_senate
2022-03-08,500.0,Healthcare Association of New York State (HANYS),industry_association,unknown,Rachel May,state_senate
2023-03-30,500.0,New York State Society of Anesthesiologists,industry_association,neutral,Harry Bronson,assembly
2024-10-30,500.0,Merck,pharma,neutral,Harry Bronson,assembly
2020-10-13,500.0,Merck,pharma,neutral,Donna A Lupardo,assembly
2026-03-10,500.0,Merck,pharma,neutral,Harry Bronson,assembly
2025-05-21,500.0,Medical Society of the State of New York,industry_association,neutral,Harry Bronson,assembly
2022-02-09,500.0,New York State Society of Anesthesiologists,industry_association,neutral,Harry Bronson,assembly
2020-03-17,500.0,Leadingage New York Pac,industry_association,neutral,Harry Bronson,assembly
2024-03-15,500.0,Healthcare Association of New York State (HANYS),industry_association,unknown,Joseph P. Addabbo Jr.,state_senate
2020-01-31,500.0,Capital District Physicians' Health Plan (CDPHP),health_insurer,neutral,Neil D Breslin,state_senate
2022-08-15,500.0,Ny Physical Therapy Association,industry_association,neutral,Jessica Ramos,state_senate
2025-06-11,500.0,Medical Society of the State of New York,industry_association,neutral,Jessica Ramos,state_senate
2023-04-24,500.0,NY Radiological Society,industry_association,neutral,Rachel May,state_senate
2023-05-04,500.0,Healthcare Association of New York State (HANYS),industry_association,unknown,Rachel May,state_senate
2024-04-09,500.0,Healthcare Association of New York State (HANYS),industry_association,unknown,Rachel May,state_senate
2023-12-28,500.0,Baxter Healthcare Corporation,medical_device,neutral,Rachel May,state_senate
2020-01-12,500.0,Medical Society of the State of New York,industry_association,neutral,Jessica Ramos,state_senate
2025-04-04,500.0,Ny Physical Therapy Association,industry_association,neutral,Toby Ann Stavisky,state_senate
2020-04-29,500.0,Pfizer,pharma,unknown,Ellen C. Jaffee,assembly
2024-05-30,500.0,New York State Society of Anesthesiologists,industry_association,unknown,Lea Webb,state_senate
2024-06-10,500.0,New York State Society of Anesthesiologists,industry_association,unknown,Donna A Lupardo,assembly
2023-05-24,500.0,New York State Society of Anesthesiologists,industry_association,unknown,Donna A Lupardo,assembly
2025-06-27,500.0,New York State Society of Anesthesiologists,industry_association,unknown,Donna A Lupardo,assembly
2021-07-01,500.0,NYS Optometric Association PAC,industry_association,neutral,Donna A Lupardo,assembly
2023-10-28,500.0,Nurse Practitioners Of NY State PAC,industry_association,neutral,Jeffrey Dinowitz,assembly
2023-05-08,500.0,NYSADA,industry_association,neutral,Donna A Lupardo,assembly
2022-05-02,500.0,New York State Society of Anesthesiologists,industry_association,neutral,Donna A Lupardo,assembly
2024-08-30,500.0,Pfizer,pharma,unknown,Donna A Lupardo,assembly
2026-05-05,500.0,Medical Society of the State of New York,industry_association,neutral,Edward P Ra,assembly
2024-03-12,500.0,New York State Society of Anesthesiologists,industry_association,neutral,Harry Bronson,assembly
2024-03-05,500.0,Pfizer,pharma,unknown,Toby Ann Stavisky,state_senate
2024-01-24,500.0,Healthcare Association of New York State (HANYS),industry_association,unknown,Didi Barrett,assembly
2024-10-18,500.0,Upstate Health Advocacy Project (UHAP),industry_association,neutral,Toby Ann Stavisky,state_senate
2021-04-20,500.0,Pfizer,pharma,unknown,Peter Harckham,state_senate
2022-03-31,500.0,Pfizer,pharma,unknown,Peter Harckham,state_senate
2022-03-08,500.0,Pfizer,pharma,unknown,Peter Harckham,state_senate
2026-06-18,500.0,Coalition of Asian-American Independent Practice Associations,industry_association,unknown,Didi Barrett,assembly
2024-03-05,500.0,American Assoc. of Orthopedic Surgeons,industry_association,neutral,Toby Ann Stavisky,state_senate
2023-11-17,500.0,Pfizer,pharma,unknown,Didi Barrett,assembly
2024-02-27,500.0,New York State Society of Anesthesiologists,industry_association,unknown,Lea Webb,state_senate
2022-07-11,500.0,Pharmacists Society of the State of New York,industry_association,unknown,Peter Harckham,state_senate
2022-11-03,500.0,Pharmacists Society of the State of New York,industry_association,unknown,Peter Harckham,state_senate
2024-10-21,500.0,Johnson & Johnson,pharma,neutral,Toby Ann Stavisky,state_senate
2024-06-13,500.0,NY Radiological Society,industry_association,neutral,Toby Ann Stavisky,state_senate
2024-03-25,500.0,Medical Society of the State of New York,industry_association,neutral,Toby Ann Stavisky,state_senate
2025-06-12,500.0,Healthcare Association of New York State (HANYS),industry_association,unknown,J. Garry Pretlow,assembly
2024-01-25,500.0,Pharmacists Society of the State of New York,industry_association,unknown,Toby Ann Stavisky,state_senate
2020-02-20,500.0,Pharmacists Society of the State of New York,industry_association,unknown,Peter Harckham,state_senate
2022-02-02,500.0,Franklin Primary Care LLC,hospital_health_system_provider,neutral,Edward P Ra,assembly
2022-04-04,500.0,Franklin Primary Care LLC,hospital_health_system_provider,neutral,Edward P Ra,assembly
2022-11-21,500.0,Frankllin Primary Care LLC,hospital_health_system_provider,neutral,Edward P Ra,assembly
2023-05-29,500.0,Pharmacists Society of the State of New York,industry_association,unknown,Edward C Braunstein,assembly
2023-06-20,500.0,Eli Lilly,pharma,neutral,Jessica Ramos,state_senate
2024-06-17,500.0,Eli Lilly,pharma,neutral,Sean Ryan,state_senate
2022-03-01,500.0,New York State Dental Association PAC (NYSDAPAC),industry_association,unknown,Jessica Ramos,state_senate
2024-06-06,500.0,Coalition of Asian-American Independent Practice Associations,industry_association,unknown,Edward C Braunstein,assembly
2023-12-04,500.0,New York State Dental Association PAC (NYSDAPAC),industry_association,unknown,Jessica Ramos,state_senate
2025-05-15,500.0,Medical Society of the State of New York,industry_association,neutral,Patricia A. Fahy,state_senate
2024-05-22,500.0,Elevance,health_insurer,neutral,Edward C Braunstein,assembly
2024-07-12,500.0,Healthcare Association of New York State (HANYS),industry_association,unknown,Jessica Ramos,state_senate
2023-06-30,500.0,Johnson & Johnson,pharma,neutral,Toby Ann Stavisky,state_senate
2023-11-30,500.0,New York State Society of Anesthesiologists,industry_association,neutral,Edward C Braunstein,assembly
2021-07-28,500.0,Pfizer,pharma,unknown,Didi Barrett,assembly
2025-06-25,500.0,Pfizer,pharma,unknown,Didi Barrett,assembly
2021-12-22,500.0,Pharmacists Society of the State of New York,industry_association,unknown,Toby Ann Stavisky,state_senate
2022-12-27,500.0,Merck,pharma,neutral,Richard N Gottfried,assembly
2025-12-15,500.0,Chain Pharmacy Association of New York State,industry_association,neutral,Toby Ann Stavisky,state_senate
2020-02-27,500.0,Upstate Health Advocacy Project (UHAP),industry_association,neutral,Richard N Gottfried,assembly
2020-07-17,500.0,NY State Psychiatric PAC,industry_association,neutral,Richard N Gottfried,assembly
2024-04-04,500.0,Pfizer,pharma,unknown,Jeffrey Dinowitz,assembly
2026-03-04,500.0,Greater New York Nursing Home Association,industry_association,neutral,Toby Ann Stavisky,state_senate
2020-02-27,500.0,NY Assn. of Nurse Anesthetists,industry_association,neutral,Richard N Gottfried,assembly
2020-10-10,500.0,Merck,pharma,neutral,Richard N Gottfried,assembly
2024-04-15,500.0,Pfizer,pharma,unknown,Didi Barrett,assembly
2026-04-02,500.0,Healthcare Association of New York State (HANYS),industry_association,unknown,J. Garry Pretlow,assembly
2024-01-09,500.0,AbbVie,pharma,neutral,Gustavo Rivera,state_senate
2022-02-22,500.0,Eli Lilly,pharma,neutral,Edward P Ra,assembly
2024-10-08,500.0,High Horizon Medical PC,hospital_health_system_provider,neutral,Edward P Ra,assembly
2022-09-28,500.0,Pfizer,pharma,unknown,Toby Ann Stavisky,state_senate
2025-03-03,500.0,Healthcare Association of New York State (HANYS),industry_association,unknown,Edward P Ra,assembly
2020-02-27,500.0,United New York Ambulance Network (UNYAN),industry_association,neutral,Richard N Gottfried,assembly
2020-07-17,500.0,Medical Society of the State of New York,industry_association,neutral,Richard N Gottfried,assembly
2025-06-24,500.0,Healthcare Association of New York State (HANYS),industry_association,neutral,Toby Ann Stavisky,state_senate
2022-08-11,500.0,Baxter Healthcare Corporation,medical_device,neutral,Richard N Gottfried,assembly
2024-09-24,500.0,Pharmacists Society of the State of New York,industry_association,unknown,Jeffrey Dinowitz,assembly
2020-02-27,500.0,"CCLC Solutions, Inc.",industry_association,neutral,Richard N Gottfried,assembly
2021-04-27,500.0,New York State Society of Anesthesiologists,industry_association,unknown,Peter Harckham,state_senate
2022-05-22,500.0,New York State Dental Association PAC (NYSDAPAC),industry_association,neutral,Peter Harckham,state_senate
2020-02-14,500.0,Mount Sinai Health System,hospital_health_system_provider,neutral,Richard N Gottfried,assembly
2026-06-22,500.0,Medical Society of the State of New York,industry_association,neutral,Toby Ann Stavisky,state_senate
2026-01-30,500.0,Medical Society of the State of New York,industry_association,neutral,Toby Ann Stavisky,state_senate
2025-06-24,500.0,Johnson & Johnson,pharma,neutral,Toby Ann Stavisky,state_senate
2026-06-22,500.0,Johnson & Johnson,pharma,neutral,Toby Ann Stavisky,state_senate
2025-02-28,500.0,Medical Society of the State of New York,industry_association,neutral,Toby Ann Stavisky,state_senate
2020-06-22,500.0,Pfizer,pharma,unknown,Peter Harckham,state_senate
2024-08-22,500.0,NYS Optometric Association PAC,industry_association,neutral,Toby Ann Stavisky,state_senate
2024-10-21,500.0,NYS Podiatric Assn.,industry_association,neutral,Toby Ann Stavisky,state_senate
2022-04-27,500.0,Chain Pharmacy Association of New York State,industry_association,neutral,Neil D Breslin,state_senate
2024-04-08,500.0,AbbVie,pharma,neutral,Neil D Breslin,state_senate
2020-08-17,500.0,Eli Lilly,pharma,neutral,John W. Mannion,state_senate
2023-04-21,500.0,New York State Dental Association PAC (NYSDAPAC),industry_association,unknown,Neil D Breslin,state_senate
2021-04-04,500.0,Healthcare Association of New York State (HANYS),industry_association,unknown,Harry Bronson,assembly
2020-10-23,500.0,Medical Society of the State of New York,industry_association,neutral,Neil D Breslin,state_senate
2026-03-23,500.0,Empire State Assn. of Assisted Living (ESAAL),industry_association,unknown,Joseph P. Addabbo Jr.,state_senate
2026-03-23,500.0,Healthcare Association of New York State (HANYS),industry_association,unknown,Harry Bronson,assembly
2024-08-15,500.0,New York State Dental Association PAC (NYSDAPAC),industry_association,unknown,Joseph P. Addabbo Jr.,state_senate
2020-10-26,500.0,Eli Lilly,pharma,neutral,Neil D Breslin,state_senate
2025-09-15,500.0,Nurse Practitioners Of NY State PAC,industry_association,neutral,Patricia A. Fahy,state_senate
2022-05-13,500.0,NY State Psychiatric PAC,industry_association,neutral,Neil D Breslin,state_senate
2023-03-17,500.0,Pharmacy PAC,industry_association,neutral,Lea Webb,state_senate
2020-03-12,500.0,Elevance,health_insurer,neutral,Neil D Breslin,state_senate
2023-10-23,500.0,Greater New York Nursing Home Association,industry_association,neutral,Joseph P. Addabbo Jr.,state_senate
2021-03-03,500.0,Healthcare Association of New York State (HANYS),industry_association,unknown,Neil D Breslin,state_senate
2024-02-07,500.0,Greater New York Nursing Home Association,industry_association,neutral,Joseph P. Addabbo Jr.,state_senate
2022-03-07,500.0,New York State Dental Association PAC (NYSDAPAC),industry_association,unknown,Harry Bronson,assembly
2025-03-14,500.0,Healthcare Association of New York State (HANYS),industry_association,unknown,Harry Bronson,assembly
2025-05-23,500.0,Greater New York Nursing Home Association,industry_association,neutral,Joseph P. Addabbo Jr.,state_senate
2024-03-22,500.0,Healthcare Association of New York State (HANYS),industry_association,unknown,Harry Bronson,assembly
2023-05-22,500.0,Medical Society of the State of New York,industry_association,neutral,Neil D Breslin,state_senate
2023-05-09,500.0,Hearing Healthcare Alliance of New York,industry_association,neutral,Harry Bronson,assembly
2020-03-03,500.0,Hearing Healthcare Alliance of New York,industry_association,neutral,Harry Bronson,assembly
2022-03-08,500.0,Healthcare Association of New York State (HANYS),industry_association,unknown,Harry Bronson,assembly
2024-02-15,500.0,Coalition of Asian-American Independent Practice Associations,industry_association,unknown,Jack M. Martins,state_senate
2023-07-12,500.0,Pfizer,pharma,neutral,Erik Martin Dilan,assembly
2024-08-12,500.0,Pfizer,pharma,neutral,Erik Martin Dilan,assembly
2024-04-02,500.0,Pharmacy PAC of New York State,industry_association,neutral,Erik Martin Dilan,assembly
2026-04-20,500.0,Coalition of Asian-American Independent Practice Associations,industry_association,unknown,Robert G Rolison,state_senate
2022-10-17,500.0,New York State Dental Association PAC (NYSDAPAC),industry_association,neutral,Jacob Christopher Ashby,assembly
2024-02-26,500.0,Greater New York Hospital Association (GNYHA),industry_association,neutral,Erik Martin Dilan,assembly
2026-06-20,500.0,Healthcare Association of New York State (HANYS),industry_association,unknown,Erik Martin Dilan,assembly
2025-03-22,500.0,Healthcare Association of New York State (HANYS),industry_association,unknown,Erik Martin Dilan,assembly
2026-03-06,500.0,Healthcare Association of New York State (HANYS),industry_association,unknown,Erik Martin Dilan,assembly
2024-03-12,500.0,New York State Dental Association PAC (NYSDAPAC),industry_association,unknown,Harry Bronson,assembly
2025-03-12,500.0,Nurse Practitioners Of NY State PAC,industry_association,neutral,Patricia A. Fahy,state_senate
2026-04-07,500.0,Healthcare Association of New York State (HANYS),industry_association,unknown,Erik Martin Dilan,assembly
2025-06-02,500.0,Greater New York Nursing Home Association,industry_association,neutral,Toby Ann Stavisky,state_senate
2020-02-21,500.0,Ny Physical Therapy Association,industry_association,neutral,Neil D Breslin,state_senate
2020-09-25,500.0,NY State Psychiatric PAC,industry_association,neutral,Neil D Breslin,state_senate
2020-02-25,500.0,New York State Society of Anesthesiologists,industry_association,unknown,Neil D Breslin,state_senate
2020-02-26,500.0,Chain Pharmacy Association of New York State,industry_association,neutral,Harry Bronson,assembly
2021-02-22,500.0,New York State Society of Anesthesiologists,industry_association,unknown,Neil D Breslin,state_senate
2023-07-10,500.0,New York State Dental Association PAC (NYSDAPAC),industry_association,unknown,Samra Brouk,state_senate
2026-06-22,500.0,Ny Physical Therapy Association,industry_association,neutral,Toby Ann Stavisky,state_senate
2022-05-18,500.0,Medical Society of the State of New York,industry_association,neutral,"Peter J Abbate, Jr.",assembly
2020-09-28,500.0,Pfizer,pharma,unknown,J. Garry Pretlow,assembly
2023-04-18,500.0,Upstate Health Advocacy Project (UHAP),industry_association,neutral,Carrie Woerner,assembly
2022-10-03,500.0,Pfizer,pharma,unknown,Carrie Woerner,assembly
2023-04-11,500.0,Pfizer,pharma,unknown,Peter Harckham,state_senate
2024-04-04,500.0,Pfizer,pharma,unknown,Peter Harckham,state_senate
2024-10-15,500.0,New York State Society of Anesthesiologists,industry_association,unknown,Peter Harckham,state_senate
2020-03-10,500.0,Molina Healthcare,health_insurer,neutral,Neil D Breslin,state_senate
2021-12-07,500.0,Molina Healthcare,health_insurer,neutral,Neil D Breslin,state_senate
2023-02-23,500.0,Eli Lilly,pharma,neutral,Harry Bronson,assembly
2023-05-12,500.0,Ny Physical Therapy Association,industry_association,neutral,Neil D Breslin,state_senate
2020-10-14,500.0,NYS Occupational Therapy Assn. PAC,industry_association,neutral,Neil D Breslin,state_senate
2021-03-29,500.0,Pfizer,pharma,unknown,Neil D Breslin,state_senate
2023-07-03,500.0,Boston Pediatric LLC,hospital_health_system_provider,neutral,George Alvarez,assembly
2020-04-29,500.0,Pfizer,pharma,unknown,Neil D Breslin,state_senate
2023-04-25,500.0,American Assoc. of Orthopedic Surgeons,industry_association,neutral,Neil D Breslin,state_senate
2023-04-20,500.0,New York State Assoc. of Healthcare Providers (NYSHCP),industry_association,neutral,Neil D Breslin,state_senate
2020-03-02,500.0,NY Radiological Society,industry_association,neutral,Neil D Breslin,state_senate
2024-10-10,500.0,Eli Lilly,pharma,neutral,Harry Bronson,assembly
2024-03-07,500.0,New York State Dental Association PAC (NYSDAPAC),industry_association,unknown,Joseph P. Addabbo Jr.,state_senate
2020-07-25,500.0,Medical Society of the State of New York,industry_association,neutral,"Peter J Abbate, Jr.",assembly
2025-06-23,500.0,New York Emergency Medicine,industry_association,neutral,Patricia A. Fahy,state_senate
2021-09-08,500.0,NY State Psychiatric PAC,industry_association,neutral,Neil D Breslin,state_senate
2023-05-17,500.0,NY State Psychiatric PAC,industry_association,neutral,Neil D Breslin,state_senate
2022-08-25,500.0,Chain Pharmacy Association of New York State,industry_association,neutral,Toby Ann Stavisky,state_senate
2021-11-30,500.0,Chain Pharmacy Association of New York State,industry_association,neutral,Toby Ann Stavisky,state_senate
2024-04-08,500.0,Elevance,health_insurer,neutral,Alex William Bores,assembly
2026-03-06,500.0,NY Radiological Society,industry_association,neutral,Patricia A. Fahy,state_senate
2025-04-02,500.0,Pharmacists Society of the State of New York,industry_association,neutral,Patricia A. Fahy,state_senate
2025-06-06,500.0,New York State Assoc. of Healthcare Providers (NYSHCP),industry_association,neutral,Patricia A. Fahy,state_senate
2024-08-08,500.0,District Council 37 (DC37),union,blocker,Jaime R. Williams,assembly
2025-03-20,500.0,District Council 37 (DC37),union,blocker,Jaime R. Williams,assembly
2025-04-02,500.0,NY State Psychiatric PAC,industry_association,neutral,Patricia A. Fahy,state_senate
2022-05-05,500.0,Pfizer,pharma,neutral,"Peter J Abbate, Jr.",assembly
2020-06-20,500.0,Pfizer,pharma,neutral,"Peter J Abbate, Jr.",assembly
2025-03-28,500.0,NY Assn. of Nurse Anesthetists,industry_association,neutral,Jessica Ramos,state_senate
2025-05-30,500.0,NY Radiological Society,industry_association,neutral,Patricia A. Fahy,state_senate
2025-03-27,500.0,NY State Psychiatric PAC,industry_association,neutral,Joseph P. Addabbo Jr.,state_senate
2022-03-11,500.0,New York City Hospitality PAC,industry_association,neutral,Jaime R. Williams,assembly
2022-03-25,500.0,New York State Society of Anesthesiologists,industry_association,neutral,Peter Oberacker,state_senate
2021-06-25,500.0,NYC HOSPITALITY PAC,industry_association,neutral,Jessica Ramos,state_senate
2025-03-10,500.0,Healthcare Association of New York State (HANYS),industry_association,unknown,Joseph P. Addabbo Jr.,state_senate
2024-07-25,500.0,NY State Psychiatric PAC,industry_association,neutral,Joseph P. Addabbo Jr.,state_senate
2025-07-29,500.0,Committee for Medical Eyecare PAC,industry_association,neutral,Alex William Bores,assembly
2023-05-24,500.0,NY Assn. of Nurse Anesthetists,industry_association,neutral,Helene E. Weinstein,assembly
2025-05-15,500.0,Pfizer,pharma,neutral,Patricia A. Fahy,state_senate
2020-10-16,500.0,Pfizer,pharma,unknown,Helene E. Weinstein,assembly
2021-10-28,500.0,Pfizer,pharma,unknown,Helene E. Weinstein,assembly
2026-05-15,500.0,Medical Society of the State of New York,industry_association,neutral,Joseph P. Addabbo Jr.,state_senate
2024-09-04,500.0,Pfizer,pharma,unknown,Jessica Ramos,state_senate
2021-08-15,500.0,Pfizer,pharma,neutral,"Peter J Abbate, Jr.",assembly
2023-03-03,500.0,NY Radiological Society,industry_association,neutral,Lea Webb,state_senate
2020-02-25,500.0,New York State Society of Anesthesiologists,industry_association,unknown,Harry Bronson,assembly
2024-10-04,500.0,New York State Society of Anesthesiologists,industry_association,unknown,Harry Bronson,assembly
2026-03-23,500.0,New York State Society of Anesthesiologists,industry_association,unknown,Harry Bronson,assembly
2020-06-11,500.0,AbbVie,pharma,neutral,Neil D Breslin,state_senate
2024-05-15,500.0,Health Plan Association (HPA) PAC,industry_association,neutral,Alex William Bores,assembly
2026-02-12,500.0,Healthcare Association of New York State (HANYS),industry_association,unknown,Rachel May,state_senate
2025-05-29,500.0,Healthcare Association of New York State (HANYS),industry_association,neutral,Rachel May,state_senate
2026-02-27,500.0,New York State Society of Anesthesiologists,industry_association,unknown,Joseph P. Addabbo Jr.,state_senate
2023-09-28,500.0,New York State Society of Anesthesiologists,industry_association,unknown,Joseph P. Addabbo Jr.,state_senate
2025-11-07,500.0,VSP Vision Care,other_healthcare_related,neutral,Erik Martin Dilan,assembly
2021-03-29,500.0,PhRMA,pharma,neutral,Neil D Breslin,state_senate
2020-03-09,500.0,United Healthcare / UnitedHealth Group (UHC/UHG),health_insurer,neutral,Neil D Breslin,state_senate
2020-02-11,500.0,United New York Ambulance Network (UNYAN),industry_association,neutral,Neil D Breslin,state_senate
2020-06-15,500.0,NY Radiological Society,industry_association,neutral,Felix W Ortiz,assembly
2026-04-27,500.0,Healthcare Association of New York State (HANYS),industry_association,neutral,Gabriella A. Romero,assembly
2023-06-22,500.0,Pfizer,pharma,unknown,Neil D Breslin,state_senate
2021-03-02,500.0,Pharmacists Society of the State of New York,industry_association,unknown,Neil D Breslin,state_senate
2022-03-31,500.0,PhRMA,pharma,neutral,Neil D Breslin,state_senate
2025-06-03,500.0,Healthcare Association of New York State (HANYS),industry_association,unknown,Alex William Bores,assembly
2023-09-05,500.0,PhRMA,pharma,neutral,Neil D Breslin,state_senate
2020-06-18,500.0,Local Union No. 7 Of N.Y And N.J PAC Fund,pharma,neutral,Felix W Ortiz,assembly
2020-11-02,500.0,Health Plan Association (HPA) PAC,industry_association,neutral,Jacob Christopher Ashby,assembly
2025-08-11,500.0,BARTLE'S PHARMACY INC,pharmacy,neutral,Joseph G. Angelino,assembly
2024-01-11,500.0,Merck,pharma,neutral,Erik Martin Dilan,assembly
2026-03-27,500.0,Merck,pharma,neutral,Erik Martin Dilan,assembly
2021-02-19,500.0,Upstate Health Advocacy Project (UHAP),industry_association,neutral,Neil D Breslin,state_senate
2020-01-28,500.0,Upstate Health Advocacy Project (UHAP),industry_association,neutral,Neil D Breslin,state_senate
2020-01-31,500.0,Eli Lilly,pharma,neutral,Nathalia Fernandez,assembly
2024-04-08,500.0,PhRMA,pharma,neutral,Neil D Breslin,state_senate
2022-03-01,500.0,Surgeon Pac,industry_association,neutral,Neil D Breslin,state_senate
2021-12-14,500.0,Molina Healthcare,health_insurer,neutral,Nathalia Fernandez,assembly
2020-01-31,500.0,New York State Dental Association PAC (NYSDAPAC),industry_association,unknown,Nathalia Fernandez,assembly
2023-07-26,500.0,CVS Health / Aetna,health_insurer,neutral,Neil D Breslin,state_senate
2024-08-05,500.0,PhRMA,pharma,neutral,Joseph P. Addabbo Jr.,state_senate
2024-03-28,500.0,Pharmacists Society of the State of New York,industry_association,unknown,Joseph P. Addabbo Jr.,state_senate
2024-06-06,500.0,Pfizer,pharma,unknown,Joseph P. Addabbo Jr.,state_senate
2025-04-30,500.0,Pfizer,pharma,unknown,Joseph P. Addabbo Jr.,state_senate
2025-07-08,500.0,NY State Psychiatric PAC,industry_association,neutral,Patricia A. Fahy,state_senate
2023-03-12,500.0,Molina Healthcare,health_insurer,neutral,Lea Webb,state_senate
2023-05-22,500.0,Medical Society of the State of New York,industry_association,neutral,Lea Webb,state_senate
2024-04-02,500.0,NY Assn. of Nurse Anesthetists,industry_association,neutral,Jessica Ramos,state_senate
2025-01-21,500.0,Healthcare Association of New York State (HANYS),industry_association,unknown,Alex William Bores,assembly
2021-05-05,500.0,Medical Society of the State of New York,industry_association,neutral,Todd Kaminsky,state_senate
2022-10-27,500.0,Healthcare Association of New York State (HANYS),industry_association,unknown,Patricia A. Fahy,assembly
2022-05-01,500.0,NY State Psychiatric PAC,industry_association,neutral,Thomas J Abinanti,assembly
2025-01-29,500.0,Upstate Health Advocacy Project (UHAP),industry_association,neutral,Christopher J. Ryan,state_senate
2022-03-23,500.0,Pfizer,pharma,unknown,Kevin S Parker,state_senate
2022-03-08,500.0,Pharmacists Society of the State of New York,industry_association,unknown,Kevin S Parker,state_senate
2021-05-17,500.0,Health Plan Association (HPA) PAC,industry_association,neutral,Kevin M. Byrne,assembly
2020-11-09,500.0,Health Plan Association (HPA) PAC,industry_association,neutral,Kevin M. Byrne,assembly
2021-05-27,500.0,Healthcare Association of New York State (HANYS),industry_association,unknown,Kevin M. Byrne,assembly
2022-03-06,500.0,Bronx Center for Rehabilitation and Heal,post_acute_long_term_care,neutral,Kathleen C. Hochul,governor
2022-03-06,500.0,Rochester Center for Rehabilitation and,post_acute_long_term_care,neutral,Kathleen C. Hochul,governor
2020-07-06,500.0,Pfizer,pharma,unknown,Kevin S Parker,state_senate
2022-01-10,500.0,Northwell Health,hospital_health_system_provider,neutral,Kevin Thomas,state_senate
2024-02-26,500.0,New York State Dental Association PAC (NYSDAPAC),industry_association,unknown,Tony Simone,assembly
2020-11-23,500.0,Health Plan Association (HPA) PAC,industry_association,neutral,John T. Mcdonald III,assembly
2022-03-06,500.0,Richmond Center for Rehabilitation and S,post_acute_long_term_care,neutral,Kathleen C. Hochul,governor
2022-06-03,500.0,Health Plan Association (HPA) PAC,industry_association,neutral,John T. Mcdonald III,assembly
2020-01-22,500.0,Northwell Health,hospital_health_system_provider,neutral,John Brooks,assembly
2023-05-01,500.0,Pfizer,pharma,unknown,Kevin S Parker,state_senate
2020-09-28,500.0,Merck,pharma,neutral,Kevin M. Byrne,assembly
2022-01-10,500.0,Merck,pharma,neutral,Harvey Epstein,assembly
2022-01-07,500.0,New York State Society of Anesthesiologists,industry_association,neutral,John Brooks,assembly
2020-09-16,500.0,Johnson & Johnson,pharma,neutral,Michael Gianaris,state_senate
2021-11-15,500.0,Health Care Providers PAC,industry_association,neutral,Michael Gianaris,state_senate
2020-06-26,500.0,Takeda Pharmaceuticals,pharma,neutral,John T. Mcdonald III,assembly
2023-04-30,500.0,Saar Pharmacy Inc.,pharmacy,neutral,John T. Mcdonald III,assembly
2022-10-17,500.0,Island Medical & Psychiatric P C,hospital_health_system_provider,neutral,Kathleen C. Hochul,governor
2023-03-22,500.0,Sun Medical Care PC,hospital_health_system_provider,neutral,John T. Mcdonald III,assembly
2024-04-15,500.0,Empire State Assn. of Assisted Living (ESAAL),industry_association,unknown,John T. Mcdonald III,assembly
2025-04-03,500.0,Empire State Assn. of Assisted Living (ESAAL),industry_association,unknown,John T. Mcdonald III,assembly
2022-06-03,500.0,Centene,health_insurer,neutral,John T. Mcdonald III,assembly
2025-05-28,500.0,Elevance,health_insurer,neutral,Tony Simone,assembly
2023-04-25,500.0,Baxter Healthcare Corporation,medical_device,neutral,Kevin Thomas,state_senate
2022-10-19,500.0,Baxter Healthcare Corporation,medical_device,neutral,Kevin Thomas,state_senate
2023-04-10,500.0,New York State Society of Anesthesiologists,industry_association,neutral,Kenneth Burgos,assembly
2020-02-03,500.0,Healthcare Association of New York State (HANYS),industry_association,unknown,Kevin Thomas,state_senate
2020-02-03,500.0,Elevance,health_insurer,neutral,Kevin Thomas,state_senate
2026-03-02,500.0,NY Assn. of Nurse Anesthetists,industry_association,neutral,Rebecca  Kassay,assembly
2025-09-24,500.0,NY Assn. of Nurse Anesthetists,industry_association,neutral,Rebecca  Kassay,assembly
2024-05-28,500.0,CVS Health / Aetna,health_insurer,neutral,John T. Mcdonald III,assembly
2020-01-17,500.0,Merck,pharma,neutral,Kevin Cahill,assembly
2022-06-02,500.0,Medical Society of the State of New York,industry_association,neutral,Kevin Cahill,assembly
2024-11-12,500.0,Surgeon Pac,industry_association,neutral,Kathleen C. Hochul,governor
2025-03-12,500.0,New York State Society of Anesthesiologists,industry_association,unknown,Cordell Cleare,state_senate
2022-03-21,500.0,Surgeon Pac,industry_association,neutral,Kevin Cahill,assembly
2025-05-02,500.0,CVS Health / Aetna,health_insurer,neutral,John T. Mcdonald III,assembly
2020-07-23,500.0,Pfizer,pharma,unknown,Kevin Cahill,assembly
2022-03-06,500.0,Brooklyn Center for Rehabilitation and R,post_acute_long_term_care,neutral,Kathleen C. Hochul,governor
2021-07-15,500.0,Pfizer,pharma,unknown,Kevin Cahill,assembly
2023-10-10,500.0,CVS Health / Aetna,health_insurer,neutral,John T. Mcdonald III,assembly
2026-06-04,500.0,CVS Health / Aetna,health_insurer,neutral,John T. Mcdonald III,assembly
2022-03-21,500.0,Marra'S Pharmacy Inc.,pharmacy,neutral,Kevin Cahill,assembly
2021-10-30,500.0,Elevance,health_insurer,neutral,John T. Mcdonald III,assembly
2025-04-15,500.0,Coalition of Asian-American Independent Practice Associations,industry_association,unknown,William J Weber Jr.,state_senate
2022-02-22,500.0,Molina Healthcare,health_insurer,neutral,Kevin Cahill,assembly
2021-01-08,500.0,Molina Healthcare,health_insurer,neutral,Kevin Cahill,assembly
2023-03-14,500.0,Eli Lilly,pharma,neutral,Kenneth P. Zebrowski,assembly
2024-05-02,500.0,New York State Society of Anesthesiologists,industry_association,unknown,Nily D Rozic,assembly
2020-10-19,500.0,NYS Optometric Association PAC,industry_association,neutral,Kevin Cahill,assembly
2020-11-02,500.0,Nursing Home PAC,post_acute_long_term_care,unknown,Kevin S Parker,state_senate
2020-11-23,500.0,Health Now Pac,industry_association,neutral,John T. Mcdonald III,assembly
2023-03-30,500.0,Healthcare Association of New York State (HANYS),industry_association,unknown,John T. Mcdonald III,assembly
2024-03-27,500.0,Healthcare Association of New York State (HANYS),industry_association,unknown,John T. Mcdonald III,assembly
2022-03-06,500.0,Schenectady Center for Rehabilitation an,post_acute_long_term_care,neutral,Kathleen C. Hochul,governor
2025-04-04,500.0,Healthcare Association of New York State (HANYS),industry_association,unknown,John T. Mcdonald III,assembly
2022-01-13,500.0,Northwell Health,hospital_health_system_provider,neutral,John Brooks,assembly
2026-04-07,500.0,Healthcare Association of New York State (HANYS),industry_association,unknown,John T. Mcdonald III,assembly
2025-05-14,500.0,Pfizer,pharma,unknown,Kenneth Blankenbush,assembly
2024-08-02,500.0,Pfizer,pharma,unknown,Kenneth Blankenbush,assembly
2022-03-06,500.0,Buffalo Center for Rehabilitation and Nu,post_acute_long_term_care,neutral,Kathleen C. Hochul,governor
2020-07-08,500.0,Northwell Health,hospital_health_system_provider,neutral,John Brooks,assembly
2022-10-07,500.0,Upstate Health Advocacy Project (UHAP),industry_association,neutral,John T. Mcdonald III,assembly
2023-06-07,500.0,Health Care Providers PAC,industry_association,neutral,David I Weprin,assembly
2024-08-14,500.0,Independent Health Association,health_insurer,neutral,Kathleen C. Hochul,governor
2021-04-27,500.0,Medical Society of the State of New York,industry_association,neutral,Michael Gianaris,state_senate
2023-06-07,500.0,NY Assn. of Nurse Anesthetists,industry_association,neutral,David I Weprin,assembly
2025-03-24,500.0,New York State Society of Anesthesiologists,industry_association,unknown,Jonathan D. Rivera,assembly
2024-06-14,500.0,Medical Society of the State of New York,industry_association,neutral,David I Weprin,assembly
2024-02-01,500.0,Medical Society of the State of New York,industry_association,neutral,David I Weprin,assembly
2023-06-07,500.0,Medical Society of the State of New York,industry_association,neutral,David I Weprin,assembly
2023-03-10,500.0,Upstate Health Advocacy Project (UHAP),industry_association,neutral,John T. Mcdonald III,assembly
2026-06-16,500.0,New York State Society of Anesthesiologists,industry_association,unknown,Kwani B. O'Pharrow,assembly
2023-02-27,500.0,United New York Ambulance Network (UNYAN),industry_association,neutral,David I Weprin,assembly
2022-03-06,500.0,Holliswood Center for Rehabilitation and,post_acute_long_term_care,neutral,Kathleen C. Hochul,governor
2020-06-24,500.0,Greater New York Nursing Home Association,industry_association,neutral,Jonathan D. Rivera,assembly
2024-07-19,500.0,Pfizer,pharma,unknown,David I Weprin,assembly
2022-11-22,500.0,Baxter Healthcare Corporation,medical_device,neutral,John Lemondes,assembly
2020-11-25,500.0,Baxter Healthcare Corporation,medical_device,neutral,Michael G Dendekker,assembly
2024-06-15,500.0,Baxter Healthcare Corporation,medical_device,neutral,John Lemondes,assembly
2026-02-28,500.0,Healthcare Association of New York State (HANYS),industry_association,unknown,Christopher J. Ryan,state_senate
2024-03-01,500.0,New York Emergency Medicine,industry_association,neutral,David I Weprin,assembly
2023-06-23,500.0,MSSNY,industry_association,neutral,Michael Gianaris,state_senate
2022-06-09,500.0,MSSNY,industry_association,neutral,Michael Gianaris,state_senate
2022-03-06,500.0,Granville Center for Rehabilitation and,post_acute_long_term_care,neutral,Kathleen C. Hochul,governor
2020-11-12,500.0,Molina Healthcare,health_insurer,neutral,Michael Gianaris,state_senate
2022-03-06,500.0,Glen Falls Center for Rehabilitation and,post_acute_long_term_care,neutral,Kathleen C. Hochul,governor
2022-01-27,500.0,NY State Psychiatric PAC,industry_association,neutral,John Brooks,assembly
2020-06-01,500.0,NY State Psychiatric PAC,industry_association,neutral,John Brooks,assembly
2025-05-15,500.0,Pfizer,pharma,unknown,Jordan J G Wright,assembly
2026-05-06,500.0,Elevance,health_insurer,neutral,Tony Simone,assembly
2024-03-25,500.0,Pfizer,pharma,unknown,Michael Gianaris,state_senate
2022-09-20,500.0,Pfizer,pharma,unknown,Karen M. Mcmahon,assembly
2022-03-06,500.0,Delmar Center for Rehabilitation and Nursing,post_acute_long_term_care,neutral,Kathleen C. Hochul,governor
2026-03-30,500.0,Merck,pharma,neutral,Tony Simone,assembly
2023-06-23,500.0,American Assoc. of Orthopedic Surgeons,industry_association,neutral,Michael Gianaris,state_senate
2026-03-20,500.0,NY Assn. of Nurse Anesthetists,industry_association,neutral,Karen M. Mcmahon,assembly
2024-10-28,500.0,Pharmacists Society of the State of New York,industry_association,unknown,David I Weprin,assembly
2023-11-27,500.0,Healthcare Association of New York State (HANYS),industry_association,unknown,Kathleen C. Hochul,governor
2021-08-18,500.0,Independent Health Association,health_insurer,neutral,Kathleen C. Hochul,governor
2022-09-30,500.0,Pfizer,pharma,unknown,Judy A. Griffin,assembly
2022-07-02,500.0,Healthcare Association of New York State (HANYS),industry_association,unknown,Judy A. Griffin,assembly
2020-03-01,500.0,New York State Dental Association PAC (NYSDAPAC),industry_association,neutral,Judy A. Griffin,assembly
2020-10-06,500.0,Eli Lilly,pharma,neutral,Judy A. Griffin,assembly
2022-04-22,500.0,PhRMA,pharma,neutral,John T. Mcdonald III,assembly
2021-10-06,500.0,Pharmacists Society of the State of New York,industry_association,unknown,Judy A. Griffin,assembly
2021-08-13,500.0,Pfizer,pharma,unknown,Judy A. Griffin,assembly
2021-05-10,500.0,NYS Optometric Association PAC,industry_association,neutral,Judy A. Griffin,assembly
2022-09-22,500.0,Gupta Psychiatry,hospital_health_system_provider,unknown,Kathleen C. Hochul,governor
2026-07-08,500.0,"KPH Healthcare Services, Inc",hospital_health_system_provider,neutral,Christopher J. Ryan,state_senate
2022-03-06,500.0,Ellicott Center for Rehabilitation and N,post_acute_long_term_care,neutral,Kathleen C. Hochul,governor
2022-03-25,500.0,New York State Society of Anesthesiologists,industry_association,neutral,Judy A. Griffin,assembly
2020-09-28,500.0,Merck,pharma,neutral,Judy A. Griffin,assembly
2023-06-21,500.0,Health Plan Association (HPA) PAC,industry_association,neutral,Michael Gianaris,state_senate
2024-02-21,500.0,Greater New York Nursing Home Association,industry_association,neutral,David I Weprin,assembly
2024-07-31,500.0,PhRMA,pharma,neutral,John T. Mcdonald III,assembly
2022-12-21,500.0,Bristol Myers Squibb,pharma,neutral,Michael Gianaris,state_senate
2025-04-03,500.0,PhRMA,pharma,neutral,John T. Mcdonald III,assembly
2024-03-08,500.0,AbbVie,pharma,neutral,Michael Gianaris,state_senate
2021-04-15,500.0,PhRMA,pharma,neutral,John T. Mcdonald III,assembly
2020-06-11,500.0,AbbVie,pharma,neutral,Michael Gianaris,state_senate
2025-02-19,500.0,Johnson & Johnson,pharma,neutral,Michael Gianaris,state_senate
2022-03-06,500.0,Far Rockaway Center for Rehabilitation a,post_acute_long_term_care,neutral,Kathleen C. Hochul,governor
2025-08-28,500.0,Baxter Healthcare Corporation,medical_device,neutral,John Lemondes,assembly
2025-06-16,500.0,Healthcare Association of New York State (HANYS),industry_association,unknown,Christopher J. Ryan,state_senate
2025-10-04,500.0,Healthcare Association of New York State (HANYS),industry_association,unknown,Christopher J. Ryan,state_senate
2023-12-04,500.0,NY Radiological Society,industry_association,neutral,David I Weprin,assembly
2024-03-10,500.0,NY Radiological Society,industry_association,neutral,David I Weprin,assembly
2021-08-18,500.0,Health Now Pac,industry_association,neutral,Kathleen C. Hochul,governor
2023-06-07,500.0,American Assoc. of Orthopedic Surgeons,industry_association,neutral,David I Weprin,assembly
2023-06-07,500.0,Ny Physical Therapy Association,industry_association,neutral,David I Weprin,assembly
2026-04-08,500.0,Baxter Healthcare Corporation,medical_device,neutral,John Lemondes,assembly
2022-02-15,500.0,New York State Society of Anesthesiologists,industry_association,neutral,Kevin S Parker,state_senate
2021-07-05,500.0,PhRMA,pharma,neutral,Kevin M. Byrne,assembly
2020-07-08,500.0,Pfizer,pharma,unknown,Kevin M. Byrne,assembly
2021-12-09,500.0,Bristol Myers Squibb,pharma,neutral,Pamela Hunter,assembly
2024-06-24,500.0,Medical Society of the State of New York,industry_association,neutral,John T. Mcdonald III,assembly
2020-10-07,500.0,Merck,pharma,neutral,John T. Mcdonald III,assembly
2024-11-27,500.0,Merck,pharma,neutral,John T. Mcdonald III,assembly
2023-04-26,500.0,Pfizer,pharma,unknown,Karines Reyes,assembly
2022-09-06,500.0,Merck,pharma,neutral,John T. Mcdonald III,assembly
2024-01-04,500.0,Merck,pharma,neutral,John T. Mcdonald III,assembly
2024-07-02,500.0,NY Radiological Society,industry_association,neutral,Karines Reyes,assembly
2024-04-01,500.0,Elevance,health_insurer,neutral,Grace Lee,assembly
2025-11-20,500.0,NY Assn. of Nurse Anesthetists,industry_association,neutral,Phara Souffrant Forrest,assembly
2024-10-13,500.0,New York State Society of Anesthesiologists,industry_association,unknown,Gina L. Sillitti,assembly
2024-06-18,500.0,Chain Pharmacy Association of New York State,industry_association,neutral,Gina L. Sillitti,assembly
2025-07-10,500.0,Pfizer,pharma,unknown,Nathalia Fernandez,state_senate
2025-01-31,500.0,Healthcare Association of New York State (HANYS),industry_association,neutral,Grace Lee,assembly
2024-10-14,500.0,Pharmacists Society of the State of New York,industry_association,unknown,Nathalia Fernandez,state_senate
2024-08-26,500.0,Pfizer,pharma,unknown,Karines Reyes,assembly
2025-05-31,500.0,Medical Society of the State of New York,industry_association,neutral,John T. Mcdonald III,assembly
2022-11-07,500.0,Pharmacists Society of the State of New York,industry_association,unknown,Karines Reyes,assembly
2022-03-18,500.0,New York State Society of Anesthesiologists,industry_association,unknown,Kimberly Jean-Pierre,assembly
2023-05-15,500.0,PhRMA,pharma,neutral,Karines Reyes,assembly
2023-05-05,500.0,New York State Society of Anesthesiologists,industry_association,unknown,Kimberly Jean-Pierre,assembly
2020-01-29,500.0,Elevance,health_insurer,neutral,John Brooks,assembly
2023-04-20,500.0,New York State Assoc. of Healthcare Providers (NYSHCP),industry_association,neutral,Kevin Thomas,state_senate
2023-04-24,500.0,NY Radiological Society,industry_association,neutral,Kevin Thomas,state_senate
2022-10-27,500.0,Baxter Healthcare Corporation,medical_device,neutral,Pamela Hunter,assembly
2022-01-07,500.0,New York State Society of Anesthesiologists,industry_association,unknown,Kevin Thomas,state_senate
2025-06-15,500.0,New York State Assoc. of Healthcare Providers (NYSHCP),industry_association,neutral,Karines Reyes,assembly
2024-11-12,500.0,American Assoc. of Orthopedic Surgeons,industry_association,neutral,Kathleen C. Hochul,governor
2022-04-22,500.0,New York State Society of Anesthesiologists,industry_association,unknown,Kevin Thomas,state_senate
2020-01-21,500.0,New York State Society of Anesthesiologists,industry_association,unknown,Kevin Thomas,state_senate
2021-05-14,500.0,Nurse Practitioners Of NY State PAC,industry_association,neutral,Kevin Thomas,state_senate
2020-02-03,500.0,Healthcare Association of New York State (HANYS),industry_association,unknown,John Brooks,assembly
2026-03-02,500.0,Healthcare Association of New York State (HANYS),industry_association,neutral,Grace Lee,assembly
2021-06-07,500.0,New York State Dental Association PAC (NYSDAPAC),industry_association,unknown,Andrew J Lanza,state_senate
2026-03-12,500.0,NY Radiological Society,industry_association,neutral,Christopher J. Ryan,state_senate
2023-11-22,500.0,Healthcare Association of New York State (HANYS),industry_association,unknown,Nathalia Fernandez,state_senate
2024-06-21,500.0,Healthcare Association of New York State (HANYS),industry_association,unknown,Nathalia Fernandez,state_senate
2024-08-15,500.0,Pfizer,pharma,neutral,William B Magnarelli,assembly
2020-07-07,500.0,Pfizer,pharma,unknown,William B Magnarelli,assembly
2023-04-27,500.0,Pfizer,pharma,unknown,William B Magnarelli,assembly
2024-03-15,500.0,Elevance,health_insurer,neutral,Nathalia Fernandez,state_senate
2024-03-15,500.0,Healthcare Association of New York State (HANYS),industry_association,unknown,Nathalia Fernandez,state_senate
2020-01-22,500.0,Community Mental Health PAC,industry_association,neutral,Andrew D Hevesi,assembly
2025-03-03,500.0,Pharmacists Society of the State of New York,industry_association,unknown,Nathalia Fernandez,state_senate
2026-06-08,500.0,Healthcare Association of New York State (HANYS),industry_association,unknown,Jeremy Cooney,state_senate
2026-06-24,500.0,Chain Pharmacy Association of New York State,industry_association,neutral,Andrew D Hevesi,assembly
2025-06-18,500.0,NYS Hospitality and Tourism PAC,industry_association,neutral,William B Magnarelli,assembly
2025-09-15,500.0,Coalition of Asian-American Independent Practice Associations,industry_association,unknown,Nathalia Fernandez,state_senate
2025-05-23,500.0,Baxter Healthcare Corporation,medical_device,neutral,Stephen M. Hawley,assembly
2024-06-24,500.0,Baxter Healthcare Corporation,medical_device,neutral,Stephen M. Hawley,assembly
2023-12-22,500.0,Pfizer,pharma,unknown,Nathalia Fernandez,state_senate
2024-04-03,500.0,Pfizer,pharma,unknown,Nathalia Fernandez,state_senate
2025-06-03,500.0,Coalition of Asian-American Independent Practice Associations,industry_association,unknown,Andrew J Lanza,state_senate
2023-04-15,500.0,Coalition of Asian-American Independent Practice Associations,industry_association,unknown,Gina L. Sillitti,assembly
2024-02-20,500.0,Coalition of Asian-American Independent Practice Associations,industry_association,unknown,Andrew J Lanza,state_senate
2026-02-03,500.0,Chain Pharmacy Association of New York State,industry_association,neutral,Jeremy Cooney,state_senate
2022-11-07,500.0,Medical Society of the State of New York,industry_association,neutral,Anna M. Kaplan,state_senate
2023-06-29,500.0,Medical Society of the State of New York,industry_association,neutral,Gina L. Sillitti,assembly
2022-05-31,500.0,Medical Society of the State of New York,industry_association,neutral,Anna M. Kaplan,state_senate
2022-09-24,500.0,Pfizer,pharma,unknown,Gina L. Sillitti,assembly
2025-08-26,500.0,Coalition of Asian-American Independent Practice Associations,industry_association,unknown,Andrew J Lanza,state_senate
2024-07-10,500.0,Eli Lilly,pharma,neutral,Edward Gibbs,assembly
2021-05-04,500.0,Medical Society of the State of New York,industry_association,neutral,Anna M. Kaplan,state_senate
2022-09-19,500.0,Coalition of Asian-American Independent Practice Associations,industry_association,unknown,Andrew J Lanza,state_senate
2020-09-10,500.0,Valley View Dental,hospital_health_system_provider,neutral,Joseph M Giglio,assembly
2021-01-06,500.0,Medical Society of the State of New York,industry_association,neutral,Frederick J. Akshar,state_senate
2022-05-24,500.0,New York State Dental Association PAC (NYSDAPAC),industry_association,unknown,Andrew J Lanza,state_senate
2024-10-01,500.0,New York State Society of Anesthesiologists,industry_association,unknown,Christopher J. Ryan,state_senate
2021-08-20,500.0,New York Office Based Surgery Facilities,hospital_health_system_provider,neutral,Kevin Thomas,state_senate
2021-06-14,500.0,Pfizer,pharma,unknown,Kevin M. Byrne,assembly
2022-05-06,500.0,Pfizer,pharma,unknown,Philip M Boyle,state_senate
2024-10-28,500.0,Merck,pharma,neutral,Karines Reyes,assembly
2021-03-03,500.0,Healthcare Association of New York State (HANYS),industry_association,neutral,Kevin Thomas,state_senate
2020-10-02,500.0,Wellhealth Physical Therapy,hospital_health_system_provider,neutral,Kevin Thomas,state_senate
2022-03-06,500.0,Oneida Center for Rehabilitation and Nur,post_acute_long_term_care,neutral,Kathleen C. Hochul,governor
2024-01-04,500.0,Molina Healthcare,health_insurer,neutral,John T. Mcdonald III,assembly
2020-02-03,500.0,Healthcare Association of New York State (HANYS),industry_association,unknown,John Brooks,assembly
2021-08-17,500.0,Pfizer,pharma,unknown,Kevin Thomas,state_senate
2022-10-14,500.0,"City Medical Healthcare Associates, PLLC",hospital_health_system_provider,neutral,Kathleen C. Hochul,governor
2022-04-21,500.0,Pfizer,pharma,unknown,Kevin Thomas,state_senate
2025-03-03,500.0,Nurse Practitioners Of NY State PAC,industry_association,neutral,Karines Reyes,assembly
2021-06-07,500.0,Pfizer,pharma,unknown,Philip M Boyle,state_senate
2021-03-02,500.0,Pharmacists Society of the State of New York,industry_association,unknown,Kevin Thomas,state_senate
2022-03-06,500.0,Onondaga Center for Rehabilitation and N,post_acute_long_term_care,neutral,Kathleen C. Hochul,governor
2026-02-26,500.0,New York State Society of Anesthesiologists,industry_association,unknown,John T. Mcdonald III,assembly
2026-04-16,500.0,Merck,pharma,neutral,Karines Reyes,assembly
2021-12-03,500.0,Baxter Healthcare Corporation,medical_device,neutral,Pamela Hunter,assembly
2022-03-06,500.0,Carthage Center for Rehabilitation and N,post_acute_long_term_care,neutral,Kathleen C. Hochul,governor
2022-06-01,500.0,Health Care Providers PAC,industry_association,neutral,Kevin Thomas,state_senate
2022-03-06,500.0,Slate Valley Center for Rehabilitation a,post_acute_long_term_care,neutral,Kathleen C. Hochul,governor
2024-03-20,500.0,New York State Dental Association PAC (NYSDAPAC),industry_association,neutral,John T. Mcdonald III,assembly
2022-03-21,500.0,New York State Dental Association PAC (NYSDAPAC),industry_association,unknown,Kevin Cahill,assembly
2020-01-21,500.0,Community Mental Health PAC,industry_association,neutral,John Brooks,assembly
2022-03-21,500.0,Greater New York Nursing Home Association,industry_association,neutral,Kevin Cahill,assembly
2022-03-06,500.0,Steuben Center for Rehabilitation and He,post_acute_long_term_care,neutral,Kathleen C. Hochul,governor
2020-02-22,500.0,Healthcare Association of New York State (HANYS),industry_association,neutral,Kevin Cahill,assembly
2022-03-21,500.0,Health Plan Association (HPA) PAC,industry_association,neutral,Kevin Cahill,assembly
2022-07-21,500.0,Health Plan Association (HPA) PAC,industry_association,neutral,Kevin Cahill,assembly
2021-12-28,500.0,Eli Lilly,pharma,neutral,John T. Mcdonald III,assembly
2026-04-07,500.0,Empire State Assn. of Assisted Living (ESAAL),industry_association,unknown,John T. Mcdonald III,assembly
2020-01-31,500.0,NY Radiological Society,industry_association,neutral,Kevin M. Byrne,assembly
2021-03-08,500.0,NY Radiological Society,industry_association,neutral,Kevin M. Byrne,assembly
2022-10-03,500.0,Committee for Medical Eye Care,industry_association,neutral,Liz Krueger,state_senate
2026-03-05,500.0,NYS Council of Health Systems Pharmacist,industry_association,neutral,John T. Mcdonald III,assembly
2024-05-01,500.0,"KPH Healthcare Services, Inc",hospital_health_system_provider,neutral,John T. Mcdonald III,assembly
2023-12-15,500.0,Merck,pharma,neutral,Tony Simone,assembly
2025-03-24,500.0,Healthcare Association of New York State (HANYS),industry_association,unknown,Stacey G. Pheffer Amato,assembly
2022-04-27,500.0,Medical Malpractice Insurance in New Yor,hospital_health_system_provider,neutral,Kevin Thomas,state_senate
2026-03-06,500.0,Maxim Healthcare Services,hospital_health_system_provider,neutral,John T. Mcdonald III,assembly
2025-05-28,500.0,Medical Society of the State of New York,industry_association,neutral,Tony Simone,assembly
2021-04-27,500.0,Medical Society of the State of New York,industry_association,neutral,Kevin Thomas,state_senate
2026-05-07,500.0,Medical Society of the State of New York,industry_association,neutral,John T. Mcdonald III,assembly
2020-08-12,500.0,Medical Society of the State of New York,industry_association,neutral,Kevin Thomas,state_senate
2021-05-28,500.0,NYS Optometric Association PAC,industry_association,neutral,John T. Mcdonald III,assembly
2022-11-02,500.0,Merck,pharma,neutral,Tony Simone,assembly
2020-01-21,500.0,Medical Society of the State of New York,industry_association,neutral,Kevin Thomas,state_senate
2020-01-21,500.0,New York State Dental Association PAC (NYSDAPAC),industry_association,unknown,John Brooks,assembly
2025-07-17,500.0,Maxim Healthcare Services,hospital_health_system_provider,neutral,John T. Mcdonald III,assembly
2020-10-20,500.0,Ricar Medical Transportation Services Inc,hospital_health_system_provider,neutral,Philip M Boyle,state_senate
2022-05-06,500.0,Johnson & Johnson,pharma,neutral,John T. Mcdonald III,assembly
2023-05-08,500.0,NY Radiological Society,industry_association,neutral,Karines Reyes,assembly
2025-06-14,500.0,NY Radiological Society,industry_association,neutral,Karines Reyes,assembly
2025-06-24,500.0,Nurse Practitioners Of NY State PAC,industry_association,neutral,John T. Mcdonald III,assembly
2025-05-13,500.0,Pfizer,pharma,unknown,William J Weber Jr.,state_senate
2022-10-05,500.0,Pharmacists Society of the State of New York,industry_association,unknown,Tony Simone,assembly
2025-03-03,500.0,Healthcare Association of New York State (HANYS),industry_association,unknown,Karines Reyes,assembly
2024-05-13,500.0,Healthcare Association of New York State (HANYS),industry_association,unknown,Karines Reyes,assembly
2023-05-01,500.0,Healthcare Association of New York State (HANYS),industry_association,unknown,Karines Reyes,assembly
2025-02-04,500.0,Nurse Practitioners Of NY State PAC,industry_association,neutral,Christopher J. Ryan,state_senate
2026-03-10,500.0,Healthcare Association of New York State (HANYS),industry_association,unknown,Karines Reyes,assembly
2024-03-11,500.0,New York State Society of Anesthesiologists,industry_association,neutral,John T. Mcdonald III,assembly
2024-01-15,500.0,Healthfirst,health_insurer,neutral,Karines Reyes,assembly
2023-03-20,500.0,New York State Society of Anesthesiologists,industry_association,neutral,John T. Mcdonald III,assembly
2026-06-20,500.0,Four Season Medical PLLC,hospital_health_system_provider,neutral,Larry  He,state_senate
2022-03-29,500.0,New York State Society of Anesthesiologists,industry_association,neutral,John T. Mcdonald III,assembly
2021-01-26,500.0,Quinlan's Pharmacy Inc,pharmacy,neutral,Michael Gianaris,state_senate
2021-06-09,500.0,Medical Society of the State of New York,industry_association,neutral,John Brooks,assembly
2025-10-30,500.0,NY Assn. of Nurse Anesthetists,industry_association,neutral,Karen M. Mcmahon,assembly
2022-10-01,500.0,Pfizer,pharma,unknown,John Brooks,assembly
2025-05-01,500.0,Elevance,health_insurer,neutral,Christopher J. Ryan,state_senate
2024-03-03,500.0,Pfizer,pharma,unknown,Michaelle C. Solages,assembly
2024-03-08,500.0,AbbVie,pharma,neutral,Michael Gianaris,assembly
2020-06-11,500.0,AbbVie,pharma,neutral,Michael Gianaris,assembly
2021-06-23,500.0,"Independent Health Care Services, Inc",hospital_health_system_provider,neutral,Pamela Hunter,assembly
2023-05-24,500.0,Health Plan Association (HPA) PAC,industry_association,neutral,Jen Lunsford,assembly
2022-09-06,500.0,Health Plan Association (HPA) PAC,industry_association,neutral,Jen Lunsford,assembly
2024-06-21,500.0,"Independent Health Care Services, Inc",hospital_health_system_provider,neutral,Pamela Hunter,assembly
2024-04-14,500.0,American Assoc. of Orthopedic Surgeons,industry_association,neutral,Michaelle C. Solages,assembly
2025-04-01,500.0,NY State Psychiatric PAC,industry_association,neutral,Michaelle C. Solages,assembly
2022-03-24,500.0,New York State Society of Anesthesiologists,industry_association,neutral,Phillip G Steck,assembly
2025-09-24,500.0,NY Assn. of Nurse Anesthetists,industry_association,neutral,Jen Lunsford,assembly
2021-01-11,500.0,Health Plan Association (HPA) PAC,industry_association,neutral,Pamela Hunter,assembly
2023-04-20,500.0,New York State Assoc. of Healthcare Providers (NYSHCP),industry_association,neutral,Jen Lunsford,assembly
2026-05-13,500.0,Health Plan Association (HPA) PAC,industry_association,neutral,Pamela Hunter,assembly
2023-04-25,500.0,Pfizer,pharma,unknown,Maritza Davila,assembly
2026-05-09,500.0,"Independent Health Care Services, Inc",hospital_health_system_provider,neutral,Pamela Hunter,assembly
2022-04-20,500.0,"Independent Health Care Services, Inc",hospital_health_system_provider,neutral,Pamela Hunter,assembly
2023-11-08,500.0,New York State Carwash Association,industry_association,neutral,Brian Kavanagh,state_senate
2026-03-13,500.0,Upstate Health Advocacy Project (UHAP),industry_association,neutral,Michaelle C. Solages,assembly
2024-06-26,500.0,United Healthcare / UnitedHealth Group (UHC/UHG),health_insurer,neutral,Michaelle C. Solages,assembly
2024-06-26,500.0,Health Plan Association (HPA) PAC,industry_association,neutral,Pamela Hunter,assembly
2022-10-03,500.0,Park Avenue Orthopedic and Sports Injury,hospital_health_system_provider,neutral,Lee Michael Zeldin,governor
2026-05-25,500.0,Nassau County Police Medic Association P,industry_association,neutral,Bruce  Blakeman,governor
2022-09-30,500.0,Parkaveuneorthopedic Mirto,hospital_health_system_provider,unknown,Lee Michael Zeldin,governor
2024-05-11,500.0,NY State Psychiatric PAC,industry_association,neutral,Brian Kavanagh,state_senate
2025-08-15,500.0,Medical Society of the State of New York,industry_association,neutral,Michael Durso,assembly
2020-11-03,500.0,Ny Physical Therapy Association,industry_association,neutral,Michael Gianaris,state_senate
2022-03-06,500.0,Triboro Center for Rehabilitation and Nu,post_acute_long_term_care,neutral,Kathleen C. Hochul,governor
2020-11-02,500.0,Chain Pharmacy Association of New York State,industry_association,neutral,Marianne Buttenschon,assembly
2024-08-25,500.0,Medicine in Bad Places,hospital_health_system_provider,neutral,Joseph P. De Stefano,assembly
2021-12-24,500.0,Pfizer,pharma,unknown,Thomas J Abinanti,assembly
2025-01-15,500.0,NY Diagnostics Mgmnt Corp,imaging_diagnostics,neutral,Joseph P. De Stefano,assembly
2025-03-05,500.0,NY Radiological Society,industry_association,neutral,Michaelle C. Solages,assembly
2023-04-22,500.0,NY State Psychiatric PAC,industry_association,neutral,Michaelle C. Solages,assembly
2022-11-23,500.0,New York State Dental Association PAC (NYSDAPAC),industry_association,unknown,Marianne Buttenschon,assembly
2021-06-08,500.0,Health Plan Association (HPA) PAC,industry_association,neutral,Jeremy Cooney,state_senate
2021-05-12,500.0,Healthcare Association of New York State (HANYS),industry_association,unknown,Joseph P. Addabbo Jr.,state_senate
2022-04-01,500.0,Health Care Providers PAC,industry_association,neutral,Maritza Davila,assembly
2020-03-02,500.0,Healthcare Association of New York State (HANYS),industry_association,unknown,Joseph P. Addabbo Jr.,state_senate
2020-02-03,500.0,Greater New York Nursing Home Association,industry_association,neutral,Joseph P. Addabbo Jr.,state_senate
2023-06-01,500.0,Greater New York Nursing Home Association,industry_association,neutral,Joseph P. Addabbo Jr.,state_senate
2022-02-03,500.0,Healthcare Association of New York State (HANYS),industry_association,unknown,Jeremy Cooney,state_senate
2022-06-01,500.0,Elevance,health_insurer,neutral,Joseph P. Addabbo Jr.,state_senate
2026-02-27,500.0,New York State Dental Association PAC (NYSDAPAC),industry_association,neutral,Michaelle C. Solages,assembly
2023-06-09,500.0,Coalition of Asian-American Independent Practice Associations,industry_association,unknown,Jen Lunsford,assembly
2022-11-08,500.0,Medical Society of the State of New York,industry_association,neutral,Jeremy Cooney,state_senate
2023-04-05,500.0,Healthcare Association of New York State (HANYS),industry_association,unknown,Joseph P. Addabbo Jr.,state_senate
2024-06-18,500.0,New York State Dental Association PAC (NYSDAPAC),industry_association,unknown,Patricia A. Fahy,state_senate
2024-06-18,500.0,CVS Health / Aetna,health_insurer,neutral,Patricia A. Fahy,state_senate
2021-12-27,500.0,Eli Lilly,pharma,neutral,Maritza Davila,assembly
2022-11-02,500.0,New York State Dental Association PAC (NYSDAPAC),industry_association,unknown,Jeremy Cooney,state_senate
2024-03-18,500.0,New York State Society of Anesthesiologists,industry_association,neutral,Stacey G. Pheffer Amato,assembly
2021-04-21,500.0,Health Plan Association (HPA) PAC,industry_association,neutral,Joseph P. Addabbo Jr.,state_senate
2020-07-09,500.0,Pfizer,pharma,unknown,Maritza Davila,assembly
2026-05-19,500.0,Healthcare Association of New York State (HANYS),industry_association,unknown,Jen Lunsford,assembly
2021-05-02,500.0,Pfizer,pharma,unknown,Michaelle C. Solages,assembly
2020-09-09,500.0,Pfizer,pharma,unknown,Michaelle C. Solages,assembly
2022-05-03,500.0,Pfizer,pharma,unknown,Michaelle C. Solages,assembly
2023-03-20,500.0,Pharmacists Society of the State of New York,industry_association,unknown,Michaelle C. Solages,assembly
2023-04-27,500.0,Health Care Providers PAC,industry_association,neutral,Phillip G Steck,assembly
2024-02-25,500.0,Pharmacists Society of the State of New York,industry_association,unknown,Michaelle C. Solages,assembly
2022-06-13,500.0,PhRMA,pharma,neutral,Michaelle C. Solages,assembly
2024-08-26,500.0,PhRMA,pharma,neutral,Michaelle C. Solages,assembly
2022-04-01,500.0,Health Care Providers PAC,industry_association,neutral,Phillip G Steck,assembly
2024-07-05,500.0,New York State Society of Anesthesiologists,industry_association,neutral,Stefani L. Zinerman,assembly
2023-05-14,500.0,Pfizer,pharma,unknown,Michaelle C. Solages,assembly
2025-05-07,500.0,Pfizer,pharma,unknown,Michaelle C. Solages,assembly
2020-10-05,500.0,New York State Society of Anesthesiologists,industry_association,neutral,Alessandra Biaggi,state_senate
2023-07-03,500.0,Eli Lilly,pharma,neutral,Marianne Buttenschon,assembly
2024-01-18,500.0,Greater New York Hospital Association (GNYHA),industry_association,neutral,Jeremy Cooney,state_senate
2020-02-25,500.0,New York State Dental Association PAC (NYSDAPAC),industry_association,unknown,Monica R. Martinez,state_senate
2022-08-11,500.0,New York Physcial Therapy Association,industry_association,neutral,Kenneth P. Zebrowski,assembly
2020-11-23,500.0,Abbott Laboratories,medical_device,unknown,John T. Mcdonald III,assembly
2023-11-28,500.0,Pfizer,pharma,unknown,"Albert A Stirpe, Jr.",assembly
2024-07-24,500.0,Pfizer,pharma,unknown,"Albert A Stirpe, Jr.",assembly
2020-04-24,500.0,Abbott Laboratories,medical_device,unknown,John T. Mcdonald III,assembly
2021-12-14,500.0,Abbott Laboratories,medical_device,unknown,John T. Mcdonald III,assembly
2022-03-06,500.0,University Center for Rehabilitation and,post_acute_long_term_care,neutral,Kathleen C. Hochul,governor
2022-02-07,500.0,New York State Society of Anesthesiologists,industry_association,neutral,Marianne Buttenschon,assembly
2022-05-19,500.0,New York State Society of Anesthesiologists,industry_association,unknown,Kenneth P. Zebrowski,assembly
2023-05-22,500.0,Medical Society of the State of New York,industry_association,neutral,Monique Chandler-Waterman,assembly
2021-09-09,500.0,PhRMA,pharma,neutral,Kenneth P. Zebrowski,assembly
2020-04-27,500.0,Abbott Laboratories,medical_device,unknown,John J Flanagan,state_senate
2024-03-11,500.0,Chain Pharmacy Association of New York State,industry_association,neutral,John T. Mcdonald III,assembly
2022-04-25,500.0,New York State Society of Anesthesiologists,industry_association,neutral,Marianne Buttenschon,assembly
2020-01-10,500.0,United Healthcare / UnitedHealth Group (UHC/UHG),health_insurer,neutral,Michael Gianaris,state_senate
2020-03-18,500.0,Elevance,health_insurer,neutral,Pamela Hunter,assembly
2025-12-18,500.0,Baxter Healthcare Corporation,medical_device,neutral,John T. Mcdonald III,assembly
2024-09-03,500.0,Fiorello Pharmaceuticals,pharma,neutral,Christopher J. Ryan,state_senate
2020-01-21,500.0,Community Mental Health PAC,industry_association,neutral,John Brooks,state_senate
2020-07-08,500.0,Eli Lilly,pharma,neutral,Monica R. Martinez,state_senate
2024-06-17,500.0,Eli Lilly,pharma,neutral,Pamela Hunter,assembly
2022-01-13,500.0,Northwell Health,hospital_health_system_provider,neutral,John Brooks,state_senate
2022-02-17,500.0,Pfizer,pharma,unknown,Kenneth P. Zebrowski,assembly
2021-06-27,500.0,Pfizer,pharma,unknown,Kenneth P. Zebrowski,assembly
2020-01-22,500.0,Northwell Health,hospital_health_system_provider,neutral,John Brooks,state_senate
2020-09-25,500.0,Pfizer,pharma,unknown,Kenneth P. Zebrowski,assembly
2026-03-16,500.0,NY Assn. of Nurse Anesthetists,industry_association,neutral,"Albert A Stirpe, Jr.",assembly
2020-01-29,500.0,Elevance,health_insurer,neutral,John Brooks,state_senate
2025-09-24,500.0,NY Assn. of Nurse Anesthetists,industry_association,neutral,"Albert A Stirpe, Jr.",assembly
2020-07-08,500.0,Northwell Health,hospital_health_system_provider,neutral,John Brooks,state_senate
2020-01-21,500.0,New York State Dental Association PAC (NYSDAPAC),industry_association,unknown,John Brooks,state_senate
2022-10-01,500.0,Pfizer,pharma,unknown,John Brooks,state_senate
2021-11-19,500.0,Merck,pharma,neutral,Mark Charles Walczyk,assembly
2021-02-16,500.0,Eli Lilly,pharma,neutral,Marianne Buttenschon,assembly
2022-02-07,500.0,Ny Diagnostic Management Corp.,imaging_diagnostics,neutral,Joseph P. De Stefano,assembly
2026-04-06,500.0,NY Radiological Society,industry_association,neutral,Yudelka Tapia,assembly
2020-11-05,500.0,NYS Occupational Therapy Assn. PAC,industry_association,neutral,Kenneth P. Zebrowski,assembly
2022-03-16,500.0,Chain Pharmacy Association of New York State,industry_association,neutral,John T. Mcdonald III,assembly
2020-10-13,500.0,Merck,pharma,neutral,Marianne Buttenschon,assembly
2020-02-03,500.0,Healthcare Association of New York State (HANYS),industry_association,unknown,John Brooks,state_senate
2022-07-03,500.0,Ny Diagnostic Management Corp.,imaging_diagnostics,neutral,Joseph P. De Stefano,assembly
2021-03-18,500.0,NYS Occupational Therapy Assn. PAC,industry_association,neutral,Kenneth P. Zebrowski,assembly
2020-11-19,500.0,Merck,pharma,neutral,Mark Charles Walczyk,assembly
2022-09-01,500.0,Ny Diagnostic Management Corporation,imaging_diagnostics,neutral,Joseph P. De Stefano,assembly
2024-11-04,500.0,Coalition of Asian-American Independent Practice Associations,industry_association,unknown,Matthew Slater,assembly
2020-02-03,500.0,Healthcare Association of New York State (HANYS),industry_association,unknown,John Brooks,state_senate
2022-03-06,500.0,Troy Center for Rehabilitation and Nursi,post_acute_long_term_care,neutral,Kathleen C. Hochul,governor
2025-03-18,500.0,Baxter Healthcare Corporation,medical_device,neutral,John T. Mcdonald III,assembly
2022-01-07,500.0,New York State Society of Anesthesiologists,industry_association,neutral,John Brooks,state_senate
2024-06-24,500.0,Pharmacy PAC of New York State,industry_association,neutral,Yudelka Tapia,assembly
2020-08-24,500.0,New York State Dental Association PAC (NYSDAPAC),industry_association,unknown,Marjorie L. Byrnes,assembly
2020-03-06,500.0,Healthcare Association of New York State (HANYS),industry_association,unknown,Marjorie L. Byrnes,assembly
2020-09-21,500.0,Fairport Dental P.C.,hospital_health_system_provider,neutral,Mark C Johns,assembly
2022-10-20,500.0,Pfizer,pharma,unknown,Marianne Buttenschon,assembly
2025-03-18,500.0,Chain Pharmacy Association of New York State,industry_association,neutral,John T. Mcdonald III,assembly
2020-05-27,500.0,Healthcare Association of New York State (HANYS),industry_association,unknown,Alessandra Biaggi,state_senate
2021-10-20,500.0,Eli Lilly,pharma,neutral,Mark Charles Walczyk,assembly
2020-10-17,500.0,MSSNY,industry_association,neutral,Alessandra Biaggi,state_senate
2026-03-02,500.0,Healthcare Association of New York State (HANYS),industry_association,neutral,Yudelka Tapia,assembly
2020-06-01,500.0,NY State Psychiatric PAC,industry_association,neutral,John Brooks,state_senate
2021-06-01,500.0,New York State Society of Anesthesiologists,industry_association,unknown,John Brooks,state_senate
2020-01-22,500.0,New York State Society of Anesthesiologists,industry_association,unknown,John Brooks,state_senate
2022-06-01,500.0,New York State Society of Anesthesiologists,industry_association,unknown,John Brooks,state_senate
2022-01-27,500.0,NY State Psychiatric PAC,industry_association,neutral,John Brooks,state_senate
2022-10-25,500.0,District Council 37 (DC37),union,blocker,Mathylde Frontus,assembly
2020-10-06,500.0,Eli Lilly,pharma,neutral,Mark Charles Walczyk,assembly
2020-02-05,500.0,Eli Lilly,pharma,neutral,Maritza Davila,assembly
2026-04-20,500.0,Merck,pharma,neutral,Stacey G. Pheffer Amato,assembly
2026-06-04,500.0,NY State Psychiatric PAC,industry_association,neutral,John T. Mcdonald III,assembly
2023-12-11,500.0,Healthcare Association of New York State (HANYS),industry_association,unknown,Michaelle C. Solages,assembly
2025-12-01,500.0,Leadingage New York Pac,industry_association,neutral,Michaelle C. Solages,assembly
2021-08-17,500.0,Health Plan Association (HPA) PAC,industry_association,neutral,Brian A. Benjamin,state_senate
2023-10-30,500.0,Escape Medical PC,hospital_health_system_provider,neutral,Joseph A. Griffo,state_senate
2020-10-28,500.0,Prospect Medical Group,hospital_health_system_provider,neutral,Philip Ramos,state_senate
2023-03-20,500.0,Healthcare Association of New York State (HANYS),industry_association,unknown,Michaelle C. Solages,assembly
2025-07-01,500.0,Healthcare Association of New York State (HANYS),industry_association,unknown,Michaelle C. Solages,assembly
2020-01-11,500.0,Medical Society of the State of New York,industry_association,neutral,Brian A. Benjamin,state_senate
2024-10-11,500.0,New York State Society of Anesthesiologists,industry_association,unknown,Karen M. Mcmahon,assembly
2020-06-26,500.0,Pfizer,pharma,unknown,John T. Mcdonald III,assembly
2026-02-20,500.0,HOSPITAL ALLIANCE PAC,industry_association,neutral,Jordan J G Wright,assembly
2022-03-06,500.0,Luxor Nursing & Rehabilitation at Mills,post_acute_long_term_care,neutral,Kathleen C. Hochul,governor
2022-11-01,500.0,New York State Dental Association PAC (NYSDAPAC),industry_association,neutral,George M. Borrello,state_senate
2020-09-17,500.0,Merck,pharma,neutral,Karen M. Mcmahon,assembly
2022-03-06,500.0,Martine Center for Rehab & Nursing,post_acute_long_term_care,neutral,Kathleen C. Hochul,governor
2024-06-08,500.0,New York State Dental Association PAC (NYSDAPAC),industry_association,neutral,Stefani L. Zinerman,assembly
2022-06-13,500.0,Healthcare Association of New York State (HANYS),industry_association,unknown,Michaelle C. Solages,assembly
2026-04-23,500.0,CVS Health / Aetna,health_insurer,neutral,Michaelle C. Solages,assembly
2025-05-01,500.0,CVS Health / Aetna,health_insurer,neutral,Michaelle C. Solages,assembly
2025-12-01,500.0,Eli Lilly,pharma,neutral,Michaelle C. Solages,assembly
2024-07-17,500.0,Eli Lilly,pharma,neutral,Michaelle C. Solages,assembly
2020-09-17,500.0,Merck,pharma,neutral,Monica R. Martinez,state_senate
2022-10-19,500.0,Healthcare Association of New York State (HANYS),industry_association,unknown,Pamela Hunter,assembly
2023-03-11,500.0,Eli Lilly,pharma,neutral,Michaelle C. Solages,assembly
2022-11-08,500.0,Eli Lilly,pharma,neutral,Michaelle C. Solages,assembly
2024-03-03,500.0,Healthcare Association of New York State (HANYS),industry_association,unknown,Michaelle C. Solages,assembly
2023-10-21,500.0,CVS Health / Aetna,health_insurer,neutral,Michaelle C. Solages,assembly
2020-07-08,500.0,Healthcare Association of New York State (HANYS),industry_association,unknown,Brian A. Benjamin,state_senate
2023-03-26,500.0,New York State Society of Anesthesiologists,industry_association,neutral,Michaelle C. Solages,assembly
2025-02-19,500.0,New York Emergency Medicine,industry_association,neutral,Michaelle C. Solages,assembly
2022-04-01,500.0,Pfizer,pharma,unknown,Maritza Davila,assembly
2020-02-12,500.0,Healthcare Association of New York State (HANYS),industry_association,unknown,Brian A. Benjamin,state_senate
2022-03-06,500.0,Luxor Nursing & Rehabilitation at Sayvil,post_acute_long_term_care,neutral,Kathleen C. Hochul,governor
2026-02-21,500.0,Committee for Medical Eye Care,industry_association,neutral,Vanessa  Aronson,assembly
2026-06-08,500.0,NY State Psychiatric PAC,industry_association,neutral,Michaelle C. Solages,assembly
2023-04-24,500.0,NY Radiological Society,industry_association,neutral,John T. Mcdonald III,assembly
2022-03-06,500.0,Corning Center for Rehabilitation and He,post_acute_long_term_care,neutral,Kathleen C. Hochul,governor
2020-01-31,500.0,Takeda Pharmaceuticals,pharma,neutral,Liz Krueger,state_senate
2022-06-01,500.0,New York State Society of Anesthesiologists,industry_association,unknown,John Brooks,assembly
2020-01-22,500.0,New York State Society of Anesthesiologists,industry_association,unknown,John Brooks,assembly
2021-06-01,500.0,New York State Society of Anesthesiologists,industry_association,unknown,John Brooks,assembly
2024-03-11,500.0,NY Radiological Society,industry_association,neutral,John T. Mcdonald III,assembly
2022-09-20,500.0,Pfizer,pharma,unknown,Kimberly Jean-Pierre,assembly
2023-05-19,500.0,New York State Society of Anesthesiologists,industry_association,unknown,Karen M. Mcmahon,assembly
2022-01-13,500.0,Medical Society of the State of New York,industry_association,neutral,Liz Krueger,state_senate
2021-12-09,500.0,Community Care RX,industry_association,neutral,Kathleen C. Hochul,governor
2022-03-06,500.0,New Paltz Center for Rehabilitation and,post_acute_long_term_care,neutral,Kathleen C. Hochul,governor
2021-12-13,500.0,Molina Healthcare,health_insurer,neutral,Liz Krueger,state_senate
2023-03-25,500.0,NY State Psychiatric PAC,industry_association,neutral,John T. Mcdonald III,assembly
2024-10-20,500.0,NY State Psychiatric PAC,industry_association,neutral,John T. Mcdonald III,assembly
2022-04-19,500.0,PhRMA,pharma,neutral,Michael Gianaris,state_senate
2026-06-04,500.0,Medical Society of the State of New York,industry_association,neutral,Christopher J. Ryan,state_senate
2026-02-27,500.0,NY Radiological Society,industry_association,neutral,John T. Mcdonald III,assembly
2025-03-18,500.0,NY Radiological Society,industry_association,neutral,John T. Mcdonald III,assembly
2022-03-06,500.0,Cooperstown Center for Rehabilitation an,post_acute_long_term_care,neutral,Kathleen C. Hochul,governor
2024-04-15,500.0,American Assoc. of Orthopedic Surgeons,industry_association,neutral,John T. Mcdonald III,assembly
2020-10-06,500.0,Eli Lilly,pharma,neutral,Mark Charles Walczyk,state_senate
2021-10-20,500.0,Eli Lilly,pharma,neutral,Mark Charles Walczyk,state_senate
2024-10-05,500.0,New York State Society of Anesthesiologists,industry_association,unknown,Judy A. Griffin,assembly
2022-05-06,500.0,Pfizer,pharma,unknown,John T. Mcdonald III,assembly
2024-04-10,500.0,Pfizer,pharma,unknown,John T. Mcdonald III,assembly
2021-06-24,500.0,Pfizer,pharma,unknown,John T. Mcdonald III,assembly
2023-11-17,500.0,Pfizer,pharma,unknown,John T. Mcdonald III,assembly
2021-11-19,500.0,Merck,pharma,neutral,Mark Charles Walczyk,state_senate
2020-11-19,500.0,Merck,pharma,neutral,Mark Charles Walczyk,state_senate
2023-03-22,500.0,American Assoc. of Orthopedic Surgeons,industry_association,neutral,John T. Mcdonald III,assembly
2024-03-29,500.0,New York State Society of Anesthesiologists,industry_association,unknown,Karen M. Mcmahon,assembly
2024-04-28,500.0,NY State Psychiatric PAC,industry_association,neutral,Michaelle C. Solages,assembly
2026-03-13,500.0,New York State Psychological Association,industry_association,neutral,Michaelle C. Solages,assembly
2025-04-30,500.0,Pfizer,pharma,unknown,Stacey G. Pheffer Amato,assembly
2021-07-01,500.0,Pharmacists Society of the State of New York,industry_association,unknown,Joseph A. Griffo,state_senate
2026-01-17,500.0,New York State Dental Association PAC (NYSDAPAC),industry_association,neutral,Mary Beth Walsh,assembly
2025-07-07,500.0,New York State Dental Association PAC (NYSDAPAC),industry_association,neutral,Mary Beth Walsh,assembly
2022-03-06,500.0,Williamsbridge Center for Rehabilitation,post_acute_long_term_care,neutral,Kathleen C. Hochul,governor
2020-07-27,500.0,Pfizer,pharma,unknown,Joseph A. Griffo,state_senate
2023-04-27,500.0,Pfizer,pharma,unknown,Joseph A. Griffo,state_senate
2022-04-04,500.0,Pfizer,pharma,unknown,Joseph A. Griffo,state_senate
2022-03-11,500.0,New York State Society of Anesthesiologists,industry_association,unknown,Joseph A. Griffo,state_senate
2025-05-29,500.0,Healthcare Association of New York State (HANYS),industry_association,unknown,Pamela Hunter,assembly
2020-01-14,500.0,Health Plan Association (HPA) PAC,industry_association,neutral,Brian A. Benjamin,state_senate
2022-04-25,500.0,Efficient Medical Care,hospital_health_system_provider,neutral,Thomas R. Suozzi,governor
2022-04-08,500.0,Efficient Medical Care,hospital_health_system_provider,neutral,Thomas R. Suozzi,governor
2022-05-19,500.0,Dahill Pharmacy Inc,pharmacy,neutral,Thomas R. Suozzi,governor
2026-05-18,500.0,NY Radiological Society,industry_association,neutral,Phillip G Steck,assembly
2022-03-05,500.0,Chain Pharmacy Association of New York State,industry_association,neutral,Michaelle C. Solages,assembly
2021-08-16,500.0,Pfizer,pharma,unknown,Joseph A. Griffo,state_senate
2026-03-05,500.0,Elevance,health_insurer,neutral,Michaelle C. Solages,assembly
2026-03-05,500.0,Elevance,health_insurer,neutral,Michaelle C. Solages,assembly
2022-09-09,500.0,Ny Physical Therapy Association,industry_association,neutral,Joseph A. Griffo,state_senate
2022-08-11,500.0,Ny Physical Therapy Association,industry_association,neutral,Jeremy Cooney,state_senate
2022-07-11,500.0,New York Emergency Medicine,industry_association,neutral,Jeremy Cooney,state_senate
2021-06-05,500.0,Nurse Practitioners Of NY State PAC,industry_association,neutral,Jeremy Cooney,state_senate
2022-12-21,500.0,Bristol Myers Squibb,pharma,neutral,Michael Gianaris,assembly
2022-11-01,500.0,Coalition of Asian-American Independent Practice Associations,industry_association,unknown,Jen Lunsford,assembly
2025-03-03,500.0,Healthcare Association of New York State (HANYS),industry_association,unknown,Patricia M Canzoneri-Fitzpatrick,state_senate
2020-10-21,500.0,National Institute For Reproductive Health,industry_association,neutral,Jeremy Cooney,state_senate
2024-04-02,500.0,Pfizer,pharma,unknown,Stacey G. Pheffer Amato,assembly
2020-02-27,500.0,"Independent Health Care Services, Inc",hospital_health_system_provider,neutral,Pamela Hunter,assembly
2022-10-20,500.0,Pfizer,pharma,unknown,Jeremy Cooney,state_senate
2024-06-05,500.0,Elevance,health_insurer,neutral,Jen Lunsford,assembly
2024-05-06,500.0,New York State Dental Association PAC (NYSDAPAC),industry_association,unknown,Jen Lunsford,assembly
2020-09-28,500.0,NYS Hospitality And Tourism Association PAC,industry_association,neutral,Jeremy Cooney,state_senate
2026-06-02,500.0,Healthcare Association of New York State (HANYS),industry_association,unknown,Pamela Hunter,assembly
2024-06-26,500.0,Chain Pharmacy Association of New York State,industry_association,neutral,Michaelle C. Solages,assembly
2024-10-25,500.0,New York State Society of CPAs,industry_association,neutral,Michaelle C. Solages,assembly
2026-05-21,500.0,Medical Society of the State of New York,industry_association,neutral,Michaelle C. Solages,assembly
2024-06-03,500.0,CVS Health / Aetna,health_insurer,neutral,Michaelle C. Solages,assembly
2023-03-26,500.0,Health Plan Association (HPA) PAC,industry_association,neutral,Michaelle C. Solages,assembly
2023-04-27,500.0,Coalition of Asian-American Independent Practice Associations,industry_association,unknown,Joseph A. Griffo,state_senate
2022-04-25,500.0,Mid-Hudson Psychiatric Consultants P.C.,hospital_health_system_provider,neutral,Thomas R. Suozzi,governor
2023-07-03,500.0,Medical Society of the State of New York,industry_association,neutral,Michaelle C. Solages,assembly
2020-09-10,500.0,Pfizer,pharma,neutral,Phillip G Steck,assembly
2021-12-29,500.0,Pfizer,pharma,unknown,Phillip G Steck,assembly
2020-10-21,500.0,"Hancock, Daniel & Johnson, PC",pharma,neutral,Pamela Hunter,assembly
2022-05-06,500.0,Pfizer,pharma,unknown,Phillip G Steck,assembly
2022-04-25,500.0,Modern East West Medical PC,hospital_health_system_provider,neutral,Thomas R. Suozzi,governor
2023-12-27,500.0,Merck,pharma,neutral,Michaelle C. Solages,assembly
2022-03-24,500.0,NY Radiological Society,industry_association,neutral,Phillip G Steck,assembly
2022-09-20,500.0,Pfizer,pharma,unknown,Monica R. Martinez,state_senate
2025-02-07,500.0,New York State Society of PAs PAC,industry_association,neutral,Michaelle C. Solages,assembly
2024-12-03,500.0,AbbVie,pharma,neutral,Kathleen C. Hochul,governor
2020-11-14,500.0,Merck,pharma,neutral,Michael J Fitzpatrick,assembly
2024-05-20,500.0,New York State Society of Anesthesiologists,industry_association,neutral,Michael J Fitzpatrick,assembly
2024-10-01,500.0,New York State Society of Anesthesiologists,industry_association,unknown,"Albert A Stirpe, Jr.",assembly
2022-03-06,500.0,Warren Center for Rehabilitation and Nur,post_acute_long_term_care,neutral,Kathleen C. Hochul,governor
2022-03-06,500.0,Washington Center for Rehabilitation and,post_acute_long_term_care,neutral,Kathleen C. Hochul,governor
2020-10-02,500.0,Merck,pharma,neutral,Michael W Reilly,assembly
2026-02-23,500.0,Healthcare Association of New York State (HANYS),industry_association,unknown,Joseph A. Griffo,state_senate
2020-10-29,500.0,Health Plan Association (HPA) PAC,industry_association,neutral,Monica R. Martinez,state_senate
2025-06-13,500.0,Pfizer,pharma,unknown,Joseph A. Griffo,state_senate
2023-10-18,500.0,Healthcare Association of New York State (HANYS),industry_association,unknown,Monica R. Martinez,state_senate
2021-01-14,500.0,Pharmacy Political Action Committee NY,industry_association,neutral,Brian A. Benjamin,state_senate
2023-06-15,500.0,Healthcare Association of New York State (HANYS),industry_association,unknown,Monica R. Martinez,state_senate
2025-04-28,500.0,New York Emergency Medicine,industry_association,neutral,Joseph A. Griffo,state_senate
2023-03-15,500.0,Healthcare Association of New York State (HANYS),industry_association,unknown,Monica R. Martinez,state_senate
2023-07-13,500.0,Healthcare Association of New York State (HANYS),industry_association,unknown,Monica R. Martinez,state_senate
2025-04-28,500.0,Healthcare Association of New York State (HANYS),industry_association,unknown,Joseph A. Griffo,state_senate
2024-02-26,500.0,Greater New York Hospital Association (GNYHA),industry_association,neutral,Nathalia Fernandez,state_senate
2021-06-09,500.0,Medical Society of the State of New York,industry_association,neutral,John Brooks,state_senate
2024-11-04,500.0,Centene,health_insurer,neutral,Patricia A. Fahy,state_senate
2024-05-30,500.0,New York State Society of Anesthesiologists,industry_association,unknown,Steven Otis,assembly
2025-06-18,500.0,New York State Dental Association PAC (NYSDAPAC),industry_association,neutral,Charles D Lavine,assembly
2020-07-20,500.0,Elevance,health_insurer,neutral,Steve Stern,assembly
2022-03-01,500.0,New York State Dental Association PAC (NYSDAPAC),industry_association,unknown,Steve Stern,assembly
2026-01-27,500.0,New York State Dental Association PAC (NYSDAPAC),industry_association,neutral,Sam Pirozzolo,assembly
2025-05-24,500.0,New York State Society of Anesthesiologists,industry_association,unknown,Steven Otis,assembly
2022-02-11,500.0,New York State Society of Anesthesiologists,industry_association,unknown,Charles D Lavine,assembly
2020-08-25,500.0,Pfizer,pharma,unknown,Charles D Lavine,assembly
2020-01-20,500.0,"Parkland Ambulance Service, Inc.",other_healthcare_related,neutral,Andrea Stewart-Cousins,state_senate
2020-02-19,500.0,Community Mental Health PAC,industry_association,neutral,Angelo L Santabarbara,assembly
2024-07-30,500.0,Pfizer,pharma,unknown,Charles D Lavine,assembly
2023-04-10,500.0,Pfizer,pharma,unknown,Charles D Lavine,assembly
2020-03-02,500.0,New York State Dental Association PAC (NYSDAPAC),industry_association,neutral,Steven Englebright,assembly
2021-05-13,500.0,Pfizer,pharma,unknown,Charles D Lavine,assembly
2020-02-14,500.0,New York State Society of Anesthesiologists,industry_association,unknown,Steven Englebright,assembly
2025-07-23,500.0,Chain Pharmacy Association of New York State,industry_association,neutral,Angelo L Santabarbara,assembly
2022-02-16,500.0,Eli Lilly,pharma,neutral,Steven Otis,assembly
2023-06-15,500.0,Elevance,health_insurer,neutral,Steven Otis,assembly
2024-05-24,500.0,Greater New York Nursing Home Association,industry_association,neutral,Steven Otis,assembly
2024-08-27,500.0,New York State Dental Association PAC (NYSDAPAC),industry_association,unknown,Angelo L Santabarbara,assembly
2023-05-26,500.0,New York State Society of Anesthesiologists,industry_association,neutral,Steven Otis,assembly
2025-03-26,500.0,Healthcare Association of New York State (HANYS),industry_association,unknown,April Nicole Mccants-Baskin,state_senate
2021-08-18,500.0,Pfizer,pharma,unknown,Anna M. Kaplan,state_senate
2024-05-20,500.0,Pharmacists Society of the State of New York,industry_association,unknown,April Nicole Mccants-Baskin,state_senate
2021-08-18,500.0,Pharmacists Society of the State of New York,industry_association,unknown,Anna M. Kaplan,state_senate
2023-07-13,500.0,New York State Society of Anesthesiologists,industry_association,unknown,Andrew Gounardes,state_senate
2020-09-18,500.0,Pfizer,pharma,unknown,Rebecca A. Seawright,assembly
2022-10-31,500.0,Pfizer,pharma,unknown,Rebecca A. Seawright,assembly
2021-06-29,500.0,Pharmacists Society of the State of New York,industry_association,unknown,Rebecca A. Seawright,assembly
2021-08-12,500.0,Pfizer,pharma,unknown,Angelo L Santabarbara,assembly
2025-03-19,500.0,New York State Society of Anesthesiologists,industry_association,unknown,April Nicole Mccants-Baskin,state_senate
2022-06-30,500.0,Pfizer,pharma,unknown,Anna M. Kaplan,state_senate
2020-12-31,500.0,Pfizer,pharma,unknown,Andrea Stewart-Cousins,state_senate
2020-07-24,500.0,Healthcare Association of New York State (HANYS),industry_association,unknown,Stephen M. Hawley,assembly
2021-09-20,500.0,Westchester Family Medical,hospital_health_system_provider,neutral,Andrea Stewart-Cousins,state_senate
2024-07-11,500.0,Coalition of Asian-American Independent Practice Associations,industry_association,unknown,Lester Chang,assembly
2022-05-31,500.0,PhRMA,pharma,neutral,Anna M. Kaplan,state_senate
2020-01-31,500.0,New York State Dental Association PAC (NYSDAPAC),industry_association,unknown,Nathalia Fernandez,state_senate
2022-09-20,500.0,Physical Therapy Services PC,hospital_health_system_provider,neutral,Anna M. Kaplan,state_senate
2020-10-17,500.0,Merck,pharma,neutral,Catherine T. Nolan,assembly
2020-01-31,500.0,Eli Lilly,pharma,neutral,Nathalia Fernandez,state_senate
2023-03-08,500.0,New York State Society of Anesthesiologists,industry_association,neutral,Nily D Rozic,assembly
2020-02-25,500.0,Pfizer,pharma,unknown,Colin Schmitt,assembly
2022-02-13,500.0,NY Radiological Society,industry_association,neutral,Charles D Lavine,assembly
2021-03-29,500.0,Pfizer,pharma,unknown,Colin Schmitt,assembly
2022-09-09,500.0,Coalition of Asian-American Independent Practice Associations,industry_association,unknown,Susan J Serino,assembly
2024-02-15,500.0,Elevance,health_insurer,neutral,Jacob Christopher Ashby,state_senate
2023-11-15,500.0,My Unique Pharmacy Inc,pharmacy,neutral,Lester Chang,assembly
2022-10-21,500.0,Healthcare Association of New York State (HANYS),industry_association,neutral,Andrew Gounardes,state_senate
2022-10-17,500.0,New York State Dental Association PAC (NYSDAPAC),industry_association,neutral,Jacob Christopher Ashby,state_senate
2020-06-24,500.0,Pfizer,pharma,unknown,Catherine T. Nolan,assembly
2023-06-01,500.0,New York State Assoc. of Healthcare Providers (NYSHCP),industry_association,neutral,Pamela Hunter,assembly
2021-12-14,500.0,Molina Healthcare,health_insurer,neutral,Nathalia Fernandez,state_senate
2021-12-06,500.0,Healthcare Association of New York State (HANYS),industry_association,neutral,Andrew Gounardes,state_senate
2022-04-14,500.0,New York State Society of Anesthesiologists,industry_association,neutral,Nily D Rozic,assembly
2021-07-28,500.0,Pfizer,pharma,unknown,Nily D Rozic,assembly
2023-04-20,500.0,Pfizer,pharma,unknown,Nily D Rozic,assembly
2024-02-26,500.0,American Assoc. of Orthopedic Surgeons,industry_association,neutral,Jeremy Cooney,state_senate
2021-05-10,500.0,Pfizer,pharma,unknown,Michael V. Lawler,assembly
2022-03-04,500.0,Pfizer,pharma,unknown,Michael V. Lawler,assembly
2022-06-09,500.0,Marra's Pharmacy,pharmacy,neutral,Nikki Lucas,assembly
2022-09-20,500.0,Pfizer,pharma,unknown,Steven Englebright,assembly
2022-09-28,500.0,Pfizer,pharma,unknown,Andrew Gounardes,state_senate
2020-10-05,500.0,Pharmacists Society of the State of New York,industry_association,unknown,Andrew Gounardes,state_senate
2022-11-29,500.0,Baxter Healthcare Corporation,medical_device,neutral,Stephen M. Hawley,assembly
2022-01-05,500.0,Baxter Healthcare Corporation,medical_device,neutral,Stephen M. Hawley,assembly
2020-10-26,500.0,Baxter Healthcare Corporation,medical_device,neutral,Stephen M. Hawley,assembly
2020-03-11,500.0,Northeast Regional Urgent Care Association,industry_association,neutral,Angelo L Santabarbara,assembly
2023-10-30,500.0,Pfizer,pharma,unknown,Samuel Tzvi Berger,assembly
2020-11-02,500.0,Health Plan Association (HPA) PAC,industry_association,neutral,Jacob Christopher Ashby,state_senate
2025-03-24,500.0,United New York Ambulance Network (UNYAN),industry_association,neutral,Jamaal T. Bailey,state_senate
2020-09-16,500.0,Johnson & Johnson,pharma,neutral,Michael Gianaris,assembly
2022-09-06,500.0,Health Plan Association (HPA) PAC,industry_association,neutral,Jen Lunsford,state_senate
2025-02-19,500.0,Johnson & Johnson,pharma,neutral,Michael Gianaris,assembly
2021-04-26,500.0,Pfizer,pharma,unknown,Stacey G. Pheffer Amato,assembly
2023-04-28,500.0,Chain Pharmacy Association of New York State,industry_association,neutral,Stacey G. Pheffer Amato,assembly
2023-04-10,500.0,Health Care Providers PAC,industry_association,neutral,Jeremy Cooney,state_senate
2020-01-10,500.0,United Healthcare / UnitedHealth Group (UHC/UHG),health_insurer,neutral,Michael Gianaris,assembly
2022-09-20,500.0,Pfizer,pharma,unknown,Stacey G. Pheffer Amato,assembly
2025-06-02,500.0,Upstate Health Advocacy Project (UHAP),industry_association,neutral,Jamaal T. Bailey,state_senate
2022-05-17,500.0,"Teledoc Health, Inc. PAC",industry_association,neutral,Manny De Los Santos,assembly
2021-05-29,500.0,Chain Pharmacy Association of New York State,industry_association,neutral,James Skoufis,state_senate
2021-10-20,500.0,Chain Pharmacy Association of New York State,industry_association,neutral,James Skoufis,state_senate
2020-10-13,500.0,National Institute For Reproductive Health,industry_association,neutral,James Skoufis,state_senate
2023-05-30,500.0,Pfizer,pharma,unknown,Stacey G. Pheffer Amato,assembly
2023-05-24,500.0,Health Plan Association (HPA) PAC,industry_association,neutral,Jen Lunsford,state_senate
2026-05-19,500.0,Healthcare Association of New York State (HANYS),industry_association,unknown,Jen Lunsford,state_senate
2024-06-05,500.0,Elevance,health_insurer,neutral,Jen Lunsford,state_senate
2020-11-12,500.0,Molina Healthcare,health_insurer,neutral,Michael Gianaris,assembly
2024-05-06,500.0,New York State Dental Association PAC (NYSDAPAC),industry_association,unknown,Jen Lunsford,state_senate
2021-04-27,500.0,Medical Society of the State of New York,industry_association,neutral,Michael Gianaris,assembly
2020-02-05,500.0,District Council 37 (DC37),union,blocker,Maritza Davila,assembly
2023-04-20,500.0,New York State Assoc. of Healthcare Providers (NYSHCP),industry_association,neutral,Jen Lunsford,state_senate
2025-09-24,500.0,NY Assn. of Nurse Anesthetists,industry_association,neutral,Jen Lunsford,state_senate
2023-07-18,500.0,District Council 37 (DC37),union,blocker,Maritza Davila,assembly
2021-11-15,500.0,Health Care Providers PAC,industry_association,neutral,Michael Gianaris,assembly
2023-06-21,500.0,Health Plan Association (HPA) PAC,industry_association,neutral,Michael Gianaris,assembly
2022-06-09,500.0,MSSNY,industry_association,neutral,Michael Gianaris,assembly
2020-09-26,500.0,Sainath Pharmacy Inc,pharmacy,neutral,James Skoufis,state_senate
2020-02-25,500.0,New York State Society of Anesthesiologists,industry_association,unknown,Joseph P. Addabbo Jr.,state_senate
2020-09-26,500.0,Pharmacy Specialist Group Inc,pharmacy,neutral,James Skoufis,state_senate
2021-04-26,500.0,Pfizer,pharma,unknown,James Skoufis,state_senate
2020-04-29,500.0,Pfizer,pharma,unknown,Stacey G. Pheffer Amato,assembly
2021-01-26,500.0,Quinlan's Pharmacy Inc,pharmacy,neutral,Michael Gianaris,assembly
2022-09-28,500.0,Pfizer,pharma,unknown,Anna M. Kaplan,state_senate
2026-04-16,500.0,Health Plan Association (HPA) PAC,industry_association,neutral,April Nicole Mccants-Baskin,state_senate
2025-11-13,500.0,NY Assn. of Nurse Anesthetists,industry_association,neutral,Robert J. Smullen,assembly
2025-08-14,500.0,New York State Dental Association PAC (NYSDAPAC),industry_association,neutral,Robert J. Smullen,assembly
2025-11-13,500.0,New York State Society of Anesthesiologists,industry_association,unknown,Robert J. Smullen,assembly
2024-08-13,500.0,New York State Society of Anesthesiologists,industry_association,neutral,Robert J. Smullen,assembly
2024-09-30,500.0,Chain Pharmacy Association of New York State,industry_association,neutral,Robert J. Smullen,assembly
2026-04-16,500.0,Healthcare Association of New York State (HANYS),industry_association,unknown,April Nicole Mccants-Baskin,state_senate
2021-11-16,500.0,PhRMA,pharma,neutral,Robert J Rodriguez,assembly
2022-04-19,500.0,PhRMA,pharma,neutral,Michael Gianaris,assembly
2020-03-19,500.0,PhRMA,pharma,neutral,Robert J Rodriguez,assembly
2020-04-29,500.0,Pfizer,pharma,unknown,Robert J Rodriguez,assembly
2026-05-05,500.0,Medical Society of the State of New York,industry_association,neutral,April Nicole Mccants-Baskin,state_senate
2021-06-28,500.0,Medical Society of the State of New York,industry_association,neutral,Robert J Rodriguez,assembly
2021-06-09,500.0,New York State Dental Association PAC (NYSDAPAC),industry_association,neutral,Robert J Rodriguez,assembly
2020-10-22,500.0,Eli Lilly,pharma,neutral,Angelo L Santabarbara,assembly
2020-01-13,500.0,Police Benevolent Association Of New York State Pa,industry_association,neutral,Anna M. Kaplan,state_senate
2022-09-28,500.0,Pfizer,pharma,unknown,Joseph P. Addabbo Jr.,state_senate
2024-06-07,500.0,Healthcare Association of New York State (HANYS),industry_association,unknown,Jeremy Cooney,state_senate
2024-03-07,500.0,Healthcare Association of New York State (HANYS),industry_association,unknown,Jeremy Cooney,state_senate
2022-03-08,500.0,Healthcare Association of New York State (HANYS),industry_association,unknown,James Skoufis,state_senate
2020-02-18,500.0,Pharmacists Society of the State of New York,industry_association,unknown,Joseph P. Addabbo Jr.,state_senate
2023-04-06,500.0,Pfizer,pharma,unknown,Joseph P. Addabbo Jr.,state_senate
2024-03-01,500.0,Health Care Providers PAC,industry_association,neutral,Jeremy Cooney,state_senate
2022-01-23,500.0,Elevance,health_insurer,neutral,Stacey G. Pheffer Amato,assembly
2020-09-26,500.0,Desais Pharmacy Inc,pharmacy,neutral,James Skoufis,state_senate
2022-02-25,500.0,Eli Lilly,pharma,neutral,Stacey G. Pheffer Amato,assembly
2023-04-12,500.0,NY State Psychiatric PAC,industry_association,neutral,Joseph P. Addabbo Jr.,state_senate
2023-06-23,500.0,American Assoc. of Orthopedic Surgeons,industry_association,neutral,Michael Gianaris,assembly
2024-03-25,500.0,Pfizer,pharma,unknown,Michael Gianaris,assembly
2022-07-18,500.0,Medical Society of the State of New York,industry_association,neutral,James Skoufis,state_senate
2021-06-09,500.0,Medical Society of the State of New York,industry_association,neutral,James Skoufis,state_senate
2022-04-21,500.0,Pfizer,pharma,unknown,Stacey G. Pheffer Amato,assembly
2022-03-03,500.0,Healthcare Association of New York State (HANYS),industry_association,neutral,Andrew Gounardes,state_senate
2023-03-16,500.0,District Council 37 (DC37),union,blocker,Nily D Rozic,assembly
2024-07-02,500.0,Eli Lilly,pharma,neutral,Jeremy Cooney,state_senate
2025-06-17,500.0,New York State Assoc. of Healthcare Providers (NYSHCP),industry_association,neutral,Gustavo Rivera,state_senate
2023-05-22,500.0,Medical Society of the State of New York,industry_association,neutral,Robert G Ortt,state_senate
2025-05-28,500.0,New York State Society of Anesthesiologists,industry_association,unknown,Lea Webb,state_senate
2024-03-08,500.0,Healthcare Association of New York State (HANYS),industry_association,neutral,Michelle Hinchey,state_senate
2024-09-13,500.0,Fiorello Pharmaceuticals,pharma,neutral,Michelle Hinchey,state_senate
2026-05-21,500.0,NY State Psychiatric PAC,industry_association,neutral,Amy Paulin,assembly
2023-04-12,500.0,NY State Psychiatric PAC,industry_association,neutral,Amy Paulin,assembly
2022-05-03,500.0,New York State Society of Anesthesiologists,industry_association,neutral,Robert G Ortt,state_senate
2024-03-15,500.0,Medical Society of the State of New York,industry_association,neutral,Amy Paulin,assembly
2025-03-11,500.0,New York State Society of Anesthesiologists,industry_association,neutral,Robert G Ortt,state_senate
2025-03-24,500.0,MVP Health Care,health_insurer,neutral,Amy Paulin,assembly
2024-03-29,500.0,New York State Dental Association PAC (NYSDAPAC),industry_association,unknown,Michelle Hinchey,state_senate
2026-01-23,500.0,MIDDLEPORT FAMILY HEALTH,hospital_health_system_provider,neutral,Robert G Ortt,state_senate
2020-08-24,500.0,MIDDLEPORT FAMILY HEALTH,hospital_health_system_provider,neutral,Robert G Ortt,state_senate
2022-08-09,500.0,Merck,pharma,neutral,Robert G Ortt,state_senate
2024-06-11,500.0,Medical Society of the State of New York,industry_association,neutral,Robert G Ortt,state_senate
2020-10-05,500.0,Merck,pharma,neutral,Amy Paulin,assembly
2021-08-10,500.0,Merck,pharma,neutral,Amy Paulin,assembly
2022-05-27,500.0,Medical Society of the State of New York,industry_association,neutral,Robert G Ortt,state_senate
2021-04-27,500.0,Medical Society of the State of New York,industry_association,neutral,Robert G Ortt,state_senate
2020-12-23,500.0,Medical Society of the State of New York,industry_association,neutral,Robert G Ortt,state_senate
2025-11-20,500.0,Coalition of Asian-American Independent Practice Associations,industry_association,unknown,Shelley Mayer,state_senate
2025-03-13,500.0,Baxter Healthcare Corporation,medical_device,neutral,Robert G Ortt,state_senate
2024-08-02,500.0,Baxter Healthcare Corporation,medical_device,neutral,Robert G Ortt,state_senate
2022-04-21,500.0,Pfizer,pharma,neutral,Michelle Hinchey,state_senate
2021-08-21,500.0,Pfizer,pharma,neutral,Michelle Hinchey,state_senate
2022-11-15,500.0,Baxter Healthcare Corporation,medical_device,neutral,Robert G Ortt,state_senate
2022-03-08,500.0,NYSHFA,industry_association,neutral,Michelle Hinchey,state_senate
2020-08-24,500.0,Brighton Eggert Pharmacy Inc.,pharmacy,neutral,Robert G Ortt,state_senate
2022-01-14,500.0,Vertex Pharmaceuticals,pharma,neutral,Alicia A. Hyndman,assembly
2025-01-10,500.0,Upstate Health Advocacy Project (UHAP),industry_association,neutral,Alicia A. Hyndman,assembly
2021-12-13,500.0,Abbott Laboratories,medical_device,unknown,Robert G Ortt,state_senate
2026-04-30,500.0,Medical Society of the State of New York,industry_association,neutral,Amy Paulin,assembly
2022-04-05,500.0,Health Care Providers PAC,industry_association,neutral,Robert G Ortt,state_senate
2026-03-02,500.0,Healthcare Association of New York State (HANYS),industry_association,unknown,Shelley Mayer,state_senate
2026-05-15,500.0,Johnson & Johnson,pharma,neutral,Amy Paulin,assembly
2020-10-19,500.0,Eli Lilly,pharma,neutral,Patrick Burke,assembly
2024-10-15,500.0,Leadingage New York Pac,industry_association,neutral,Amy Paulin,assembly
2024-03-15,500.0,Leadingage New York Pac,industry_association,neutral,Amy Paulin,assembly
2025-04-22,500.0,"KPH Healthcare Services, Inc",hospital_health_system_provider,neutral,Amy Paulin,assembly
2026-04-05,500.0,"KPH Healthcare Services, Inc",hospital_health_system_provider,neutral,Amy Paulin,assembly
2024-03-16,500.0,"KPH Healthcare Services, Inc",hospital_health_system_provider,neutral,Amy Paulin,assembly
2024-08-06,500.0,Johnson & Johnson,pharma,neutral,Amy Paulin,assembly
2024-02-27,500.0,New York Emergency Medicine,industry_association,neutral,Michelle Hinchey,state_senate
2023-06-26,500.0,Johnson & Johnson,pharma,neutral,Amy Paulin,assembly
2025-02-28,500.0,Healthcare Association of New York State (HANYS),industry_association,unknown,Philip A. Palmesano,assembly
2021-06-16,500.0,District Council 37 (DC37),union,blocker,Catalina Cruz,assembly
2022-04-21,500.0,Pfizer,pharma,unknown,Thomas J Abinanti,assembly
2020-06-10,500.0,Pfizer,pharma,unknown,Thomas J Abinanti,assembly
2020-01-21,500.0,Vertex Pharmaceuticals,pharma,neutral,William B Magnarelli,assembly
2024-03-11,500.0,Leadingage New York Pac,industry_association,neutral,Michelle Hinchey,state_senate
2022-05-07,500.0,Johnson & Johnson,pharma,neutral,Brian Kavanagh,state_senate
2025-04-03,500.0,Healthcare Association of New York State (HANYS),industry_association,neutral,Lea Webb,state_senate
2020-08-05,500.0,Health Now Pac,industry_association,neutral,Robert G Ortt,state_senate
2022-05-08,500.0,Healthcare Association of New York State (HANYS),industry_association,unknown,Brian Kavanagh,state_senate
2024-04-04,500.0,Pfizer,pharma,unknown,Shelley Mayer,state_senate
2024-03-11,500.0,Healthcare Association of New York State (HANYS),industry_association,unknown,Amy Paulin,assembly
2024-06-17,500.0,Healthcare Association of New York State (HANYS),industry_association,unknown,Amy Paulin,assembly
2025-12-10,500.0,Healthcare Association of New York State (HANYS),industry_association,unknown,Amy Paulin,assembly
2025-06-18,500.0,Healthcare Association of New York State (HANYS),industry_association,neutral,Lea Webb,state_senate
2023-03-01,500.0,Healthfirst,health_insurer,neutral,Amy Paulin,assembly
2023-02-24,500.0,Healthfirst,health_insurer,neutral,Amy Paulin,assembly
2023-03-02,500.0,Hearing Healthcare Alliance of New York,industry_association,neutral,Amy Paulin,assembly
2024-02-27,500.0,Pharmacists Society of the State of New York,industry_association,unknown,Michelle Hinchey,state_senate
2024-04-01,500.0,Pfizer,pharma,neutral,Michelle Hinchey,state_senate
2025-03-19,500.0,Healthcare Association of New York State (HANYS),industry_association,unknown,Robert G Ortt,state_senate
2023-04-03,500.0,Healthcare Association of New York State (HANYS),industry_association,unknown,Robert G Ortt,state_senate
2021-10-12,500.0,United Healthcare / UnitedHealth Group (UHC/UHG),health_insurer,neutral,Michelle Hinchey,state_senate
2026-03-17,500.0,Empire State Assn. of Assisted Living (ESAAL),industry_association,neutral,Shelley Mayer,state_senate
2023-07-13,500.0,Healthcare Association of New York State (HANYS),industry_association,neutral,Andrew Gounardes,state_senate
2021-08-06,500.0,Pfizer,pharma,unknown,Patricia A. Fahy,assembly
2020-10-19,500.0,Merck,pharma,neutral,Rebecca A. Seawright,assembly
2021-02-22,500.0,New York State Society of Anesthesiologists,industry_association,unknown,Andrew Gounardes,state_senate
2020-01-08,500.0,New York State Society of Anesthesiologists,industry_association,unknown,Andrew Gounardes,state_senate
2020-02-25,500.0,New York State Society of Anesthesiologists,industry_association,unknown,Andrew Gounardes,state_senate
2022-03-23,500.0,Pfizer,pharma,unknown,Pamela Hunter,assembly
2020-02-26,500.0,New York State Association Of Pba'S,industry_association,neutral,Andrew Gounardes,state_senate
2023-06-09,500.0,Pfizer,pharma,unknown,Patricia A. Fahy,assembly
2023-11-17,500.0,Pfizer,pharma,unknown,Pamela Hunter,assembly
2023-11-01,500.0,Healthcare Association of New York State (HANYS),industry_association,unknown,Patricia A. Fahy,assembly
2023-04-11,500.0,Empire State Assn. of Assisted Living (ESAAL),industry_association,neutral,Patricia A. Fahy,assembly
2024-07-24,500.0,Pfizer,pharma,unknown,Pamela Hunter,assembly
2022-06-02,500.0,New York State Dental Association PAC (NYSDAPAC),industry_association,neutral,Patricia A. Fahy,assembly
2022-12-01,500.0,New York State Dental Association PAC (NYSDAPAC),industry_association,neutral,Patricia A. Fahy,assembly
2023-11-01,500.0,CVS Health / Aetna,health_insurer,neutral,Patricia A. Fahy,assembly
2022-02-18,500.0,New York State Society of Anesthesiologists,industry_association,unknown,Andrew Gounardes,state_senate
2021-09-28,500.0,Pharmacists Society of the State of New York,industry_association,unknown,Pamela Hunter,assembly
2022-10-26,500.0,New York State Dental Association PAC (NYSDAPAC),industry_association,unknown,Sarah Hart Clark,assembly
2024-02-22,500.0,Pfizer,pharma,unknown,William J Weber Jr.,state_senate
2020-01-17,500.0,Committee for Medical Eye Care,industry_association,neutral,Rebecca A. Seawright,assembly
2020-10-20,500.0,Eli Lilly,pharma,neutral,Rebecca A. Seawright,assembly
2025-05-01,500.0,Healthcare Association of New York State (HANYS),industry_association,unknown,Sarah Hart Clark,assembly
2020-09-21,500.0,New York State Dental Association PAC (NYSDAPAC),industry_association,unknown,Rebecca A. Seawright,assembly
2020-06-15,500.0,New York State Dental Association PAC (NYSDAPAC),industry_association,unknown,Rebecca A. Seawright,assembly
2024-10-10,500.0,Healthcare Association of New York State (HANYS),industry_association,unknown,Sarah Hart Clark,assembly
2022-06-25,500.0,Healthcare Association of New York State (HANYS),industry_association,unknown,Rebecca A. Seawright,assembly
2023-11-01,500.0,Pharmacists Society of the State of New York,industry_association,unknown,Patricia A. Fahy,assembly
2022-05-14,500.0,New York State Society of Anesthesiologists,industry_association,neutral,Rebecca A. Seawright,assembly
2023-11-30,500.0,Elevance,health_insurer,neutral,Jacob Christopher Ashby,state_senate
2021-12-03,500.0,Baxter Healthcare Corporation,medical_device,neutral,Nily D Rozic,assembly
2020-10-07,500.0,Merck,pharma,neutral,Jacob Christopher Ashby,state_senate
2023-02-07,500.0,Healthcare Association of New York State (HANYS),industry_association,neutral,Andrew Gounardes,state_senate
2025-04-30,500.0,Pfizer,pharma,unknown,Pamela Hunter,assembly
2021-11-23,500.0,NY Radiological Society,industry_association,neutral,Patricia A. Fahy,assembly
2026-05-06,500.0,Elevance,health_insurer,neutral,Robert G Ortt,state_senate
2025-04-08,500.0,Chain Pharmacy Association of New York State,industry_association,neutral,Amy Paulin,assembly
2026-05-05,500.0,Healthcare Association of New York State (HANYS),industry_association,neutral,Lea Webb,state_senate
2022-01-13,500.0,Community Pharmacy Assn of NYS,pharmacy,neutral,Michelle Hinchey,state_senate
2023-03-01,500.0,Northwell Health,hospital_health_system_provider,neutral,Amy Paulin,assembly
2023-03-15,500.0,Healthcare Association of New York State (HANYS),industry_association,neutral,Michelle Hinchey,state_senate
2022-05-12,500.0,Healthcare Association of New York State (HANYS),industry_association,neutral,Michelle Hinchey,state_senate
2021-03-03,500.0,Healthcare Association of New York State (HANYS),industry_association,neutral,Michelle Hinchey,state_senate
2023-02-06,500.0,Chain Pharmacy Association of New York State,industry_association,neutral,Amy Paulin,assembly
2024-02-08,500.0,NY State Psychiatric PAC,industry_association,neutral,Patricia A. Fahy,assembly
2026-04-03,500.0,Chain Pharmacy Association of New York State,industry_association,neutral,Amy Paulin,assembly
2020-02-14,500.0,Chain Pharmacy Association of New York State,industry_association,neutral,Amy Paulin,assembly
2026-04-08,500.0,AbbVie,pharma,neutral,Amy Paulin,assembly
2025-11-05,500.0,Abbott Laboratories,medical_device,unknown,Amy Paulin,assembly
2023-09-26,500.0,Abbott Laboratories,medical_device,unknown,Amy Paulin,assembly
2020-11-02,500.0,Baxter Healthcare Corporation,medical_device,neutral,Robert G Ortt,state_senate
2025-06-24,500.0,AbbVie,pharma,neutral,Amy Paulin,assembly
2024-05-21,500.0,CVS Health / Aetna,health_insurer,neutral,Robert G Ortt,state_senate
2022-05-07,500.0,New York State Association of Health Und,industry_association,neutral,John W. Mannion,state_senate
2022-10-25,500.0,Medical Society of the State of New York,industry_association,neutral,Michelle Hinchey,state_senate
2026-07-06,500.0,Big Smiles Dental New York,hospital_health_system_provider,neutral,Amy Paulin,assembly
2021-04-27,500.0,Medical Society of the State of New York,industry_association,neutral,Michelle Hinchey,state_senate
2025-04-21,500.0,Ny Physical Therapy Association,industry_association,neutral,Sarah Hart Clark,assembly
2025-04-29,500.0,New York State Society of Anesthesiologists,industry_association,unknown,Sarah Hart Clark,assembly
2026-03-25,500.0,New York State Society of Anesthesiologists,industry_association,unknown,Sarah Hart Clark,assembly
2021-04-04,500.0,Medical Society of the State of New York,industry_association,neutral,Andrew Gounardes,state_senate
2021-06-14,500.0,NYS Optometric Association PAC,industry_association,neutral,Patricia A. Fahy,assembly
2020-10-26,500.0,Merck,pharma,neutral,Patricia A. Fahy,assembly
2022-08-11,500.0,Ny Physical Therapy Association,industry_association,neutral,Sarah Hart Clark,assembly
2020-11-30,500.0,Medical Society of the State of New York,industry_association,neutral,Andrew Gounardes,state_senate
2020-09-17,500.0,Merck,pharma,neutral,Andrew Gounardes,state_senate
2020-10-13,500.0,National Institute For Reproductive Health,industry_association,neutral,Andrew Gounardes,state_senate
2023-04-11,500.0,NY State Psychiatric PAC,industry_association,neutral,Patricia A. Fahy,assembly
2020-02-25,500.0,Pfizer,pharma,unknown,James Skoufis,state_senate
2025-05-28,500.0,Medical Society of the State of New York,industry_association,neutral,Lea Webb,state_senate
2026-03-11,500.0,Merck,pharma,neutral,Pamela Hunter,assembly
2022-04-28,500.0,New York State Dental Association PAC (NYSDAPAC),industry_association,neutral,Elijah Reichlin-Melnick,state_senate
2026-03-20,500.0,New York State Society of Anesthesiologists,industry_association,unknown,Judy A. Griffin,assembly
2022-08-04,500.0,American Assoc. of Orthopedic Surgeons,industry_association,neutral,"Edward A. Rath, Iii",state_senate
2020-01-13,500.0,Health Plan Association (HPA) PAC,industry_association,neutral,Anna M. Kaplan,state_senate
2022-09-08,500.0,Health Plan Association (HPA) PAC,industry_association,neutral,Anna M. Kaplan,state_senate
2022-01-03,500.0,New York State Dental Association PAC (NYSDAPAC),industry_association,unknown,Elijah Reichlin-Melnick,state_senate
2022-10-26,500.0,New York State Dental Association PAC (NYSDAPAC),industry_association,unknown,Elijah Reichlin-Melnick,state_senate
2021-07-07,500.0,Healthcare Association of New York State (HANYS),industry_association,unknown,Elijah Reichlin-Melnick,state_senate
2023-12-12,500.0,New York State Dental Association PAC (NYSDAPAC),industry_association,neutral,Latoya Joyner,assembly
2020-01-09,500.0,Greater New York Nursing Home Association,industry_association,neutral,Anna M. Kaplan,state_senate
2020-02-10,500.0,Healthcare Association of New York State (HANYS),industry_association,unknown,Anna M. Kaplan,state_senate
2022-05-13,500.0,New York State Dental Association PAC (NYSDAPAC),industry_association,neutral,Cordell Cleare,state_senate
2022-06-03,500.0,Medical Society of the State of New York,industry_association,neutral,Cordell Cleare,state_senate
2022-09-30,500.0,New York State Society of Anesthesiologists,industry_association,neutral,Cordell Cleare,state_senate
2026-01-05,500.0,The Doctors Company New York (DocPac),other_healthcare_related,neutral,Jeremy Cooney,state_senate
2020-02-20,500.0,Elevance,health_insurer,neutral,Andrew D Hevesi,assembly
2020-02-14,500.0,New York State Society of Anesthesiologists,industry_association,unknown,William B Magnarelli,assembly
2023-06-05,500.0,Health Plan Association (HPA) PAC,industry_association,neutral,Charles D Lavine,assembly
2023-04-11,500.0,Health Care Providers PAC,industry_association,neutral,Charles D Lavine,assembly
2022-06-21,500.0,New York State Society of Anesthesiologists,industry_association,neutral,Latrice Walker,assembly
2026-04-17,500.0,Empire State Assn. of Assisted Living (ESAAL),industry_association,neutral,Andrew Gounardes,state_senate
2025-10-29,500.0,Healthcare Association of New York State (HANYS),industry_association,neutral,Andrew Gounardes,state_senate
2026-03-06,500.0,Healthcare Association of New York State (HANYS),industry_association,neutral,Andrew Gounardes,state_senate
2023-03-07,500.0,NY Radiological Society,industry_association,neutral,William A. Barclay,assembly
2021-05-13,500.0,Pfizer,pharma,unknown,William A. Barclay,assembly
2020-07-07,500.0,Pfizer,pharma,unknown,William A. Barclay,assembly
2022-08-17,500.0,Ny Physical Therapy Association,industry_association,neutral,William A. Barclay,assembly
2023-03-07,500.0,Medical Society of the State of New York,industry_association,neutral,Charles D Lavine,assembly
2024-03-08,500.0,New York State Dental Association PAC (NYSDAPAC),industry_association,unknown,William A. Barclay,assembly
2026-05-11,500.0,Medical Society of the State of New York,industry_association,neutral,Charles D Lavine,assembly
2023-07-11,500.0,New York State Dental Association PAC (NYSDAPAC),industry_association,unknown,William A. Barclay,assembly
2022-05-18,500.0,Medical Society of the State of New York,industry_association,neutral,Charles D Lavine,assembly
2020-06-24,500.0,New York State Dental Association PAC (NYSDAPAC),industry_association,unknown,Anna M. Kaplan,state_senate
2023-05-31,500.0,Chain Pharmacy Association of New York State,industry_association,neutral,Latoya Joyner,assembly
2025-05-19,500.0,Medical Society of the State of New York,industry_association,neutral,Charles D Lavine,assembly
2021-08-26,500.0,Pfizer,pharma,neutral,William B Magnarelli,assembly
2022-05-12,500.0,Immigrant Elder Homecare LLC,post_acute_long_term_care,neutral,Hiram Monserrate,assembly
2022-05-12,500.0,Efficient Medical Care P.C.,hospital_health_system_provider,neutral,Hiram Monserrate,assembly
2024-04-01,500.0,Pfizer,pharma,unknown,Andrew J Lanza,state_senate
2025-05-13,500.0,Pfizer,pharma,unknown,Andrew J Lanza,state_senate
2023-12-20,500.0,Pharmacists Society of the State of New York,industry_association,unknown,Elijah Reichlin-Melnick,state_senate
2022-06-22,500.0,Town Pharmacy,pharmacy,neutral,Nayma Silver-Matos,assembly
2025-10-14,500.0,Healthcare Association of New York State (HANYS),industry_association,unknown,William B Magnarelli,assembly
2020-07-11,500.0,Elevance,health_insurer,neutral,Anna M. Kaplan,state_senate
2026-05-04,500.0,Healthcare Association of New York State (HANYS),industry_association,unknown,William B Magnarelli,assembly
2021-06-10,500.0,Pfizer,pharma,unknown,Andrew D Hevesi,assembly
2025-05-12,500.0,Pfizer,pharma,unknown,Andrew D Hevesi,assembly
2023-05-05,500.0,Pfizer,pharma,unknown,Andrew D Hevesi,assembly
2024-04-03,500.0,Health Plan Association (HPA) PAC,industry_association,neutral,Andrew D Hevesi,assembly
2023-03-20,500.0,Healthcare Association of New York State (HANYS),industry_association,unknown,Nathalia Fernandez,state_senate
2024-05-14,500.0,Pfizer,pharma,unknown,Andrew D Hevesi,assembly
2024-02-20,500.0,New York State Dental Association PAC (NYSDAPAC),industry_association,neutral,Joseph Sempolinski,assembly
2023-05-08,500.0,New York State Society of Anesthesiologists,industry_association,neutral,Latoya Joyner,assembly
2022-03-11,500.0,Intermed Care PC,hospital_health_system_provider,neutral,Alec Brook-Krasny,assembly
2022-05-12,500.0,New York State Society of Anesthesiologists,industry_association,neutral,Latoya Joyner,assembly
2022-10-26,500.0,New York State Dental Association PAC (NYSDAPAC),industry_association,unknown,Jessica Gonzalez-Rojas,assembly
2026-06-26,500.0,New York State Dental Association PAC (NYSDAPAC),industry_association,neutral,Jeremy Cooney,state_senate
2026-06-11,500.0,Empire State Assn. of Assisted Living (ESAAL),industry_association,unknown,Kalman Yeger,assembly
2026-06-11,500.0,Healthcare Association of New York State (HANYS),industry_association,unknown,Kalman Yeger,assembly
2025-05-29,500.0,Healthcare Association of New York State (HANYS),industry_association,unknown,Kalman Yeger,assembly
2026-06-08,500.0,Healthcare Association of New York State (HANYS),industry_association,unknown,Kalman Yeger,assembly
2025-02-27,500.0,NY Radiological Society,industry_association,neutral,Jeremy Cooney,state_senate
2025-03-05,500.0,American Assoc. of Orthopedic Surgeons,industry_association,neutral,Jeremy Cooney,state_senate
2025-11-26,500.0,Pharmacists Society of the State of New York,industry_association,neutral,Jeremy Cooney,state_senate
2022-01-31,500.0,New York State Society of Anesthesiologists,industry_association,neutral,Cordell Cleare,state_senate
2022-01-10,500.0,Northwell Health,hospital_health_system_provider,neutral,Anna M. Kaplan,state_senate
2020-07-08,500.0,Northwell Health,hospital_health_system_provider,neutral,Anna M. Kaplan,state_senate
2020-02-13,500.0,Medical Society of the State of New York,industry_association,neutral,Charles D Lavine,assembly
2021-07-11,500.0,NY State Psychiatric PAC,industry_association,neutral,Anna M. Kaplan,state_senate
2021-05-17,500.0,Pfizer,pharma,unknown,Andrew J Lanza,state_senate
2020-09-24,500.0,New York State Dental Association PAC (NYSDAPAC),industry_association,neutral,Thomas F O'Mara,assembly
2024-03-18,500.0,Upstate Health Advocacy Project (UHAP),industry_association,neutral,William B Magnarelli,assembly
2022-05-18,500.0,New York State Dental Association PAC (NYSDAPAC),industry_association,unknown,Thomas F O'Mara,assembly
2024-10-30,500.0,Leadingage New York Pac,industry_association,neutral,Ron Kim,assembly
2020-05-15,500.0,Mlp Np In Adult Health Group PC,hospital_health_system_provider,neutral,Taylor Darling,assembly
2024-10-12,500.0,Shu's Dental PC,hospital_health_system_provider,neutral,Ron Kim,assembly
2025-05-05,500.0,Bao Kang Adult Day Care Center,adult_day_care,neutral,Ron Kim,assembly
2022-05-26,500.0,New York State Society of Anesthesiologists,industry_association,unknown,Anna M. Kaplan,state_senate
2026-05-26,500.0,New York State Association of Health Car,industry_association,neutral,Steve Stern,assembly
2021-12-16,500.0,Abbott Laboratories,medical_device,unknown,William A. Barclay,assembly
2023-10-16,500.0,AbbVie,pharma,neutral,Andrea Stewart-Cousins,state_senate
2022-11-02,500.0,Bristol Myers Squibb,pharma,neutral,Andrea Stewart-Cousins,state_senate
2024-02-01,500.0,Chain Pharmacy Association of New York State,industry_association,neutral,Andrea Stewart-Cousins,state_senate
2022-01-13,500.0,New York State Society of Anesthesiologists,industry_association,unknown,Anna M. Kaplan,state_senate
2021-05-25,500.0,New York State Dental Association PAC (NYSDAPAC),industry_association,neutral,Thomas F O'Mara,assembly
2021-03-01,500.0,Upstate Health Advocacy Project (UHAP),industry_association,neutral,William B Magnarelli,assembly
2022-04-27,500.0,Upstate Health Advocacy Project (UHAP),industry_association,neutral,William B Magnarelli,assembly
2025-07-07,500.0,Upstate Health Advocacy Project (UHAP),industry_association,neutral,William B Magnarelli,assembly
2020-02-14,500.0,Upstate Health Advocacy Project (UHAP),industry_association,neutral,William B Magnarelli,assembly
2023-03-22,500.0,Upstate Health Advocacy Project (UHAP),industry_association,neutral,William B Magnarelli,assembly
2025-03-03,500.0,Healthcare Association of New York State (HANYS),industry_association,unknown,Nathalia Fernandez,state_senate
2024-07-19,500.0,Healthcare Association of New York State (HANYS),industry_association,unknown,Nathalia Fernandez,state_senate
2025-09-15,500.0,Health Plan Association (HPA) PAC,industry_association,neutral,Nathalia Fernandez,state_senate
2020-02-14,500.0,United New York Ambulance Network (UNYAN),industry_association,neutral,William B Magnarelli,assembly
2021-03-18,500.0,United New York Ambulance Network (UNYAN),industry_association,neutral,William B Magnarelli,assembly
2025-02-24,500.0,Healthcare Association of New York State (HANYS),industry_association,unknown,Andrew J Lanza,state_senate
2024-02-20,500.0,Healthcare Association of New York State (HANYS),industry_association,unknown,Andrew J Lanza,state_senate
2025-04-14,500.0,New York State Dental Association PAC (NYSDAPAC),industry_association,neutral,Nathalia Fernandez,state_senate
2026-02-12,500.0,New York State Dental Association PAC (NYSDAPAC),industry_association,neutral,Nathalia Fernandez,state_senate
2026-06-22,500.0,New York State Society of Plastic Surgeo,industry_association,neutral,Grace Lee,assembly
2025-04-19,500.0,NY State Psychiatric PAC,industry_association,neutral,Nathalia Fernandez,state_senate
2023-12-05,500.0,Molina Healthcare,health_insurer,neutral,Pamela Hunter,assembly
2024-07-08,500.0,Upstate Health Advocacy Project (UHAP),industry_association,neutral,Jeremy Cooney,state_senate
2026-02-13,500.0,Healthcare Association of New York State (HANYS),industry_association,unknown,Steve Stern,assembly
2020-01-16,500.0,Integrated Medicial Professionals PLLC,hospital_health_system_provider,neutral,Charles D Lavine,assembly
2022-03-31,500.0,Pfizer,pharma,unknown,William A. Barclay,assembly
2025-03-04,500.0,NY State Psychiatric PAC,industry_association,neutral,Andrew Gounardes,state_senate
2026-05-21,500.0,NY State Psychiatric PAC,industry_association,neutral,Andrew Gounardes,state_senate
2025-03-17,500.0,Northwell Health,hospital_health_system_provider,neutral,Charles D Lavine,assembly
2026-04-27,500.0,Medical Society of the State of New York,industry_association,neutral,Andrew Gounardes,state_senate
2026-01-08,500.0,Medical Society of the State of New York,industry_association,neutral,Andrew Gounardes,state_senate
2024-01-04,500.0,United Healthcare / UnitedHealth Group (UHC/UHG),health_insurer,neutral,Jeremy Cooney,state_senate
2024-03-22,500.0,District Council 37 (DC37),union,blocker,George Alvarez,assembly
2021-04-26,500.0,New York State Society of Anesthesiologists,industry_association,unknown,Anna M. Kaplan,state_senate
2026-05-26,500.0,Elevance,health_insurer,neutral,Charles D Lavine,assembly
2025-07-21,500.0,Pharmacists Society of the State of New York,industry_association,neutral,Andrew Gounardes,state_senate
2025-06-26,500.0,Pharmacists Society of the State of New York,industry_association,neutral,George Alvarez,assembly
2023-05-02,500.0,Pfizer,pharma,unknown,William A. Barclay,assembly
2024-04-09,500.0,Pfizer,pharma,unknown,William A. Barclay,assembly
2024-08-01,500.0,Pfizer,pharma,unknown,William A. Barclay,assembly
2020-01-13,500.0,Medical Society of the State of New York,industry_association,neutral,Anna M. Kaplan,state_senate
2022-08-18,500.0,Merck,pharma,neutral,Anna M. Kaplan,state_senate
2020-07-30,500.0,Medical Society of the State of New York,industry_association,neutral,Anna M. Kaplan,state_senate
2023-02-21,500.0,New York State Society of Anesthesiologists,industry_association,neutral,Charles D Lavine,assembly
2024-04-19,500.0,NY State Psychiatric PAC,industry_association,neutral,Nathalia Fernandez,state_senate
2020-11-12,500.0,Abbott Laboratories,medical_device,unknown,William A. Barclay,assembly
2022-05-18,500.0,New York State Dental Association PAC (NYSDAPAC),industry_association,unknown,Steven Cymbrowitz,assembly
2022-10-19,500.0,Healthcare Association of New York State (HANYS),industry_association,neutral,Steven Cymbrowitz,assembly
2020-05-27,500.0,Wang&#198;S Medical Group,hospital_health_system_provider,neutral,Ron Kim,assembly
2020-09-17,500.0,Merck,pharma,neutral,Steven Cymbrowitz,assembly
2022-05-20,500.0,New York State Society of Anesthesiologists,industry_association,neutral,Steven Cymbrowitz,assembly
2020-05-27,500.0,Aa Plus Medical Group,hospital_health_system_provider,neutral,Ron Kim,assembly
2022-10-06,500.0,New York State Society of Anesthesiologists,industry_association,unknown,Steven Cymbrowitz,assembly
2020-10-20,500.0,NY Radiological Society,industry_association,neutral,Steven Cymbrowitz,assembly
2020-04-29,500.0,Pfizer,pharma,unknown,Steven Cymbrowitz,assembly
2025-05-05,500.0,Premium Medical Care PC,hospital_health_system_provider,neutral,Ron Kim,assembly
2023-10-30,500.0,Great Grace Care Corp,hospital_health_system_provider,neutral,Ron Kim,assembly
2022-03-23,500.0,Pfizer,pharma,unknown,Andrew J Lanza,state_senate
2022-03-09,500.0,Eli Lilly,pharma,neutral,William A. Barclay,assembly
2023-03-06,500.0,"N and J Home Care, Inc.",post_acute_long_term_care,neutral,Andrew D Hevesi,assembly
2022-03-31,500.0,PhRMA,pharma,neutral,Jamaal T. Bailey,state_senate
2024-08-19,500.0,Pharmacists Society of the State of New York,industry_association,unknown,Jamaal T. Bailey,state_senate
2024-09-26,500.0,Pfizer,pharma,unknown,Jamaal T. Bailey,state_senate
2022-01-19,500.0,Pfizer,pharma,unknown,Jamaal T. Bailey,state_senate
2022-05-19,500.0,Pfizer,pharma,unknown,Jamaal T. Bailey,state_senate
2024-03-04,500.0,Medical Society of the State of New York,industry_association,neutral,Jeremy Cooney,state_senate
2023-07-07,500.0,Medical Society of the State of New York,industry_association,neutral,Jeremy Cooney,state_senate
2023-07-13,500.0,Brooklyn Village Adult Day Care,adult_day_care,neutral,Andrew Gounardes,state_senate
2023-06-26,500.0,District Council 37 (DC37),union,blocker,Manny De Los Santos,assembly
2024-10-24,500.0,NY Radiological Society,industry_association,neutral,Jeremy Cooney,state_senate
2020-08-31,500.0,Healthcare Association of New York State (HANYS),industry_association,unknown,Jamaal T. Bailey,state_senate
2022-01-21,500.0,Molina Healthcare,health_insurer,neutral,Anna M. Kaplan,state_senate
2023-11-20,500.0,Stanley Pharma LLC,pharmacy,neutral,Nader J. Sayegh,assembly
2024-05-21,500.0,Health Plan Association (HPA) PAC,industry_association,neutral,Jamaal T. Bailey,state_senate
2020-02-22,500.0,Park Avenue Medical Family Practice Geri,hospital_health_system_provider,neutral,Nader J. Sayegh,assembly
2023-06-20,500.0,Elevance,health_insurer,neutral,Alexis Weik,state_senate
2025-04-09,500.0,Surgeon Pac,industry_association,neutral,Jamaal T. Bailey,state_senate
2026-06-15,500.0,NY State Psychiatric PAC,industry_association,neutral,Jamaal T. Bailey,state_senate
2023-05-19,500.0,New York State Society of Anesthesiologists,industry_association,neutral,Pamela Hunter,assembly
2023-05-01,500.0,New York State Society of Anesthesiologists,industry_association,neutral,Monica Piga Wallace,assembly
2025-03-14,500.0,Healthcare Association of New York State (HANYS),industry_association,unknown,Sam Pirozzolo,assembly
2022-09-20,500.0,Pfizer,pharma,unknown,Monica Piga Wallace,assembly
2025-12-17,500.0,NY State Psychiatric PAC,industry_association,neutral,Jamaal T. Bailey,state_senate
2025-03-31,500.0,NY State Psychiatric PAC,industry_association,neutral,Jamaal T. Bailey,state_senate
2022-05-16,500.0,New York State Society of Anesthesiologists,industry_association,neutral,Pamela Hunter,assembly
2023-10-26,500.0,Healthcare Association of New York State (HANYS),industry_association,unknown,Monica Piga Wallace,assembly
2020-10-06,500.0,Eli Lilly,pharma,neutral,Monica Piga Wallace,assembly
2024-06-19,500.0,Healthcare Association of New York State (HANYS),industry_association,unknown,Monica Piga Wallace,assembly
2024-10-09,500.0,Healthcare Association of New York State (HANYS),industry_association,unknown,Monica Piga Wallace,assembly
2022-09-15,500.0,Healthcare Association of New York State (HANYS),industry_association,unknown,Monica Piga Wallace,assembly
2020-11-12,500.0,Healthcare Association of New York State (HANYS),industry_association,unknown,Monica Piga Wallace,assembly
2021-10-06,500.0,Healthcare Association of New York State (HANYS),industry_association,unknown,Monica Piga Wallace,assembly
2022-03-25,500.0,New York State Dental Association PAC (NYSDAPAC),industry_association,unknown,Monica Piga Wallace,assembly
2021-08-16,500.0,Park Avenue Medical Family Practice Geri,hospital_health_system_provider,neutral,Nader J. Sayegh,assembly
2023-05-17,500.0,NY Radiological Society,industry_association,neutral,Nader J. Sayegh,assembly
2023-05-19,500.0,New York State Society of Anesthesiologists,industry_association,neutral,Nader J. Sayegh,assembly
2021-10-23,500.0,United New York Ambulance Network (UNYAN),industry_association,neutral,James Skoufis,state_senate
2022-09-20,500.0,Healthcare Association of New York State (HANYS),industry_association,unknown,Nader J. Sayegh,assembly
2021-08-16,500.0,Healthcare Association of New York State (HANYS),industry_association,unknown,Nader J. Sayegh,assembly
2023-06-21,500.0,Healthcare Association of New York State (HANYS),industry_association,unknown,Nader J. Sayegh,assembly
2023-09-27,500.0,Advanced Southern Westchester Medical PC,hospital_health_system_provider,neutral,Nader J. Sayegh,assembly
2025-06-02,500.0,Medical Society of the State of New York,industry_association,neutral,Jamaal T. Bailey,state_senate
2023-06-23,500.0,MSSNY,industry_association,neutral,Michael Gianaris,assembly
2020-01-09,500.0,United New York Ambulance Network (UNYAN),industry_association,neutral,James Skoufis,state_senate
2022-09-22,500.0,Meru Pharmacy Inc. DBA Sunrise Pharmacy,pharmacy,neutral,Nader J. Sayegh,assembly
2021-08-25,500.0,Washingtonville Pharmacy Inc,pharmacy,neutral,James Skoufis,state_senate
2024-01-04,500.0,Molina Healthcare,health_insurer,neutral,Andrew D Hevesi,assembly
2022-11-01,500.0,Coalition of Asian-American Independent Practice Associations,industry_association,unknown,Jen Lunsford,state_senate
2023-06-09,500.0,Coalition of Asian-American Independent Practice Associations,industry_association,unknown,Jen Lunsford,state_senate
2021-08-12,500.0,Merck,pharma,neutral,Joseph P. Addabbo Jr.,state_senate
2020-11-03,500.0,Ny Physical Therapy Association,industry_association,neutral,Michael Gianaris,assembly
2022-04-01,500.0,Health Care Providers PAC,industry_association,neutral,Nader J. Sayegh,assembly
2021-08-16,500.0,Clarkstown Medical Care,hospital_health_system_provider,neutral,Nader J. Sayegh,assembly
2025-06-08,500.0,Pharmacists Society of the State of New York,industry_association,neutral,Linda B. Rosenthal,assembly
2025-06-30,500.0,Healthcare Association of New York State (HANYS),industry_association,neutral,Linda B. Rosenthal,assembly
2024-02-26,500.0,Ny Physical Therapy Association,industry_association,neutral,Jeremy Cooney,state_senate
2023-10-10,500.0,Healthcare Association of New York State (HANYS),industry_association,unknown,MaryJane C Shimsky,assembly
2023-12-28,500.0,Merck,pharma,neutral,Jamaal T. Bailey,state_senate
2022-07-07,500.0,Brooklyn Village Adult Day Care,adult_day_care,neutral,Andrew Gounardes,state_senate
2021-07-07,500.0,Brooklyn Village Adult Day Care,adult_day_care,neutral,Andrew Gounardes,state_senate
2024-10-01,500.0,New York State Society of Anesthesiologists,industry_association,neutral,Nader J. Sayegh,assembly
2024-05-14,500.0,NY Radiological Society,industry_association,neutral,Nader J. Sayegh,assembly
2023-03-03,500.0,Eli Lilly,pharma,neutral,Jamaal T. Bailey,state_senate
2024-07-05,500.0,Eli Lilly,pharma,neutral,Jamaal T. Bailey,state_senate
2022-04-30,500.0,Health Care Providers PAC,industry_association,neutral,Linda B. Rosenthal,assembly
2025-06-30,500.0,Chain Pharmacy Association of New York State,industry_association,neutral,Linda B. Rosenthal,assembly
2025-05-13,500.0,NY Radiological Society,industry_association,neutral,Nader J. Sayegh,assembly
2023-05-22,500.0,Medical Society of the State of New York,industry_association,neutral,Nader J. Sayegh,assembly
2024-05-02,500.0,New York State Society of Anesthesiologists,industry_association,neutral,Monica Piga Wallace,assembly
2022-09-20,500.0,VXL Medical Care PC,hospital_health_system_provider,neutral,Anna M. Kaplan,state_senate
2024-10-04,500.0,New York State Society of Anesthesiologists,industry_association,unknown,Monica Piga Wallace,assembly
2023-10-18,500.0,Pfizer,pharma,unknown,Joshua T. Jensen,assembly
2020-07-03,500.0,Pfizer,pharma,unknown,Andrew J Lanza,state_senate
2022-02-15,500.0,Molina Healthcare,health_insurer,neutral,William B Magnarelli,assembly
2026-03-27,500.0,Merck,pharma,neutral,Joshua T. Jensen,assembly
2026-01-28,500.0,PhRMA,pharma,neutral,Joshua T. Jensen,assembly
2025-03-19,500.0,PhRMA,pharma,neutral,Joshua T. Jensen,assembly
2025-04-30,500.0,Pfizer,pharma,unknown,Joshua T. Jensen,assembly
2024-07-24,500.0,Pfizer,pharma,unknown,Joshua T. Jensen,assembly
2026-04-29,500.0,Merck,pharma,neutral,Larinda C. Hooks,assembly
2026-01-27,500.0,NY Radiological Society,industry_association,neutral,Joshua T. Jensen,assembly
2025-02-12,500.0,NY Radiological Society,industry_association,neutral,Joshua T. Jensen,assembly
2024-03-05,500.0,NY Radiological Society,industry_association,neutral,Joshua T. Jensen,assembly
2023-03-17,500.0,NY Radiological Society,industry_association,neutral,Joshua T. Jensen,assembly
2025-03-03,500.0,NYS Dentist Assoc. PAC,industry_association,neutral,Joshua T. Jensen,assembly
2025-02-26,500.0,New York State Society of Anesthesiologists,industry_association,neutral,Joshua T. Jensen,assembly
2025-04-07,500.0,NY State Psychiatric PAC,industry_association,neutral,Andrew D Hevesi,assembly
2023-04-11,500.0,NY State Psychiatric PAC,industry_association,neutral,Andrew D Hevesi,assembly
2024-10-24,500.0,NY State Psychiatric PAC,industry_association,neutral,Andrew D Hevesi,assembly
2021-11-18,500.0,NY State Psychiatric PAC,industry_association,neutral,Andrew D Hevesi,assembly
2024-05-23,500.0,NY Radiological Society,industry_association,neutral,Andrew D Hevesi,assembly
2026-05-18,500.0,NY Radiological Society,industry_association,neutral,Andrew D Hevesi,assembly
2023-04-11,500.0,Pfizer,pharma,unknown,Andrew J Lanza,state_senate
2022-11-03,500.0,NYSSHFA and NYSCAL,industry_association,neutral,Andrew D Hevesi,assembly
2020-09-08,500.0,Pfizer,pharma,unknown,Andrew D Hevesi,assembly
2025-04-07,500.0,NY Radiological Society,industry_association,neutral,Andrew D Hevesi,assembly
2026-03-25,500.0,Healthcare Association of New York State (HANYS),industry_association,unknown,Andrew D Hevesi,assembly
2023-07-31,500.0,Pharmacists Society of the State of New York,industry_association,unknown,Nathalia Fernandez,state_senate
2026-03-25,500.0,Health Plan Association (HPA) PAC,industry_association,neutral,Andrew D Hevesi,assembly
2022-10-31,500.0,Pharmacists Society of the State of New York,industry_association,unknown,Nathalia Fernandez,state_senate
2024-10-30,500.0,Merck,pharma,neutral,Andrew D Hevesi,assembly
2022-11-08,500.0,Merck,pharma,neutral,Andrew D Hevesi,assembly
2025-03-17,500.0,New York State Society of Anesthesiologists,industry_association,unknown,Jamaal T. Bailey,state_senate
2023-03-27,500.0,New York Emergency Medicine,industry_association,neutral,Joshua T. Jensen,assembly
2024-07-18,500.0,PhRMA,pharma,neutral,Joshua T. Jensen,assembly
2022-06-10,500.0,New York State Society of Anesthesiologists,industry_association,unknown,Elijah Reichlin-Melnick,state_senate
2023-05-04,500.0,Healthcare Association of New York State (HANYS),industry_association,unknown,Joshua T. Jensen,assembly
2022-11-16,500.0,Pfizer,pharma,unknown,Latoya Joyner,assembly
2026-02-26,500.0,Maxim Healthcare Services,hospital_health_system_provider,neutral,Joshua T. Jensen,assembly
2023-06-29,500.0,Leadingage New York Pac,industry_association,neutral,Joshua T. Jensen,assembly
2024-10-10,500.0,Leadingage New York Pac,industry_association,neutral,Joshua T. Jensen,assembly
2025-04-17,500.0,Leadingage New York Pac,industry_association,neutral,Joshua T. Jensen,assembly
2022-01-14,500.0,Pharmacists Society of the State of New York,industry_association,unknown,Latoya Joyner,assembly
2026-02-18,500.0,Healthcare Association of New York State (HANYS),industry_association,unknown,Joshua T. Jensen,assembly
2026-05-01,500.0,Medical Society of the State of New York,industry_association,neutral,Jeremy Cooney,state_senate
2024-03-20,500.0,Empire State Assn. of Assisted Living (ESAAL),industry_association,unknown,Joshua T. Jensen,assembly
2026-02-03,500.0,Empire State Assn. of Assisted Living (ESAAL),industry_association,unknown,Joshua T. Jensen,assembly
2026-02-03,500.0,Healthcare Association of New York State (HANYS),industry_association,unknown,Jo Anne Simon,assembly
2023-03-08,500.0,New York State Dental Association PAC (NYSDAPAC),industry_association,neutral,Joshua T. Jensen,assembly
2026-02-05,500.0,Elevance,health_insurer,neutral,Joshua T. Jensen,assembly
2020-03-04,500.0,NY Assn. of Nurse Anesthetists,industry_association,neutral,Jamaal T. Bailey,state_senate
2025-07-15,500.0,Maxim Healthcare Services,hospital_health_system_provider,neutral,Joshua T. Jensen,assembly
2020-10-15,500.0,Merck,pharma,neutral,Andrew D Hevesi,assembly
2024-03-27,500.0,Healthcare Association of New York State (HANYS),industry_association,unknown,Joshua T. Jensen,assembly
2026-05-08,500.0,Empire State Assn. of Assisted Living (ESAAL),industry_association,neutral,William B Magnarelli,assembly
2021-08-13,500.0,District Council 37 (DC37),union,blocker,Jenifer Rajkumar,assembly
2022-11-30,500.0,Eli Lilly,pharma,neutral,Jenifer Rajkumar,assembly
2020-10-05,500.0,Pharmacists Society of the State of New York,industry_association,unknown,Elijah Reichlin-Melnick,state_senate
2025-09-05,500.0,Medical Society of the State of New York,industry_association,neutral,Jeremy Cooney,state_senate
2024-09-03,500.0,Fiorello Pharmaceuticals,pharma,neutral,Elijah Reichlin-Melnick,state_senate
2025-05-02,500.0,Medical Society of the State of New York,industry_association,neutral,Joshua T. Jensen,assembly
2026-05-15,500.0,Medical Society of the State of New York,industry_association,neutral,Joshua T. Jensen,assembly
2026-01-14,500.0,Upstate Health Advocacy Project (UHAP),industry_association,neutral,Joshua T. Jensen,assembly
2023-04-25,500.0,Upstate Health Advocacy Project (UHAP),industry_association,neutral,Joshua T. Jensen,assembly
2021-04-26,500.0,Pfizer,pharma,unknown,Elijah Reichlin-Melnick,state_senate
2021-12-22,500.0,Bristol Myers Squibb,pharma,neutral,William B Magnarelli,assembly
2022-09-30,500.0,Bristol Myers Squibb,pharma,neutral,William B Magnarelli,assembly
2025-02-07,467.13,Intercounty Health Facilities Assoc. PAC,industry_association,neutral,Gustavo Rivera,state_senate
2022-10-14,450.0,Committee for Medical Eye Care,industry_association,neutral,James N. Tedisco,state_senate
2021-07-07,450.0,Chain Pharmacy Association of New York State,industry_association,neutral,Timothy M Kennedy,state_senate
2026-06-27,450.0,New York State Dental Association PAC (NYSDAPAC),industry_association,neutral,Jarett C. Gandolfo,state_senate
2021-12-10,425.0,Merck,pharma,neutral,Rebecca A. Seawright,assembly
2021-12-27,425.0,Merck,pharma,neutral,Latoya Joyner,assembly
2022-06-02,400.0,Medical Society of the State of New York,industry_association,neutral,Patricia A. Fahy,assembly
2025-08-13,400.0,Wurlitzer Family Pharmacy,pharmacy,neutral,Palmo A. Bologna,assembly
2025-04-28,400.0,New York State Society of Anesthesiologists,industry_association,unknown,Joseph A. Griffo,state_senate
2021-11-01,400.0,"Erin M. Prunty, DDS, PLLC Taconic Dental",hospital_health_system_provider,neutral,Susan J Serino,assembly
2022-03-29,400.0,Upstate Health Advocacy Project (UHAP),industry_association,neutral,John T. Mcdonald III,assembly
2020-10-27,400.0,Medical Society Of The County Of Erie,industry_association,neutral,Patrick M Gallivan,state_senate
2021-05-28,400.0,Chain Pharmacy Association of New York State,industry_association,neutral,John T. Mcdonald III,assembly
2024-02-21,400.0,New York State Dental Association PAC (NYSDAPAC),industry_association,unknown,Joseph A. Griffo,state_senate
2023-02-27,400.0,New York State Dental Association PAC (NYSDAPAC),industry_association,unknown,Joseph A. Griffo,state_senate
2024-02-21,400.0,New York State Society of Anesthesiologists,industry_association,unknown,Joseph A. Griffo,state_senate
2022-10-27,400.0,United New York Ambulance Network (UNYAN),industry_association,neutral,Patricia A. Fahy,assembly
2022-05-24,400.0,United New York Ambulance Network (UNYAN),industry_association,neutral,Patricia A. Fahy,assembly
2021-04-30,400.0,Upstate Health Advocacy Project (UHAP),industry_association,neutral,John T. Mcdonald III,assembly
2023-10-18,400.0,Pharmacists Society of the State of New York,industry_association,unknown,Jonathan D. Rivera,assembly
2020-03-04,400.0,Medical Society of the State of New York,industry_association,neutral,Joseph A. Griffo,state_senate
2023-08-01,400.0,New York State Dental Association PAC (NYSDAPAC),industry_association,unknown,Monica Piga Wallace,assembly
2022-04-20,400.0,Healthcare Association of New York State (HANYS),industry_association,unknown,John T. Mcdonald III,assembly
2025-03-18,400.0,Greater New York Hospital Association (GNYHA),industry_association,neutral,Michaelle C. Solages,assembly
2020-07-27,400.0,Medical Society of the State of New York,industry_association,neutral,John T. Mcdonald III,assembly
2024-02-21,400.0,American Assoc. of Orthopedic Surgeons,industry_association,neutral,Joseph A. Griffo,state_senate
2025-03-18,400.0,Greater New York Hospital Association (GNYHA),industry_association,neutral,Harry Bronson,assembly
2025-05-22,400.0,Elevance,health_insurer,neutral,George M. Borrello,state_senate
2026-02-19,400.0,Greater New York Hospital Association (GNYHA),industry_association,neutral,Jordan J G Wright,assembly
2022-06-09,400.0,"MSSNY PAC, State Fund",industry_association,neutral,John T. Mcdonald III,assembly
2025-03-18,400.0,New York State Assoc. of Healthcare Providers (NYSHCP),industry_association,neutral,John T. Mcdonald III,assembly
2020-10-29,400.0,Medical Society of the State of New York,industry_association,neutral,Monica R. Martinez,state_senate
2021-11-01,400.0,"Erin M. Prunty, DDS, PLLC Taconic Dental",hospital_health_system_provider,neutral,Susan J Serino,state_senate
2025-03-31,400.0,Greater New York Hospital Association (GNYHA),industry_association,neutral,Alicia A. Hyndman,assembly
2020-02-12,400.0,Upstate Health Advocacy Project (UHAP),industry_association,neutral,Patricia A Ritchie,state_senate
2022-01-19,400.0,Mssnypac,industry_association,neutral,Crystal D Peoples,assembly
2023-12-31,400.0,Greater New York Hospital Association (GNYHA),industry_association,neutral,Samra Brouk,state_senate
2021-08-14,400.0,NY State Psychiatric PAC,industry_association,neutral,John T. Mcdonald III,assembly
2022-11-01,400.0,Medical Society of the State of New York,industry_association,neutral,Crystal D Peoples,assembly
2022-10-24,400.0,Centene,health_insurer,neutral,Kimberly Jean-Pierre,assembly
2022-03-29,400.0,Upstate Health Advocacy Project (UHAP),industry_association,neutral,John T. Mcdonald III,assembly
2023-08-30,400.0,Brown's Pharmacy LLC,pharmacy,neutral,Joseph G. Angelino,assembly
2022-07-22,400.0,NY State Psychiatric PAC,industry_association,neutral,Patricia A. Fahy,assembly
2022-06-09,400.0,NY State Psychiatric PAC,industry_association,neutral,John T. Mcdonald III,assembly
2020-02-26,400.0,Upstate Health Advocacy Project (UHAP),industry_association,neutral,Joseph A. Griffo,state_senate
2020-01-10,400.0,Medical Society of the State of New York,industry_association,neutral,Timothy M Kennedy,state_senate
2026-02-19,400.0,Greater New York Hospital Association (GNYHA),industry_association,neutral,Jordan J G Wright,assembly
2025-02-11,400.0,Greater New York Hospital Association (GNYHA),industry_association,neutral,Latrice Walker,assembly
2020-02-06,400.0,New York State Dental Association PAC (NYSDAPAC),industry_association,unknown,Patricia A Ritchie,state_senate
2025-05-21,382.0,Health Plan Association (HPA) PAC,industry_association,neutral,J. Garry Pretlow,assembly
2026-06-08,380.0,Empire State Assn. of Assisted Living (ESAAL),industry_association,unknown,Nathalia Fernandez,state_senate
2023-10-17,375.0,PARK AVE CHIROPRACTICE WELLNESS PAC,industry_association,neutral,Carl Heastie,assembly
2023-10-10,375.0,New York State Dental Association PAC (NYSDAPAC),industry_association,unknown,Carl Heastie,assembly
2024-10-21,375.0,Pharmacists Society of the State of New York,industry_association,unknown,Karines Reyes,assembly
2024-02-10,375.0,Medical Society of the State of New York,industry_association,neutral,Carl Heastie,assembly
2020-08-17,370.0,"Andolina Dental, P.C.",hospital_health_system_provider,neutral,Marjorie L. Byrnes,assembly
2025-05-12,360.0,Carmel Richmond Nursing Home,post_acute_long_term_care,neutral,Sam Pirozzolo,assembly
2021-05-10,350.0,Kingsway Arms Nursing Center,post_acute_long_term_care,neutral,James N. Tedisco,state_senate
2021-10-04,350.0,"Erin M. Prunty, DDS, PLLC Taconic Dental",hospital_health_system_provider,neutral,Susan J Serino,state_senate
2022-03-22,350.0,Kingsway Arms Nursing Center,post_acute_long_term_care,neutral,James N. Tedisco,state_senate
2025-06-05,350.0,Medical Society of the State of New York,industry_association,neutral,Pamela A Helming,state_senate
2024-06-20,350.0,NY Diagnostics Corp.,imaging_diagnostics,neutral,Joseph P. De Stefano,assembly
2024-06-18,350.0,Empire State Assn. of Assisted Living (ESAAL),industry_association,unknown,William B Magnarelli,assembly
2020-03-06,350.0,New York State Dental Association PAC (NYSDAPAC),industry_association,neutral,Patricia A. Fahy,assembly
2021-07-29,350.0,NY State Psychiatric PAC,industry_association,neutral,John W. Mannion,state_senate
2024-02-05,350.0,New York State Dental Association PAC (NYSDAPAC),industry_association,unknown,Robert G Ortt,state_senate
2023-05-01,350.0,New York Emergency Medicine,industry_association,neutral,Amy Paulin,assembly
2021-07-09,350.0,Medical Society of the State of New York,industry_association,neutral,Susan J Serino,state_senate
2023-12-12,350.0,New York State Dental Association PAC (NYSDAPAC),industry_association,unknown,Edward C Braunstein,assembly
2022-05-19,350.0,Pharmacists Society of the State of New York,industry_association,unknown,Latoya Joyner,assembly
2020-09-10,350.0,NY State Psychiatric PAC,industry_association,neutral,Patricia A. Fahy,assembly
2021-07-09,350.0,Medical Society of the State of New York,industry_association,neutral,Susan J Serino,assembly
2026-03-18,350.0,Greater New York Hospital Association (GNYHA),industry_association,neutral,Catalina Cruz,assembly
2021-10-04,350.0,"Erin M. Prunty, DDS, PLLC Taconic Dental",hospital_health_system_provider,neutral,Susan J Serino,assembly
2025-03-03,350.0,Pharmacists Society of the State of New York,industry_association,neutral,Karines Reyes,assembly
2020-11-27,350.0,NY State Psychiatric PAC,industry_association,neutral,Thomas J Abinanti,assembly
2022-03-29,350.0,Pharmacists Society of the State of New York,industry_association,unknown,Thomas J Abinanti,assembly
2021-10-29,350.0,Super Health Pharmacy LLC,pharmacy,neutral,Karines Reyes,assembly
2021-09-01,350.0,NY State Psychiatric PAC,industry_association,neutral,Patricia A. Fahy,assembly
2024-05-20,350.0,New York State Dental Association PAC (NYSDAPAC),industry_association,unknown,Patricia A. Fahy,state_senate
2020-03-03,350.0,Medical Society of the State of New York,industry_association,neutral,Patricia A. Fahy,assembly
2020-10-28,333.0,Health Now Pac,industry_association,neutral,James Skoufis,state_senate
2024-03-18,304.25,Health Plan Association (HPA) PAC,industry_association,neutral,John T. Mcdonald III,assembly
2024-02-26,304.25,Health Plan Association (HPA) PAC,industry_association,neutral,Pamela Hunter,assembly
2024-05-13,304.24,Health Plan Association (HPA) PAC,industry_association,neutral,Samuel Tzvi Berger,assembly
2021-03-25,300.0,Ny Diagnostic Management Corporation,imaging_diagnostics,neutral,Joseph P. De Stefano,assembly
2023-11-29,300.0,Chain Pharmacy Association of New York State,industry_association,neutral,James Skoufis,state_senate
2021-09-03,300.0,Ny Diagnostic Management Corporation,imaging_diagnostics,neutral,Joseph P. De Stefano,assembly
2023-06-22,300.0,Medical Society of the State of New York,industry_association,neutral,Aileen Gunther,assembly
2023-05-17,300.0,New York State Society of PAs PAC,industry_association,neutral,Aileen Gunther,assembly
2021-04-27,300.0,Medical Society of the State of New York,industry_association,neutral,Michael J Cusick,assembly
2021-10-01,300.0,Huntington Physical Therapy PC,hospital_health_system_provider,unknown,Keith P. Brown,assembly
2020-02-13,300.0,Medicial Society Of The State Of New York,industry_association,neutral,Michael J Cusick,assembly
2026-06-22,300.0,NY Assn. of Nurse Anesthetists,industry_association,neutral,Karines Reyes,assembly
2025-03-18,300.0,Greater New York Hospital Association (GNYHA),industry_association,neutral,Toby Ann Stavisky,state_senate
2021-11-22,300.0,Johnson & Johnson,pharma,neutral,Jamaal T. Bailey,state_senate
2024-10-17,300.0,Pharmacists Society of the State of New York,industry_association,unknown,Amy Paulin,assembly
2024-02-15,300.0,New York State Dental Association PAC (NYSDAPAC),industry_association,unknown,Luis R. Sepulveda,state_senate
2026-02-23,300.0,Upstate Health Advocacy Project (UHAP),industry_association,neutral,Philip A. Palmesano,assembly
2026-02-23,300.0,Upstate Health Advocacy Project (UHAP),industry_association,neutral,Philip A. Palmesano,assembly
2024-04-16,300.0,Greater New York Hospital Association (GNYHA),industry_association,neutral,Luis R. Sepulveda,state_senate
2021-01-08,300.0,Medical Society of the State of New York,industry_association,neutral,Peter Harckham,state_senate
2026-04-23,300.0,AbbVie,pharma,neutral,Michaelle C. Solages,assembly
2026-01-11,300.0,Medical Society of the State of New York,industry_association,neutral,Amy Paulin,assembly
2020-07-15,300.0,NY State Psychiatric PAC,industry_association,neutral,Angelo L Santabarbara,assembly
2026-01-30,300.0,Healthcare Association of New York State (HANYS),industry_association,unknown,Mark C. Walczyk,state_senate
2026-05-27,300.0,NY State Psychiatric PAC,industry_association,neutral,Andrew J Lanza,state_senate
2021-05-07,300.0,Medical Society of the State of New York,industry_association,neutral,Kenneth P. Zebrowski,assembly
2023-12-11,300.0,AbbVie,pharma,neutral,Michaelle C. Solages,assembly
2020-03-04,300.0,Ny Physical Therapy Association,industry_association,neutral,Joseph A. Griffo,state_senate
2023-06-20,300.0,Healthcare Association of New York State (HANYS),industry_association,unknown,William B Magnarelli,assembly
2024-06-26,300.0,AbbVie,pharma,neutral,Michaelle C. Solages,assembly
2026-06-02,300.0,Healthcare Association of New York State (HANYS),industry_association,unknown,"Albert A Stirpe, Jr.",assembly
2024-02-26,300.0,NY State Psychiatric PAC,industry_association,neutral,Andrew J Lanza,state_senate
2023-04-01,300.0,NY State Psychiatric PAC,industry_association,neutral,Andrew J Lanza,state_senate
2025-03-03,300.0,NY State Psychiatric PAC,industry_association,neutral,Andrew J Lanza,state_senate
2022-11-04,300.0,MSSNY,industry_association,neutral,Michael Gianaris,assembly
2024-01-29,300.0,New York State Dental Association PAC (NYSDAPAC),industry_association,unknown,Peter Harckham,state_senate
2023-11-22,300.0,AbbVie,pharma,neutral,Amy Paulin,assembly
2023-06-13,300.0,"Independent Health Care Services, Inc",hospital_health_system_provider,neutral,William B Magnarelli,assembly
2025-04-07,300.0,AbbVie,pharma,neutral,Michaelle C. Solages,assembly
2024-02-22,300.0,Efficient Medical Care PC,hospital_health_system_provider,neutral,Hiram Monserrate,assembly
2020-02-13,300.0,New York State Society of Anesthesiologists,industry_association,unknown,Kenneth P. Zebrowski,assembly
2021-05-07,300.0,New York State Society of Anesthesiologists,industry_association,unknown,Kenneth P. Zebrowski,assembly
2022-03-04,300.0,Pharmacists Society of the State of New York,industry_association,unknown,Jeremy Cooney,state_senate
2022-09-20,300.0,Fresh Meadows Best Medical Care PC,hospital_health_system_provider,neutral,Anna M. Kaplan,state_senate
2023-08-17,300.0,Pharmacists Society of the State of New York,industry_association,unknown,Monica R. Martinez,state_senate
2021-07-06,300.0,TSSNY Pharmacy PAC,industry_association,neutral,Elijah Reichlin-Melnick,state_senate
2022-09-20,300.0,Franklin Dental Supply Inc.,hospital_health_system_provider,neutral,Anna M. Kaplan,state_senate
2021-03-09,300.0,Healthcare Association of New York State (HANYS),industry_association,unknown,Amy Paulin,assembly
2024-03-14,300.0,Kings HWY Pharmacy INC,pharmacy,neutral,Alec Brook-Krasny,assembly
2024-08-13,300.0,AbbVie,pharma,neutral,Amy Paulin,assembly
2021-12-04,300.0,Johnson & Johnson,pharma,neutral,John T. Mcdonald III,assembly
2022-10-19,300.0,Chain Pharmacy Association of New York State,industry_association,neutral,John T. Mcdonald III,assembly
2025-04-03,300.0,Kingsway Arms Nursing Center,post_acute_long_term_care,neutral,James N. Tedisco,state_senate
2026-04-20,300.0,Sea Breeze Pharmacy,pharmacy,unknown,Alec Brook-Krasny,assembly
2021-06-21,300.0,New York State Association of Health Und,industry_association,neutral,John W. Mannion,state_senate
2025-03-18,300.0,Greater New York Hospital Association (GNYHA),industry_association,neutral,Lea Webb,state_senate
2020-02-19,300.0,United New York Ambulance Network (UNYAN),industry_association,neutral,James N. Tedisco,state_senate
2021-05-21,300.0,New York State Association of Health Und,industry_association,neutral,Anna M. Kaplan,state_senate
2026-06-02,300.0,Healthcare Association of New York State (HANYS),industry_association,unknown,"Albert A Stirpe, Jr.",state_senate
2026-04-20,300.0,Bright Pharmacy,pharmacy,neutral,Alec Brook-Krasny,assembly
2021-05-05,300.0,Medical Society of the State of New York,industry_association,neutral,James N. Tedisco,state_senate
2021-11-01,300.0,NY State Psychiatric PAC,industry_association,neutral,Philip A. Palmesano,assembly
2020-08-31,300.0,United New York Ambulance Network (UNYAN),industry_association,neutral,James N. Tedisco,state_senate
2022-09-09,300.0,Pilgrim Pharmacy Inc,pharmacy,neutral,Michael R Benedetto,assembly
2021-08-26,300.0,Pharmacists Society of the State of New York,industry_association,unknown,Michael R Benedetto,assembly
2022-06-10,300.0,Schutze Family Dentistry PC,hospital_health_system_provider,unknown,Daniel G. Stec,state_senate
2021-10-30,300.0,"Pine Plains Pharmacy, Inc.",pharmacy,neutral,John T. Mcdonald III,assembly
2023-06-23,300.0,Medical Society of the State of New York,industry_association,neutral,John W. Mannion,state_senate
2023-08-17,300.0,Pharmacists Society of the State of New York,industry_association,unknown,Michael R Benedetto,assembly
2023-08-31,300.0,Bronx Physical Therapy,hospital_health_system_provider,neutral,Michael R Benedetto,assembly
2021-06-16,300.0,Nurse Practitioners Of NY State PAC,industry_association,neutral,Amy Paulin,assembly
2024-07-26,300.0,New York State Dental Association PAC (NYSDAPAC),industry_association,neutral,Lea Webb,state_senate
2024-10-02,300.0,Pharmacists Society of the State of New York,industry_association,unknown,Michael R Benedetto,assembly
2022-05-02,300.0,Upstate Health Advocacy Project (UHAP),industry_association,neutral,Patrick M Gallivan,state_senate
2022-11-10,300.0,Medical Society of the State of New York,industry_association,neutral,Carrie Woerner,assembly
2026-02-25,300.0,Health Plan Association (HPA) PAC,industry_association,neutral,Philip A. Palmesano,assembly
2025-06-03,300.0,Elevance,health_insurer,neutral,Andrew J Lanza,state_senate
2024-01-11,300.0,New York State Dental Association PAC (NYSDAPAC),industry_association,neutral,Erik Martin Dilan,assembly
2022-11-04,300.0,MSSNY,industry_association,neutral,Michael Gianaris,state_senate
2020-07-10,300.0,AbbVie,pharma,neutral,John J Flanagan,state_senate
2023-10-16,300.0,AbbVie,pharma,neutral,David I Weprin,assembly
2020-01-03,300.0,Healthcare Association of New York State (HANYS),industry_association,unknown,Judy A. Griffin,assembly
2021-05-17,300.0,Medical Society of the State of New York,industry_association,neutral,Andrew J Lanza,state_senate
2020-01-20,300.0,New York Emergency Medicine,industry_association,neutral,Michael J Cusick,assembly
2023-07-20,300.0,Elevance,health_insurer,neutral,Philip A. Palmesano,assembly
2024-02-26,300.0,Greater New York Hospital Association (GNYHA),industry_association,neutral,Jonathan D. Rivera,assembly
2020-07-07,300.0,AbbVie,pharma,neutral,William A. Barclay,assembly
2020-05-09,300.0,New York State Dental Association PAC (NYSDAPAC),industry_association,unknown,Andrew J Lanza,state_senate
2020-11-12,300.0,New York State Dental Association PAC (NYSDAPAC),industry_association,unknown,Monica Piga Wallace,assembly
2024-08-23,300.0,New York State Dental Association PAC (NYSDAPAC),industry_association,unknown,Philip A. Palmesano,assembly
2022-01-26,300.0,Omni Pediatrics PC,hospital_health_system_provider,neutral,Lee Michael Zeldin,governor
2022-03-02,300.0,New York State Dental Association PAC (NYSDAPAC),industry_association,neutral,Philip A. Palmesano,assembly
2020-02-24,300.0,New York State Dental Association PAC (NYSDAPAC),industry_association,neutral,Philip A. Palmesano,assembly
2021-06-11,300.0,Catholic Health,hospital_health_system_provider,neutral,Steve Stern,assembly
2026-04-30,277.0,Greater New York Hospital Association (GNYHA),industry_association,neutral,Landon Dais,assembly
2023-03-27,263.18,Health Plan Association (HPA) PAC,industry_association,neutral,John T. Mcdonald III,assembly
2026-04-01,255.0,Health Plan Association (HPA) PAC,industry_association,neutral,Jen Lunsford,assembly
2026-04-01,255.0,Health Plan Association (HPA) PAC,industry_association,neutral,Jen Lunsford,state_senate
2022-05-17,250.0,Healthcare Association of New York State (HANYS),industry_association,unknown,Edward C Braunstein,assembly
2025-09-06,250.0,Medical Society of the State of New York,industry_association,neutral,Karen M. Mcmahon,assembly
2023-07-26,250.0,Healthcare Association of New York State (HANYS),industry_association,unknown,Karen M. Mcmahon,assembly
2021-12-20,250.0,Johnson & Johnson,pharma,neutral,Edward C Braunstein,assembly
2023-05-29,250.0,Johnson & Johnson,pharma,neutral,Edward C Braunstein,assembly
2025-06-10,250.0,Healthcare Association of New York State (HANYS),industry_association,unknown,Karen M. Mcmahon,assembly
2022-03-02,250.0,Healthcare Association of New York State (HANYS),industry_association,unknown,Karen M. Mcmahon,assembly
2023-04-10,250.0,Healthcare Association of New York State (HANYS),industry_association,unknown,Kenneth Burgos,assembly
2022-03-10,250.0,New York State Society of Anesthesiologists,industry_association,unknown,Karen M. Mcmahon,assembly
2020-02-25,250.0,New York State Society of Anesthesiologists,industry_association,unknown,Karen M. Mcmahon,assembly
2025-06-17,250.0,Healthcare Association of New York State (HANYS),industry_association,unknown,Karines Reyes,assembly
2026-01-24,250.0,Pharmacists Society of the State of New York,industry_association,neutral,Rebecca  Kassay,assembly
2022-05-30,250.0,Healthcare Association of New York State (HANYS),industry_association,unknown,Karines Reyes,assembly
2022-05-17,250.0,Medical Society of the State of New York,industry_association,neutral,Edward C Braunstein,assembly
2022-09-28,250.0,Bethany Nursing Home Inc,post_acute_long_term_care,neutral,Thomas F O'Mara,state_senate
2022-05-17,250.0,Johnson & Johnson,pharma,neutral,Edward C Braunstein,assembly
2021-04-15,250.0,Healthcare Association of New York State (HANYS),industry_association,unknown,Marjorie L. Byrnes,assembly
2024-03-28,250.0,Nassau County Police Medic Assoc PAC,industry_association,neutral,Edward P Ra,assembly
2020-03-27,250.0,NY Radiological Society,industry_association,neutral,Marjorie L. Byrnes,assembly
2023-12-20,250.0,Pharmacists Society of the State of New York,industry_association,unknown,Kenneth Burgos,assembly
2020-02-24,250.0,New York State Dental Association PAC (NYSDAPAC),industry_association,neutral,Mark Charles Walczyk,assembly
2025-01-29,250.0,Healthcare Association of New York State (HANYS),industry_association,unknown,Patrick M Gallivan,state_senate
2024-05-01,250.0,Pharmacists Society of the State of New York,industry_association,unknown,Marianne Buttenschon,assembly
2020-03-09,250.0,Upstate Health Advocacy Project (UHAP),industry_association,neutral,Marianne Buttenschon,assembly
2020-08-10,250.0,Healthcare Association of New York State (HANYS),industry_association,unknown,Marjorie L. Byrnes,assembly
2020-07-10,250.0,Maplewood Nursing Home Inc,post_acute_long_term_care,neutral,Mark C Johns,assembly
2025-10-22,250.0,Greater New York Hospital Association (GNYHA),industry_association,neutral,Karines Reyes,assembly
2022-06-01,250.0,Elevance,health_insurer,neutral,Thomas F O'Mara,state_senate
2023-05-29,250.0,Medical Society of the State of New York,industry_association,neutral,Edward C Braunstein,assembly
2021-07-26,250.0,Health Plan Association (HPA) PAC,industry_association,neutral,Edward P Ra,assembly
2026-04-28,250.0,Healthcare Association of New York State (HANYS),industry_association,unknown,Karen M. Mcmahon,assembly
2026-05-15,250.0,Medical Society of the State of New York,industry_association,neutral,Karen M. Mcmahon,assembly
2025-05-02,250.0,Medical Society of the State of New York,industry_association,neutral,Edward P Ra,assembly
2020-09-29,250.0,Bethany Nursing Home& Health Related Facility Inc.,post_acute_long_term_care,neutral,Thomas F O'Mara,state_senate
2020-01-01,250.0,Upstate Health Advocacy Project (UHAP),industry_association,neutral,Daphne Jordan,state_senate
2023-04-10,250.0,Pharmacists Society of the State of New York,industry_association,unknown,Kenneth Burgos,assembly
2021-06-09,250.0,Medical Society of the State of New York,industry_association,neutral,Jenifer Rajkumar,state_senate
2025-03-24,250.0,Healthcare Association of New York State (HANYS),industry_association,unknown,Khaleel M. Anderson,assembly
2021-05-17,250.0,"Integrated Medical Professionals, PLLC",hospital_health_system_provider,neutral,Todd Kaminsky,state_senate
2021-12-15,250.0,Upstate Health Advocacy Project (UHAP),industry_association,neutral,Daphne Jordan,state_senate
2026-04-09,250.0,Healthcare Association of New York State (HANYS),industry_association,unknown,Jarett C. Gandolfo,state_senate
2024-02-15,250.0,Johnson & Johnson,pharma,neutral,Taylor Darling,state_senate
2022-01-13,250.0,Merck,pharma,neutral,Catalina Cruz,assembly
2025-06-15,250.0,New York State Dental Association PAC (NYSDAPAC),industry_association,neutral,Nathalia Fernandez,state_senate
2026-05-12,250.0,Medical Society of the State of New York,industry_association,neutral,Robert Jackson,state_senate
2024-05-23,250.0,Pharmacists Society of the State of New York,industry_association,unknown,Grace Lee,assembly
2024-01-12,250.0,Pharmacists Society of the State of New York,industry_association,unknown,Grace Lee,assembly
2024-01-12,250.0,Greater New York Hospital Association (GNYHA),industry_association,neutral,Catalina Cruz,assembly
2025-02-21,250.0,Medical Society of the State of New York,industry_association,neutral,Grace Lee,assembly
2025-06-25,250.0,Nassau County Police Medic Assoc PAC,industry_association,neutral,Robert Jackson,state_senate
2022-03-15,250.0,Healthcare Association of New York State (HANYS),industry_association,neutral,Jenifer Rajkumar,state_senate
2025-09-03,250.0,Medical Society of the State of New York,industry_association,neutral,Robert Jackson,state_senate
2024-02-18,250.0,New York State Society of Anesthesiologists,industry_association,neutral,Gina L. Sillitti,assembly
2023-04-21,250.0,New York State Dental Association PAC (NYSDAPAC),industry_association,unknown,Thomas F O'Mara,state_senate
2021-07-06,250.0,American Assoc. of Orthopedic Surgeons,industry_association,neutral,Kevin Thomas,state_senate
2020-07-08,250.0,AbbVie,pharma,neutral,Kevin M. Byrne,assembly
2021-05-27,250.0,Chain Pharmacy Association of New York State,industry_association,neutral,Kevin M. Byrne,assembly
2026-03-24,250.0,Medical Society of the State of New York,industry_association,neutral,Rebecca  Kassay,assembly
2025-06-10,250.0,Healthcare Association of New York State (HANYS),industry_association,unknown,Rebecca  Kassay,assembly
2020-10-05,250.0,Johnson & Johnson,pharma,neutral,Karines Reyes,assembly
2021-05-22,250.0,Nurse Practitioners Of NY State PAC,industry_association,neutral,Karines Reyes,assembly
2025-06-30,250.0,Pharmacists Society of the State of New York,industry_association,neutral,Karines Reyes,assembly
2020-10-29,250.0,Health Now Pac,industry_association,neutral,"Edward A. Rath, Iii",state_senate
2020-09-06,250.0,New York Psychiatry & Cognitive Care PC,hospital_health_system_provider,neutral,Kevin Thomas,state_senate
2021-10-29,250.0,Pilgrim Pharmacy Inc,pharmacy,neutral,Karines Reyes,assembly
2021-10-29,250.0,Sedgwick Pharmacy Inc.,pharmacy,neutral,Karines Reyes,assembly
2021-10-29,250.0,"Sherman Pharmacy 2, Inc.",pharmacy,neutral,Karines Reyes,assembly
2020-10-26,250.0,Medical Society of the State of New York,industry_association,neutral,Kevin Thomas,state_senate
2025-06-17,250.0,Pharmacists Society of the State of New York,industry_association,neutral,Judy A. Griffin,assembly
2026-04-09,250.0,Health Plan Association (HPA) PAC,industry_association,neutral,Jarett C. Gandolfo,state_senate
2023-04-13,250.0,Ny Diagnostic Management Corporation,imaging_diagnostics,neutral,Joseph P. De Stefano,assembly
2024-04-25,250.0,Healthcare Association of New York State (HANYS),industry_association,unknown,Crystal D Peoples,assembly
2020-07-30,250.0,Leadingage New York Pac,industry_association,neutral,Judy A. Griffin,assembly
2025-08-27,250.0,Medical Society of the State of New York,industry_association,neutral,Edward C Braunstein,assembly
2023-06-26,250.0,Medical Society of the State of New York,industry_association,neutral,Erik Martin Dilan,assembly
2026-04-30,250.0,Medical Society of the State of New York,industry_association,neutral,Erik Martin Dilan,assembly
2025-07-14,250.0,Elevance,health_insurer,neutral,Erik Martin Dilan,assembly
2026-05-04,250.0,Upstate Health Advocacy Project (UHAP),industry_association,neutral,Edward C Braunstein,assembly
2026-05-15,250.0,Medical Society of the State of New York,industry_association,neutral,Edward C Braunstein,assembly
2021-11-17,250.0,Johnson & Johnson,pharma,neutral,Jacob Christopher Ashby,assembly
2026-05-07,250.0,Johnson & Johnson,pharma,neutral,Edward C Braunstein,assembly
2026-02-20,250.0,New York State Society of Anesthesiologists,industry_association,neutral,Jaime R. Williams,assembly
2022-03-26,250.0,New York State Dental Association PAC (NYSDAPAC),industry_association,unknown,Jaime R. Williams,assembly
2025-09-29,250.0,Greater New York Hospital Association (GNYHA),industry_association,neutral,J. Garry Pretlow,assembly
2024-05-20,250.0,AbbVie,pharma,neutral,Patricia A. Fahy,state_senate
2025-05-20,250.0,Healthcare Association of New York State (HANYS),industry_association,unknown,Jen Lunsford,assembly
2026-05-13,250.0,Health Plan Association (HPA) PAC,industry_association,neutral,Jen Lunsford,assembly
2025-06-11,250.0,Johnson & Johnson,pharma,neutral,Edward C Braunstein,assembly
2020-02-24,250.0,New York State Dental Association PAC (NYSDAPAC),industry_association,neutral,Mark Charles Walczyk,state_senate
2023-05-22,250.0,Medical Society of the State of New York,industry_association,neutral,Jen Lunsford,assembly
2026-05-28,250.0,EASTWOOD DENTAL OFFICE PC,hospital_health_system_provider,neutral,John Lemondes,assembly
2020-03-04,250.0,Merck,pharma,neutral,Rich Funke,state_senate
2023-06-05,250.0,NY State Psychiatric PAC,industry_association,neutral,Harry Bronson,assembly
2024-10-18,250.0,Johnson & Johnson,pharma,neutral,Harry Bronson,assembly
2020-12-09,250.0,NY State Psychiatric PAC,industry_association,neutral,John Brooks,assembly
2020-12-04,250.0,American Assoc. of Orthopedic Surgeons,industry_association,neutral,Michael Gianaris,state_senate
2021-11-17,250.0,Johnson & Johnson,pharma,neutral,Neil D Breslin,state_senate
2026-05-28,250.0,EASTWOOD DENTAL OFFICE PC,hospital_health_system_provider,neutral,John Lemondes,assembly
2022-05-17,250.0,American Assoc. of Orthopedic Surgeons,industry_association,neutral,Edward C Braunstein,assembly
2025-03-26,250.0,Pharmacy PAC of New York State,industry_association,neutral,Erik Martin Dilan,assembly
2024-07-25,250.0,Johnson & Johnson,pharma,neutral,Edward C Braunstein,assembly
2024-05-21,250.0,Healthcare Association of New York State (HANYS),industry_association,neutral,Edward C Braunstein,assembly
2022-09-22,250.0,Johnson & Johnson,pharma,neutral,Toby Ann Stavisky,state_senate
2022-09-22,250.0,Johnson & Johnson,pharma,neutral,Toby Ann Stavisky,state_senate
2021-11-01,250.0,"Sunrise Animal Hospital, PC",hospital_health_system_provider,neutral,Judy A. Griffin,assembly
2020-05-07,250.0,NYS Society Of Clinical Social Work Psychotherapis,industry_association,neutral,J. Garry Pretlow,assembly
2021-06-09,250.0,Medical Society of the State of New York,industry_association,neutral,Jen Lunsford,assembly
2022-05-31,250.0,Johnson & Johnson,pharma,neutral,Crystal D Peoples,assembly
2020-03-02,250.0,Medical Society of the State of New York,industry_association,neutral,Kevin M. Byrne,assembly
2020-02-18,250.0,Healthcare Association of New York State (HANYS),industry_association,unknown,Kevin M. Byrne,assembly
2022-05-31,250.0,Johnson & Johnson,pharma,neutral,Thomas F O'Mara,state_senate
2020-01-31,250.0,Health Plan Association (HPA) PAC,industry_association,neutral,Kevin M. Byrne,assembly
2021-11-17,250.0,Johnson & Johnson,pharma,neutral,Thomas F O'Mara,state_senate
2020-09-24,250.0,Johnson & Johnson,pharma,neutral,Thomas F O'Mara,state_senate
2020-02-06,250.0,Leadingage New York Pac,industry_association,neutral,Kevin M. Byrne,assembly
2021-05-17,250.0,Medical Society of the State of New York,industry_association,neutral,Kevin M. Byrne,assembly
2022-08-15,250.0,"Mountainside Medical Equipment, Inc.",hospital_health_system_provider,neutral,Marianne Buttenschon,assembly
2023-06-21,250.0,Johnson & Johnson,pharma,neutral,Thomas F O'Mara,state_senate
2022-06-01,250.0,NY State Psychiatric PAC,industry_association,neutral,Thomas F O'Mara,state_senate
2025-02-13,250.0,NY State Psychiatric PAC,industry_association,neutral,Thomas F O'Mara,state_senate
2020-12-09,250.0,NY State Psychiatric PAC,industry_association,neutral,John Brooks,state_senate
2022-11-09,250.0,Greater Brooklyn Gastroenterology Care,hospital_health_system_provider,neutral,Mathylde Frontus,assembly
2022-11-09,250.0,MJC Medical Care PC,hospital_health_system_provider,neutral,Mathylde Frontus,assembly
2021-06-01,250.0,"Alden Medical Group, PLLC",hospital_health_system_provider,neutral,Patrick M Gallivan,state_senate
2020-08-28,250.0,"Mountainside Medical Equipment, Inc.",hospital_health_system_provider,neutral,Marianne Buttenschon,assembly
2026-05-15,250.0,Medical Society of the State of New York,industry_association,neutral,Jen Lunsford,assembly
2022-06-17,250.0,American Assoc. of Orthopedic Surgeons,industry_association,neutral,Rachel May,state_senate
2026-05-11,250.0,New York State Society of Anesthesiologists,industry_association,unknown,Jen Lunsford,assembly
2023-05-05,250.0,Pharmacists Society of the State of New York,industry_association,unknown,Jen Lunsford,assembly
2025-06-18,250.0,New York State Society of Anesthesiologists,industry_association,unknown,Peter Oberacker,state_senate
2025-11-10,250.0,Ny Diagnostic Management Corp.,imaging_diagnostics,neutral,Joseph P. De Stefano,assembly
2022-03-18,250.0,New York State Dental Association PAC (NYSDAPAC),industry_association,neutral,Peter Oberacker,state_senate
2022-07-18,250.0,Medical Society of the State of New York,industry_association,neutral,Rachel May,state_senate
2020-07-12,250.0,Ny Diagnostic Management Corp.,imaging_diagnostics,neutral,Joseph P. De Stefano,assembly
2020-04-30,250.0,Leadingage New York Pac,industry_association,neutral,Marianne Buttenschon,assembly
2021-06-22,250.0,Ny Diagnostic Management Corporation,imaging_diagnostics,neutral,Joseph P. De Stefano,assembly
2023-06-15,250.0,Ny Diagnostic Management Corporation,imaging_diagnostics,neutral,Joseph P. De Stefano,assembly
2025-01-24,250.0,Healthcare Association of New York State (HANYS),industry_association,neutral,Grace Lee,assembly
2025-07-15,250.0,NY State Psychiatric PAC,industry_association,neutral,Thomas F O'Mara,state_senate
2021-06-30,250.0,Greater New York Nursing Home Association,industry_association,neutral,Daniel Rosenthal,assembly
2024-05-01,250.0,New York State Dental Association PAC (NYSDAPAC),industry_association,unknown,Marianne Buttenschon,assembly
2024-06-25,250.0,New York State Dental Association PAC (NYSDAPAC),industry_association,unknown,Grace Lee,assembly
2025-03-31,250.0,Pharmacists Society of the State of New York,industry_association,neutral,Charles D Fall,assembly
2024-02-13,250.0,New York State Dental Association PAC (NYSDAPAC),industry_association,unknown,Catalina Cruz,assembly
2026-05-16,250.0,New York State Society of Anesthesiologists,industry_association,unknown,Steven Otis,assembly
2022-06-01,250.0,NY State Psychiatric PAC,industry_association,neutral,Thomas F O'Mara,assembly
2024-07-24,250.0,Electro-Diagnostic Data,imaging_diagnostics,neutral,Steve Stern,assembly
2026-04-01,250.0,Healthcare Association of New York State (HANYS),industry_association,unknown,Emerita Torres,assembly
2025-05-19,250.0,Park Avenue Chiropractic Wellness PC,hospital_health_system_provider,neutral,Alex William Bores,assembly
2025-06-16,250.0,Johnson & Johnson,pharma,neutral,Steven Otis,assembly
2026-06-24,250.0,Medical Society of the State of New York,industry_association,neutral,Christopher W. Eachus,assembly
2024-05-15,250.0,Medical Society of the State of New York,industry_association,neutral,Alex William Bores,assembly
2020-09-24,250.0,Johnson & Johnson,pharma,neutral,Thomas F O'Mara,assembly
2025-07-29,250.0,NY State Psychiatric PAC,industry_association,neutral,Alex William Bores,assembly
2025-05-30,250.0,New York State Dental Association PAC (NYSDAPAC),industry_association,neutral,Alex William Bores,assembly
2025-05-20,250.0,Medical Society of the State of New York,industry_association,neutral,Christopher J. Ryan,state_senate
2026-05-05,250.0,Medical Society of the State of New York,industry_association,neutral,Christopher J. Ryan,state_senate
2025-05-31,250.0,New York State Dental Association PAC (NYSDAPAC),industry_association,neutral,John T. Mcdonald III,assembly
2025-09-26,250.0,Medical Society of the State of New York,industry_association,neutral,Alex William Bores,assembly
2023-06-21,250.0,Johnson & Johnson,pharma,neutral,Thomas F O'Mara,assembly
2021-11-17,250.0,Johnson & Johnson,pharma,neutral,Thomas F O'Mara,assembly
2025-04-28,250.0,Elevance,health_insurer,neutral,Alex William Bores,assembly
2024-04-01,250.0,Pharmacists Society of the State of New York,industry_association,unknown,Dana Levenberg,assembly
2022-03-30,250.0,New York State Dental Association PAC (NYSDAPAC),industry_association,neutral,Erik Martin Dilan,assembly
2025-04-29,250.0,American Assoc. of Orthopedic Surgeons,industry_association,neutral,Steve Stern,assembly
2024-10-18,250.0,Pharmacists Society of the State of New York,industry_association,unknown,Steve Stern,assembly
2023-09-09,250.0,Empire State Assn. of Assisted Living (ESAAL),industry_association,unknown,Jeffrey Dinowitz,assembly
2023-04-21,250.0,New York State Dental Association PAC (NYSDAPAC),industry_association,unknown,Thomas F O'Mara,assembly
2023-07-11,250.0,Pharmacists Society of the State of New York,industry_association,unknown,Dana Levenberg,assembly
2021-08-11,250.0,American Assoc. of Orthopedic Surgeons,industry_association,neutral,Timothy M Kennedy,state_senate
2025-03-26,250.0,Pharmacists Society of the State of New York,industry_association,neutral,Philip Ramos,assembly
2022-10-24,250.0,"Hopewell Dental, PC",hospital_health_system_provider,neutral,Anil Roodal Beephan Jr,assembly
2025-04-28,250.0,American Assoc. of Orthopedic Surgeons,industry_association,neutral,Dana Levenberg,assembly
2025-12-04,250.0,Quality Dental Care PC,hospital_health_system_provider,neutral,Anil R Beephan Jr,assembly
2021-05-17,250.0,Chain Pharmacy Association of New York State,industry_association,neutral,Michael R Benedetto,assembly
2021-05-17,250.0,Chain Pharmacy Association of New York State,industry_association,neutral,Michael R Benedetto,assembly
2022-06-01,250.0,Elevance,health_insurer,neutral,Thomas F O'Mara,assembly
2025-02-12,250.0,Medical Society of the State of New York,industry_association,neutral,Christopher J. Ryan,state_senate
2025-06-16,250.0,Elevance,health_insurer,neutral,Alex William Bores,assembly
2026-03-24,250.0,Medical Society of the State of New York,industry_association,neutral,Carrie Woerner,assembly
2020-10-09,250.0,Ny Physical Therapy Association,industry_association,neutral,Timothy M Kennedy,state_senate
2025-02-19,250.0,Johnson & Johnson,pharma,neutral,Brian Cunningham,assembly
2022-08-17,250.0,Nassau County Police Medic Assoc PAC,industry_association,neutral,William A. Barclay,assembly
2024-03-19,250.0,Pharmacists Society of the State of New York,industry_association,unknown,Linda B. Rosenthal,assembly
2025-05-23,250.0,Chain Pharmacy Association of New York State,industry_association,neutral,Dana Levenberg,assembly
2024-06-21,250.0,Medical Society of the State of New York,industry_association,neutral,Jeremy Cooney,state_senate
2024-04-01,250.0,New York State Dental Association PAC (NYSDAPAC),industry_association,neutral,Dana Levenberg,assembly
2025-05-23,250.0,Medical Society of the State of New York,industry_association,neutral,Dana Levenberg,assembly
2025-09-04,250.0,Medical Society of the State of New York,industry_association,neutral,Brian Cunningham,assembly
2022-03-05,250.0,Nurse Practitioners Of NY State PAC,industry_association,neutral,Michael R Benedetto,assembly
2025-03-26,250.0,Pharmacists Society of the State of New York,industry_association,neutral,Philip Ramos,assembly
2024-03-08,250.0,New York State Dental Association PAC (NYSDAPAC),industry_association,neutral,William A. Barclay,assembly
2023-09-27,250.0,Johnson & Johnson,pharma,neutral,Brian-Christopher A. Cunningham,assembly
2024-03-21,250.0,Johnson & Johnson,pharma,neutral,Brian-Christopher A. Cunningham,assembly
2024-05-14,250.0,Healthcare Association of New York State (HANYS),industry_association,unknown,Brian-Christopher A. Cunningham,assembly
2024-07-25,250.0,Johnson & Johnson,pharma,neutral,Samuel Tzvi Berger,assembly
2024-06-17,250.0,New York State Assoc. of Healthcare Providers (NYSHCP),industry_association,neutral,Samuel Tzvi Berger,assembly
2022-08-29,250.0,Pharmacy,pharmacy,neutral,Steve Stern,assembly
2022-06-12,250.0,Johnson & Johnson,pharma,neutral,Timothy M Kennedy,state_senate
2025-06-24,250.0,Johnson & Johnson,pharma,neutral,John T. Mcdonald III,assembly
2020-09-16,250.0,Johnson & Johnson,pharma,neutral,John T. Mcdonald III,assembly
2026-06-04,250.0,Johnson & Johnson,pharma,neutral,John T. Mcdonald III,assembly
2020-11-03,250.0,Medical Society of the State of New York,industry_association,neutral,Michael Gianaris,state_senate
2023-03-08,250.0,Pharmacists Society of the State of New York,industry_association,unknown,Alex William Bores,assembly
2023-11-08,250.0,New York State Association of Affordable,industry_association,neutral,Timothy M Kennedy,state_senate
2021-09-21,250.0,Johnson & Johnson,pharma,neutral,Timothy M Kennedy,state_senate
2026-05-26,250.0,NY State Psychiatric PAC,industry_association,neutral,Michael R Benedetto,assembly
2021-05-13,250.0,Medical Society of the State of New York,industry_association,neutral,Charles D Lavine,assembly
2024-02-06,250.0,Pharmacists Society of the State of New York,industry_association,unknown,Brian-Christopher A. Cunningham,assembly
2024-06-10,250.0,Elevance,health_insurer,neutral,Michael R Benedetto,assembly
2020-10-27,250.0,Health Now Pac,industry_association,neutral,Timothy M Kennedy,state_senate
2022-07-25,250.0,Medical Society of the State of New York,industry_association,neutral,Timothy M Kennedy,state_senate
2024-04-03,250.0,Healthcare Association of New York State (HANYS),industry_association,unknown,Jarett C. Gandolfo,assembly
2024-07-24,250.0,Electro-Diagnostic Data,imaging_diagnostics,neutral,Steve Stern,assembly
2024-03-26,250.0,Pharmacists Society of the State of New York,industry_association,unknown,Steve Stern,assembly
2022-10-03,250.0,Johnson & Johnson,pharma,neutral,Taylor Darling,assembly
2025-03-06,250.0,Chain Pharmacy Association of New York State,industry_association,neutral,Chris Burdick,assembly
2026-05-12,250.0,Healthcare Association of New York State (HANYS),industry_association,unknown,Jonathan G. Jacobson,assembly
2024-07-08,250.0,Greater New York Hospital Association (GNYHA),industry_association,neutral,Elijah Reichlin-Melnick,state_senate
2026-01-27,250.0,Chain Pharmacy Association of New York State,industry_association,neutral,Joshua T. Jensen,assembly
2025-12-16,250.0,Healthcare Association of New York State (HANYS),industry_association,unknown,Joshua T. Jensen,assembly
2021-06-09,250.0,Medical Society of the State of New York,industry_association,neutral,Jenifer Rajkumar,assembly
2026-02-11,250.0,Health Plan Association (HPA) PAC,industry_association,neutral,Joshua T. Jensen,assembly
2025-11-13,250.0,Adv. Health Qual. Alliance of Richmond,other_healthcare_related,neutral,Jessica Scarcella-Spanton,state_senate
2024-03-22,250.0,Nassau County Police Medic Assn PAC,industry_association,neutral,Robert Jackson,state_senate
2022-03-15,250.0,Healthcare Association of New York State (HANYS),industry_association,neutral,Jenifer Rajkumar,assembly
2025-04-07,250.0,PhRMA,pharma,neutral,Catalina Cruz,assembly
2023-04-26,250.0,Health Plan Association (HPA) PAC,industry_association,neutral,Joshua T. Jensen,assembly
2024-05-21,250.0,American Assoc. of Orthopedic Surgeons,industry_association,neutral,Jo Anne Simon,assembly
2024-07-24,250.0,Greater New York Hospital Association (GNYHA),industry_association,neutral,Jo Anne Simon,assembly
2025-05-30,250.0,NY State Psychiatric PAC,industry_association,neutral,Jessica Scarcella-Spanton,state_senate
2024-02-24,250.0,Healthcare Association of New York State (HANYS),industry_association,unknown,Catalina Cruz,assembly
2020-10-28,250.0,Prasad Medical Pysician PC,hospital_health_system_provider,neutral,Philip Ramos,assembly
2020-09-29,250.0,Bethany Nursing Home& Health Related Facility Inc.,post_acute_long_term_care,neutral,Thomas F O'Mara,assembly
2022-09-26,250.0,Johnson & Johnson,pharma,neutral,Edward Gibbs,assembly
2025-06-03,250.0,New York State Dental Association PAC (NYSDAPAC),industry_association,neutral,Jeremy Cooney,state_senate
2024-06-03,250.0,Pharmacists Society of the State of New York,industry_association,unknown,Edward Gibbs,assembly
2021-11-14,250.0,Johnson & Johnson,pharma,neutral,Latoya Joyner,assembly
2020-09-17,250.0,Johnson & Johnson,pharma,neutral,Latoya Joyner,assembly
2026-03-19,250.0,New York State Society of Anesthesiologists,industry_association,neutral,Philip Ramos,assembly
2026-05-11,250.0,New York State Society of Anesthesiologists,industry_association,unknown,Brian D. Miller,assembly
2025-05-27,250.0,New York State Dental Association PAC (NYSDAPAC),industry_association,neutral,Carrie Woerner,assembly
2022-09-13,250.0,Ocean Ave Medical Practice PC,hospital_health_system_provider,neutral,Alec Brook-Krasny,assembly
2023-04-15,250.0,New York State Society of Anesthesiologists,industry_association,neutral,Gina L. Sillitti,assembly
2021-07-02,250.0,Bartles Pharmacy Inc,pharmacy,neutral,Frederick J. Akshar,state_senate
2022-07-11,250.0,American Assoc. of Orthopedic Surgeons,industry_association,neutral,Gina L. Sillitti,assembly
2026-03-24,250.0,Medical Society of the State of New York,industry_association,neutral,Patrick J Carroll,assembly
2020-11-02,250.0,New York State Funeral Directors Association,industry_association,neutral,Todd Kaminsky,state_senate
2024-04-17,250.0,Greater New York Hospital Association (GNYHA),industry_association,neutral,Landon Dais,assembly
2021-06-10,250.0,NY State Psychiatric PAC,industry_association,neutral,Elijah Reichlin-Melnick,state_senate
2020-10-13,250.0,Planned Parenthood PAC,other_healthcare_related,unknown,Chantel Jackson,assembly
2026-02-20,250.0,New York State Society of Anesthesiologists,industry_association,unknown,Jessica Scarcella-Spanton,state_senate
2020-02-28,250.0,Health Plan Association (HPA) PAC,industry_association,neutral,Andrew D Hevesi,assembly
2024-03-12,250.0,American Assoc. of Orthopedic Surgeons,industry_association,neutral,Chris Burdick,assembly
2023-12-05,250.0,Molina Healthcare,health_insurer,neutral,Jessica Scarcella-Spanton,state_senate
2022-07-05,250.0,American Assoc. of Orthopedic Surgeons,industry_association,neutral,Andrew D Hevesi,assembly
2022-05-26,250.0,Medical Society of the State of New York,industry_association,neutral,Chris Burdick,assembly
2022-05-10,250.0,Healthcare Association of New York State (HANYS),industry_association,unknown,Chris Burdick,assembly
2026-04-29,250.0,Medical Society of the State of New York,industry_association,neutral,Catalina Cruz,assembly
2024-03-26,250.0,New York State Dental Association PAC (NYSDAPAC),industry_association,unknown,Andrew D Hevesi,assembly
2024-02-28,250.0,Upstate Health Advocacy Project (UHAP),industry_association,neutral,Joshua T. Jensen,assembly
2025-04-01,250.0,Health Plan Association (HPA) PAC,industry_association,neutral,Andrew D Hevesi,assembly
2025-06-25,250.0,Medical Society of the State of New York,industry_association,neutral,Catalina Cruz,assembly
2024-06-17,250.0,New York State Dental Association PAC (NYSDAPAC),industry_association,unknown,Carrie Woerner,assembly
2022-05-31,250.0,Johnson & Johnson,pharma,neutral,Thomas F O'Mara,assembly
2022-09-28,250.0,Bethany Nursing Home Inc,post_acute_long_term_care,neutral,Thomas F O'Mara,assembly
2020-10-28,250.0,Prasad Medical Pysician PC,hospital_health_system_provider,neutral,Philip Ramos,state_senate
2026-03-31,250.0,New York State Society of Anesthesiologists,industry_association,unknown,Catalina Cruz,assembly
2025-04-07,250.0,Health Plan Association (HPA) PAC,industry_association,neutral,Catalina Cruz,assembly
2024-02-24,250.0,Health Plan Association (HPA) PAC,industry_association,neutral,Catalina Cruz,assembly
2025-06-15,250.0,Elevance,health_insurer,neutral,Nathalia Fernandez,state_senate
2025-04-19,250.0,Elevance,health_insurer,neutral,Nathalia Fernandez,state_senate
2023-07-17,250.0,American Assoc. of Orthopedic Surgeons,industry_association,neutral,Jessica Scarcella-Spanton,state_senate
2020-03-06,250.0,Healthcare Association of New York State (HANYS),industry_association,unknown,Angelo J. Morinello,assembly
2020-11-02,250.0,"East Norwich, Muttontown, The Brookvilles & N.J",pharma,neutral,Michael A Montesano,assembly
2026-06-08,250.0,Healthfirst,health_insurer,neutral,Catalina Cruz,assembly
2024-03-12,250.0,New York State Dental Association PAC (NYSDAPAC),industry_association,neutral,Chris Burdick,assembly
2026-02-20,250.0,New York State Society of Anesthesiologists,industry_association,neutral,Joshua T. Jensen,assembly
2024-06-11,250.0,Medical Society of the State of New York,industry_association,neutral,Joshua T. Jensen,assembly
2023-05-22,250.0,Medical Society of the State of New York,industry_association,neutral,Joshua T. Jensen,assembly
2024-03-28,250.0,Leadingage New York Pac,industry_association,neutral,Joshua T. Jensen,assembly
2026-02-18,250.0,Leadingage New York Pac,industry_association,neutral,Joshua T. Jensen,assembly
2021-04-27,250.0,MSSNY,industry_association,neutral,Elijah Reichlin-Melnick,state_senate
2023-05-18,250.0,PhRMA,pharma,neutral,Joshua T. Jensen,assembly
2026-05-14,250.0,Medical Society of the State of New York,industry_association,neutral,John Lemondes,assembly
2024-03-28,250.0,Dental Design Studio,hospital_health_system_provider,neutral,Robert G Rolison,state_senate
2021-09-29,250.0,Pharmacists Society of the State of New York,industry_association,unknown,Nathalia Fernandez,assembly
2020-09-02,250.0,Pharmacists Society of the State of New York,industry_association,unknown,Anna M. Kaplan,state_senate
2026-04-30,250.0,Medical Society of the State of New York,industry_association,neutral,Daniel G. Stec,state_senate
2021-11-17,250.0,Franklin Dental Supply Inc.,hospital_health_system_provider,neutral,Anna M. Kaplan,state_senate
2020-03-09,250.0,Franklin Dental Supply,hospital_health_system_provider,neutral,Anna M. Kaplan,state_senate
2021-03-22,250.0,New York State Society of Plastic Surgeo,industry_association,neutral,Anna M. Kaplan,state_senate
2024-09-06,250.0,"Independent Health Care Services, Inc",hospital_health_system_provider,neutral,William B Magnarelli,assembly
2022-09-12,250.0,"Independent Health Care Services, Inc",hospital_health_system_provider,neutral,William B Magnarelli,assembly
2026-05-01,250.0,PhRMA,pharma,neutral,Siela A Bynoe,state_senate
2024-01-17,250.0,Healthfirst,health_insurer,neutral,Monica R. Martinez,state_senate
2026-03-19,250.0,New York State Society of Anesthesiologists,industry_association,unknown,Siela A Bynoe,state_senate
2025-05-08,250.0,PhRMA,pharma,neutral,Pamela Hunter,assembly
2025-06-11,250.0,Johnson & Johnson,pharma,neutral,Siela A Bynoe,state_senate
2026-03-16,250.0,"Independent Health Care Services, Inc",hospital_health_system_provider,neutral,William B Magnarelli,assembly
2020-12-03,250.0,Bristol Myers Squibb,pharma,neutral,William B Magnarelli,assembly
2022-06-29,250.0,American Assoc. of Orthopedic Surgeons,industry_association,neutral,Anna M. Kaplan,state_senate
2026-05-05,250.0,Medical Society of the State of New York,industry_association,neutral,Patrick Burke,assembly
2023-07-07,250.0,United New York Ambulance Network (UNYAN),industry_association,neutral,James Skoufis,state_senate
2025-06-25,250.0,Wurlitzer Family Pharmacy,pharmacy,neutral,Robert G Ortt,state_senate
2022-04-18,250.0,The Emerald Peek Rehabilitation and Nurs,post_acute_long_term_care,neutral,Andre K. Rainey,assembly
2021-06-21,250.0,Health Plan Association (HPA) PAC,industry_association,neutral,John W. Mannion,state_senate
2020-02-24,250.0,NY Assn. of Nurse Anesthetists,industry_association,neutral,Shelley Mayer,state_senate
2020-03-11,250.0,Medical Society of the State of New York,industry_association,neutral,Shelley Mayer,state_senate
2025-05-14,250.0,Health Plan Association (HPA) PAC,industry_association,neutral,Pamela Hunter,assembly
2020-03-04,250.0,Leadingage New York Pac,industry_association,neutral,Shelley Mayer,state_senate
2020-02-24,250.0,Hearing Healthcare Alliance of New York,industry_association,neutral,Shelley Mayer,state_senate
2022-04-27,250.0,New York State Dental Association PAC (NYSDAPAC),industry_association,neutral,Latrice Walker,assembly
2025-05-27,250.0,New York State Dental Association PAC (NYSDAPAC),industry_association,neutral,Monica R. Martinez,state_senate
2024-11-15,250.0,NY State Psychiatric PAC,industry_association,neutral,Andrew J Lanza,state_senate
2024-05-20,250.0,Pharmacists Society of the State of New York,industry_association,unknown,Pamela Hunter,assembly
2026-06-17,250.0,Medical Society of the State of New York,industry_association,neutral,Paula Elaine Kay,assembly
2026-02-20,250.0,New York State Society of Anesthesiologists,industry_association,unknown,Paula Elaine Kay,assembly
2022-11-07,250.0,Medical Society of the State of New York,industry_association,neutral,Anna M. Kaplan,state_senate
2026-06-15,250.0,Johnson & Johnson,pharma,neutral,Monica R. Martinez,state_senate
2023-09-13,250.0,Empire State Assn. of Assisted Living (ESAAL),industry_association,unknown,William B Magnarelli,assembly
2022-07-19,250.0,Dental Design Studiio,hospital_health_system_provider,neutral,Susan J Serino,assembly
2024-05-14,250.0,New York State Dental Association PAC (NYSDAPAC),industry_association,unknown,Pamela Hunter,assembly
2020-03-09,250.0,New York State Society Of Clinical Social Work Psy,industry_association,neutral,Diane J Savino,state_senate
2026-04-17,250.0,New York State Society of Anesthesiologists,industry_association,unknown,Samuel Tzvi Berger,assembly
2025-06-16,250.0,Johnson & Johnson,pharma,neutral,Samuel Tzvi Berger,assembly
2026-05-10,250.0,Johnson & Johnson,pharma,neutral,Ron Kim,assembly
2025-06-11,250.0,Johnson & Johnson,pharma,neutral,Ron Kim,assembly
2026-05-29,250.0,NY State Psychiatric PAC,industry_association,neutral,Shelley Mayer,state_senate
2025-07-31,250.0,North American Taiwanese Medical Associa,hospital_health_system_provider,neutral,Ron Kim,assembly
2026-05-01,250.0,Medical Society of the State of New York,industry_association,neutral,Shelley Mayer,state_senate
2023-02-13,250.0,Pharmacists Society of the State of New York,industry_association,unknown,Andrew Gounardes,state_senate
2025-02-24,250.0,Medical Society of the State of New York,industry_association,neutral,Shelley Mayer,state_senate
2024-06-18,250.0,Greater New York Hospital Association (GNYHA),industry_association,neutral,Pamela Hunter,assembly
2022-05-28,250.0,Health Plan Association (HPA) PAC,industry_association,neutral,John W. Mannion,state_senate
2026-06-09,250.0,Johnson & Johnson,pharma,neutral,Samuel Tzvi Berger,assembly
2021-07-02,250.0,New York State Society of Anesthesiologists,industry_association,unknown,John W. Mannion,state_senate
2026-03-19,250.0,Healthcare Association of New York State (HANYS),industry_association,unknown,Kwani B. O'Pharrow,assembly
2026-05-01,250.0,NYS Society for Clinical Social Work Inc,industry_association,neutral,Samuel Tzvi Berger,assembly
2023-01-19,250.0,Pharmacists Society of the State of New York,industry_association,unknown,Andrew Gounardes,state_senate
2021-06-01,250.0,Healthcare Association of New York State (HANYS),industry_association,unknown,Anthony H. Palumbo,state_senate
2024-01-08,250.0,Greater New York Hospital Association (GNYHA),industry_association,neutral,Brian Kavanagh,state_senate
2025-07-10,250.0,Greater New York Hospital Association (GNYHA),industry_association,neutral,Luis R. Sepulveda,state_senate
2022-03-29,250.0,Pharmacists Society of the State of New York,industry_association,unknown,Kimberly Jean-Pierre,assembly
2026-06-16,250.0,Medical Society of the State of New York,industry_association,neutral,Erik Bottcher,state_senate
2026-06-16,250.0,PhRMA,pharma,neutral,Erik Bottcher,state_senate
2020-01-02,250.0,Neighborx Pharmacy At Ormc,pharmacy,unknown,Colin Schmitt,assembly
2021-06-22,250.0,Pharmacists Society of the State of New York,industry_association,unknown,Sean Ryan,state_senate
2020-10-26,250.0,Medical Society of the State of New York,industry_association,neutral,Sean Ryan,state_senate
2024-04-04,250.0,American Assoc. of Orthopedic Surgeons,industry_association,neutral,Sarah Hart Clark,assembly
2023-05-06,250.0,Health Plan Association (HPA) PAC,industry_association,neutral,John W. Mannion,state_senate
2021-06-30,250.0,American Assoc. of Orthopedic Surgeons,industry_association,neutral,Sean Ryan,state_senate
2025-04-04,250.0,New York State Assoc. of Healthcare Providers (NYSHCP),industry_association,neutral,Samuel Tzvi Berger,assembly
2024-03-07,250.0,New York State Dental Association PAC (NYSDAPAC),industry_association,unknown,Sam Pirozzolo,assembly
2025-12-07,250.0,Advancing Health Quality Alliance of Ric,other_healthcare_related,neutral,Sam Pirozzolo,assembly
2024-10-21,250.0,Chain Pharmacy Association of New York State,industry_association,neutral,Angelo L Santabarbara,assembly
2024-10-06,250.0,American Adult Day Care Center,adult_day_care,neutral,Ron Kim,assembly
2021-09-13,250.0,Delco Drugs & Specialty Pharmacy Inc.,pharmacy,neutral,Andrew J Lanza,state_senate
2026-03-31,250.0,Healthcare Association of New York State (HANYS),industry_association,unknown,Sarah Hart Clark,assembly
2021-06-16,250.0,NY Radiological Society,industry_association,neutral,Phillip G Steck,assembly
2021-06-17,250.0,Health Now Pac,industry_association,neutral,Sean Ryan,state_senate
2022-09-13,250.0,Johnson & Johnson,pharma,neutral,Roxanne J. Persaud,state_senate
2023-06-26,250.0,Hearing Healthcare Alliance of New York,industry_association,neutral,Peter Harckham,state_senate
2020-03-21,250.0,NY Radiological Society,industry_association,neutral,Phillip G Steck,assembly
2023-07-31,250.0,Johnson & Johnson,pharma,neutral,Roxanne J. Persaud,state_senate
2022-10-03,250.0,LN Foot Care PC,hospital_health_system_provider,neutral,Lee Michael Zeldin,governor
2023-10-11,250.0,Healthcare Association of New York State (HANYS),industry_association,unknown,Peter Harckham,state_senate
2023-06-12,250.0,Medical Society of the State of New York,industry_association,neutral,Phillip G Steck,assembly
2023-01-23,250.0,Dental Design Studio,hospital_health_system_provider,neutral,Rob Rolison,state_senate
2023-10-31,250.0,PhRMA,pharma,neutral,David I Weprin,assembly
2024-02-28,250.0,Greater New York Hospital Association (GNYHA),industry_association,neutral,Micah C. Lasher,assembly
2021-12-23,250.0,Johnson & Johnson,pharma,neutral,Kenneth P. Zebrowski,assembly
2025-06-13,250.0,Healthcare Association of New York State (HANYS),industry_association,neutral,Gabriella A. Romero,assembly
2022-05-31,250.0,Johnson & Johnson,pharma,neutral,Kenneth P. Zebrowski,assembly
2023-03-01,250.0,American Assoc. of Orthopedic Surgeons,industry_association,neutral,Samra Brouk,state_senate
2022-03-16,250.0,Pharmacists Society of the State of New York,industry_association,unknown,Zellnor Myrie,state_senate
2024-02-15,250.0,American Assoc. of Orthopedic Surgeons,industry_association,neutral,Jessica Ramos,state_senate
2023-10-02,250.0,American Assoc. of Orthopedic Surgeons,industry_association,neutral,Peter Harckham,state_senate
2023-02-21,250.0,Pharmacists Society of the State of New York,industry_association,unknown,Peter Harckham,state_senate
2020-09-28,250.0,Chain Pharmacy Association of New York State,industry_association,neutral,Samra Brouk,state_senate
2022-06-30,250.0,American Assoc. of Orthopedic Surgeons,industry_association,neutral,Lee Michael Zeldin,governor
2020-07-09,250.0,Healthcare Association of New York State (HANYS),industry_association,unknown,Roxanne J. Persaud,state_senate
2023-10-02,250.0,Health Plan Association (HPA) PAC,industry_association,neutral,Peter Harckham,state_senate
2022-02-03,250.0,Medical Society of the State of New York,industry_association,neutral,Samra Brouk,state_senate
2026-06-04,250.0,Medical Society of the State of New York,industry_association,neutral,Phillip G Steck,assembly
2021-06-11,250.0,New York State Society of Anesthesiologists,industry_association,unknown,Samra Brouk,state_senate
2026-04-06,250.0,New York State Society of Anesthesiologists,industry_association,unknown,Phillip G Steck,assembly
2023-06-12,250.0,Medical Society of the State of New York,industry_association,neutral,Peter Harckham,state_senate
2020-07-20,250.0,Bristol Myers Squibb,pharma,neutral,John W. Mannion,state_senate
2024-08-02,250.0,New York State Dental Association PAC (NYSDAPAC),industry_association,neutral,Christopher J. Ryan,state_senate
2025-02-14,250.0,NYC Hospital PAC,industry_association,neutral,Roxanne J. Persaud,state_senate
2021-06-28,250.0,Medical Society of the State of New York,industry_association,neutral,Phillip G Steck,assembly
2026-05-15,250.0,Johnson & Johnson,pharma,neutral,Joseph P. Addabbo Jr.,state_senate
2020-02-26,250.0,Medical Society of the State of New York,industry_association,neutral,Peter Harckham,state_senate
2020-03-02,250.0,New York State Society of Anesthesiologists,industry_association,unknown,Shelley Mayer,state_senate
2022-07-25,250.0,NY State Psychiatric PAC,industry_association,neutral,Andrew J Lanza,state_senate
2024-02-26,250.0,Pharmacy PAC of New York State,industry_association,neutral,Tony Simone,assembly
2022-03-22,250.0,New York State Society of Anesthesiologists,industry_association,neutral,Julia Salazar,state_senate
2024-10-18,250.0,Hearing Healthcare Alliance of New York,industry_association,neutral,Lea Webb,state_senate
2021-05-28,250.0,New York State Society of Anesthesiologists,industry_association,unknown,Kimberly Jean-Pierre,assembly
2025-09-15,250.0,"Happy House Adult Day Care Center, Inc",adult_day_care,neutral,Andrew J Lanza,state_senate
2022-06-13,250.0,Elevance,health_insurer,neutral,Andrew J Lanza,state_senate
2022-06-01,250.0,NY State Psychiatric PAC,industry_association,neutral,Shelley Mayer,state_senate
2026-04-27,250.0,Medical Society of the State of New York,industry_association,neutral,Tony Simone,assembly
2021-06-10,250.0,NY State Psychiatric PAC,industry_association,neutral,Shelley Mayer,state_senate
2020-07-27,250.0,NY State Psychiatric PAC,industry_association,neutral,Shelley Mayer,state_senate
2022-10-06,250.0,Kingsway Arms Nursing Center,post_acute_long_term_care,neutral,James N. Tedisco,state_senate
2025-07-22,250.0,NY State Psychiatric PAC,industry_association,neutral,Andrew J Lanza,state_senate
2023-12-11,250.0,American Assoc. of Orthopedic Surgeons,industry_association,neutral,Pamela Hunter,assembly
2021-12-28,250.0,Surgeon Pac,industry_association,neutral,John W. Mannion,state_senate
2023-03-27,250.0,Pharmacy PAC of New York State,industry_association,neutral,Tony Simone,assembly
2026-06-24,250.0,Clinicom Healthcare,hospital_health_system_provider,neutral,Christopher J. Ryan,state_senate
2024-01-09,250.0,Pharmacy PAC of New York State,industry_association,neutral,Yudelka Tapia,assembly
2021-10-25,250.0,Medical Society of the State of New York,industry_association,neutral,Peter Harckham,state_senate
2024-05-21,250.0,Healthcare Association of New York State (HANYS),industry_association,unknown,Nily D Rozic,assembly
2020-03-03,250.0,New York State Society of Anesthesiologists,industry_association,unknown,Peter Harckham,state_senate
2024-02-25,250.0,New York State Dental Association PAC (NYSDAPAC),industry_association,unknown,Samra Brouk,state_senate
2021-10-06,250.0,Pharmacists Society of the State of New York,industry_association,unknown,Peter Harckham,state_senate
2024-10-15,250.0,Pharmacy PAC of New York State,industry_association,neutral,Yudelka Tapia,assembly
2021-05-05,250.0,Medical Society of the State of New York,industry_association,neutral,Peter Harckham,state_senate
2026-05-27,250.0,Medical Society of the State of New York,industry_association,neutral,Samra Brouk,state_senate
2024-02-26,250.0,Greater New York Hospital Association (GNYHA),industry_association,neutral,Lea Webb,state_senate
2025-10-09,250.0,American Adult Day Care Center,adult_day_care,neutral,John C Liu,state_senate
2020-02-26,250.0,Hearing Healthcare Alliance of New York,industry_association,neutral,Peter Harckham,state_senate
2024-04-17,250.0,NY State Psychiatric PAC,industry_association,neutral,Zellnor Myrie,state_senate
2020-03-04,250.0,Leadingage New York Pac,industry_association,neutral,Peter Harckham,state_senate
2026-04-06,250.0,Healthcare Association of New York State (HANYS),industry_association,neutral,Yudelka Tapia,assembly
2026-06-16,250.0,Health Info Works Inc,other_healthcare_related,neutral,Irene Villacci,assembly
2024-03-12,250.0,New York State Dental Association PAC (NYSDAPAC),industry_association,unknown,Sarah Hart Clark,assembly
2023-06-26,250.0,Johnson & Johnson,pharma,neutral,Kenneth P. Zebrowski,assembly
2022-07-19,250.0,Dental Design Studiio,hospital_health_system_provider,neutral,Susan J Serino,state_senate
2020-02-25,250.0,New York State Society of Anesthesiologists,industry_association,unknown,Monica Piga Wallace,assembly
2022-05-31,250.0,Johnson & Johnson,pharma,neutral,Nily D Rozic,assembly
2023-05-22,250.0,Medical Society of the State of New York,industry_association,neutral,Monica Piga Wallace,assembly
2020-10-05,250.0,Planned Parenthood PAC,other_healthcare_related,unknown,Anna Ruth Kelles,assembly
2024-10-10,250.0,Leadingage New York Pac,industry_association,neutral,Monica Piga Wallace,assembly
2020-02-27,250.0,Leadingage New York Pac,industry_association,neutral,Monica Piga Wallace,assembly
2024-06-11,250.0,Medical Society of the State of New York,industry_association,neutral,Monica Piga Wallace,assembly
2022-06-17,250.0,New York State Society of Anesthesiologists,industry_association,unknown,Monica Piga Wallace,assembly
2020-09-28,250.0,Johnson & Johnson,pharma,neutral,Robert J Rodriguez,assembly
2022-03-25,250.0,New York State Society of Anesthesiologists,industry_association,unknown,Monica Piga Wallace,assembly
2023-05-17,250.0,Healthcare Association of New York State (HANYS),industry_association,unknown,Monica Piga Wallace,assembly
2022-03-25,250.0,Healthcare Association of New York State (HANYS),industry_association,unknown,Monica Piga Wallace,assembly
2024-05-21,250.0,Healthcare Association of New York State (HANYS),industry_association,unknown,Monica Piga Wallace,assembly
2020-04-30,250.0,Healthcare Association of New York State (HANYS),industry_association,unknown,Melissa L. Miller,assembly
2021-10-08,250.0,Healthcare Association of New York State (HANYS),industry_association,unknown,Melissa L. Miller,assembly
2021-11-17,250.0,Johnson & Johnson,pharma,neutral,Nily D Rozic,assembly
2020-07-02,250.0,AbbVie,pharma,neutral,Robert J Rodriguez,assembly
2021-08-12,250.0,Sedgwick Pharmacy Inc.,pharmacy,neutral,Jeffrey Dinowitz,assembly
2020-09-23,250.0,Johnson & Johnson,pharma,neutral,Alfred Taylor,assembly
2021-03-24,250.0,Pharmacists Society of the State of New York,industry_association,unknown,Michelle Hinchey,state_senate
2023-06-21,250.0,Johnson & Johnson,pharma,neutral,Nily D Rozic,assembly
2022-10-06,250.0,New York State Dental Association PAC (NYSDAPAC),industry_association,neutral,Philip A. Palmesano,assembly
2020-10-09,250.0,Andolina Dental PC,hospital_health_system_provider,neutral,Philip A. Palmesano,assembly
2022-05-23,250.0,Pharmacists Society of the State of New York,industry_association,unknown,Alfred Taylor,assembly
2022-05-31,250.0,Pharmacists Society of the State of New York,industry_association,unknown,Alfred Taylor,assembly
2022-05-31,250.0,Healthcare Association of New York State (HANYS),industry_association,neutral,Alfred Taylor,assembly
2022-03-26,250.0,New York State Dental Association PAC (NYSDAPAC),industry_association,unknown,Thomas J Abinanti,assembly
2022-05-23,250.0,Healthcare Association of New York State (HANYS),industry_association,neutral,Alfred Taylor,assembly
2024-07-09,250.0,New York State Dental Association PAC (NYSDAPAC),industry_association,neutral,April Nicole Mccants-Baskin,state_senate
2024-04-22,250.0,American Assoc. of Orthopedic Surgeons,industry_association,neutral,Rebecca A. Seawright,assembly
2022-05-21,250.0,Pharmacists Society of the State of New York,industry_association,unknown,Rebecca A. Seawright,assembly
2020-12-18,250.0,Pharmacists Society of the State of New York,industry_association,unknown,Rebecca A. Seawright,assembly
2025-07-11,250.0,Medical Society of the State of New York,industry_association,neutral,April Nicole Mccants-Baskin,state_senate
2020-06-19,250.0,Sedgwick Pharmacy Inc.,pharmacy,neutral,Jeffrey Dinowitz,assembly
2020-10-02,250.0,Johnson & Johnson,pharma,neutral,Jeffrey Dinowitz,assembly
2021-09-29,250.0,Pharmacists Society of the State of New York,industry_association,unknown,Nathalia Fernandez,state_senate
2025-06-16,250.0,Johnson & Johnson,pharma,neutral,Jamaal T. Bailey,state_senate
2026-05-11,250.0,Medical Society of the State of New York,industry_association,neutral,Jamaal T. Bailey,state_senate
2021-05-24,250.0,Medical Society of the State of New York,industry_association,neutral,Jamaal T. Bailey,state_senate
2020-04-28,250.0,Nurse Practitioners Of NY State PAC,industry_association,neutral,Amy Paulin,assembly
2026-02-02,250.0,MANHATTAN REPRODUCTIVE MEDICINE,hospital_health_system_provider,neutral,Jamaal T. Bailey,state_senate
2022-09-20,250.0,Advanced Southern Westchester Medical PC,hospital_health_system_provider,neutral,Nader J. Sayegh,assembly
2022-03-26,250.0,Clarkstown Medical Care,hospital_health_system_provider,neutral,Nader J. Sayegh,assembly
2026-05-18,250.0,Johnson & Johnson,pharma,neutral,Jamaal T. Bailey,state_senate
2024-07-25,250.0,Clarkstown Medical Care PC,hospital_health_system_provider,neutral,Nader J. Sayegh,assembly
2020-09-14,250.0,Johnson & Johnson,pharma,neutral,Jamaal T. Bailey,state_senate
2022-05-31,250.0,Johnson & Johnson,pharma,neutral,Jamaal T. Bailey,state_senate
2020-10-05,250.0,Northway Physical Therapy PC,hospital_health_system_provider,unknown,Nader J. Sayegh,assembly
2023-09-27,250.0,Northway Physical Therapy PC,hospital_health_system_provider,unknown,Nader J. Sayegh,assembly
2025-03-17,250.0,Integrated Medical Professionals,hospital_health_system_provider,neutral,Jamaal T. Bailey,state_senate
2022-06-16,250.0,Mt Carmel Pharmacy,pharmacy,neutral,Andrew Gounardes,state_senate
2024-10-10,250.0,Leadingage New York Pac,industry_association,neutral,Michelle Hinchey,state_senate
2023-05-17,250.0,Healthcare Association of New York State (HANYS),industry_association,unknown,Nily D Rozic,assembly
2022-06-11,250.0,Johnson & Johnson,pharma,neutral,Jeffrey Dinowitz,assembly
2025-03-17,250.0,Integrated Medical Professionals,hospital_health_system_provider,neutral,Amy Paulin,assembly
2023-04-21,250.0,New York State Dental Association PAC (NYSDAPAC),industry_association,neutral,Monica Piga Wallace,assembly
2026-05-07,250.0,Johnson & Johnson,pharma,neutral,Nily D Rozic,assembly
2024-08-19,250.0,New York State Dental Association PAC (NYSDAPAC),industry_association,unknown,Jamaal T. Bailey,state_senate
2024-06-11,250.0,Medical Society of the State of New York,industry_association,neutral,Nader J. Sayegh,assembly
2025-06-16,250.0,Johnson & Johnson,pharma,neutral,Amy Paulin,assembly
2024-07-26,250.0,SHS Medical Services PC,hospital_health_system_provider,neutral,Nader J. Sayegh,assembly
2024-09-11,250.0,"MIDDLETOWN LTC PHARMACY, LLC DBA HUDSON",pharmacy,neutral,Michelle Hinchey,state_senate
2022-03-14,250.0,New York State Dental Association PAC (NYSDAPAC),industry_association,unknown,Nily D Rozic,assembly
2025-03-24,250.0,Healthfirst,health_insurer,neutral,Amy Paulin,assembly
2022-10-19,250.0,Johnson & Johnson,pharma,neutral,Nikki Lucas,assembly
2025-06-17,250.0,Johnson & Johnson,pharma,neutral,Gustavo Rivera,state_senate
2026-06-09,250.0,Upstate Health Advocacy Project (UHAP),industry_association,neutral,Jacob Christopher Ashby,state_senate
2021-04-02,250.0,Healthcare Association of New York State (HANYS),industry_association,neutral,Michelle Hinchey,state_senate
2021-11-17,250.0,Johnson & Johnson,pharma,neutral,Jacob Christopher Ashby,state_senate
2023-03-07,250.0,American Assoc. of Orthopedic Surgeons,industry_association,neutral,Michelle Hinchey,state_senate
2020-11-12,250.0,Health Now Pac,industry_association,neutral,Monica Piga Wallace,assembly
2026-03-24,250.0,New York State Society of Anesthesiologists,industry_association,unknown,Nily D Rozic,assembly
2024-01-12,250.0,Pharmacists Society of the State of New York,industry_association,unknown,Grace Lee,state_senate
2021-07-08,250.0,Health Plan Association (HPA) PAC,industry_association,neutral,Carl Heastie,assembly
2025-11-10,250.0,HEALTH FIRST INSURANCE CO PAC,industry_association,neutral,Carl Heastie,assembly
2025-01-24,250.0,Healthcare Association of New York State (HANYS),industry_association,neutral,Grace Lee,state_senate
2025-02-21,250.0,Medical Society of the State of New York,industry_association,neutral,Grace Lee,state_senate
2025-07-30,250.0,PhRMA,pharma,neutral,Michaelle C. Solages,assembly
2024-05-23,250.0,Pharmacists Society of the State of New York,industry_association,unknown,Grace Lee,state_senate
2022-10-14,250.0,Chain Pharmarcy Assoiation PAC,industry_association,neutral,Carl Heastie,assembly
2023-05-05,250.0,Pharmacists Society of the State of New York,industry_association,unknown,Jen Lunsford,state_senate
2021-06-22,250.0,Pharmacists Society of the State of New York,industry_association,unknown,Jeremy Cooney,state_senate
2026-05-11,250.0,New York State Society of Anesthesiologists,industry_association,unknown,Jen Lunsford,state_senate
2025-09-29,250.0,Leadingage New York Pac,industry_association,neutral,Carl Heastie,assembly
2022-09-09,250.0,Johnson & Johnson,pharma,neutral,Gustavo Rivera,state_senate
2023-06-07,250.0,Health Plan Association (HPA) PAC,industry_association,neutral,William C. Conrad Ill,assembly
2021-04-02,250.0,Healthcare Association of New York State (HANYS),industry_association,unknown,William C. Conrad Ill,assembly
2022-07-01,250.0,American Assoc. of Orthopedic Surgeons,industry_association,neutral,Jeremy Cooney,state_senate
2021-05-26,250.0,Health Plan Association (HPA) PAC,industry_association,neutral,Jeremy Cooney,state_senate
2023-04-19,250.0,Healthcare Association of New York State (HANYS),industry_association,unknown,William C. Conrad Ill,assembly
2022-06-01,250.0,MVP Health Care,health_insurer,neutral,Angelo L Santabarbara,assembly
2024-08-12,250.0,New York Emergency Medicine,industry_association,neutral,Luis R. Sepulveda,state_senate
2025-04-14,250.0,American Assoc. of Orthopedic Surgeons,industry_association,neutral,Sarah Hart Clark,assembly
2021-07-06,250.0,Pharmacists Society of the State of New York,industry_association,unknown,Andrew Gounardes,state_senate
2024-02-12,250.0,American Assoc. of Orthopedic Surgeons,industry_association,neutral,Andrew Gounardes,state_senate
2020-11-02,250.0,Health Now Pac,industry_association,neutral,Robert G Ortt,state_senate
2024-10-17,250.0,Greater New York Hospital Association (GNYHA),industry_association,unknown,Shelley Mayer,state_senate
2022-08-16,250.0,Healthcare Association of New York State (HANYS),industry_association,unknown,Michael J. Norris,assembly
2021-04-27,250.0,Medical Society of the State of New York,industry_association,neutral,Jeremy Cooney,state_senate
2022-05-13,250.0,MVP Health Care,health_insurer,neutral,Angelo L Santabarbara,assembly
2024-02-06,250.0,Hearing Healthcare Alliance of New York,industry_association,neutral,Shelley Mayer,state_senate
2026-03-24,250.0,Medical Society of the State of New York,industry_association,neutral,Kwani B. O'Pharrow,assembly
2024-10-22,250.0,Medical Society of the State of New York,industry_association,neutral,Robert G Ortt,state_senate
2020-03-16,250.0,New York State Society of Anesthesiologists,industry_association,unknown,Nily D Rozic,assembly
2022-05-31,250.0,Medical Society of the State of New York,industry_association,neutral,Jeremy Cooney,state_senate
2022-10-20,250.0,Healthcare Association of New York State (HANYS),industry_association,unknown,William C. Conrad Ill,assembly
2026-05-29,250.0,MIDDLEPORT FAMILY HEALTH,hospital_health_system_provider,neutral,Robert G Ortt,state_senate
2020-12-04,250.0,American Assoc. of Orthopedic Surgeons,industry_association,neutral,Michael Gianaris,assembly
2021-05-07,250.0,Medical Society of the State of New York,industry_association,neutral,Patricia A. Fahy,assembly
2026-05-15,250.0,Medical Society of the State of New York,industry_association,neutral,Jen Lunsford,state_senate
2023-10-19,250.0,Independent Health Care Services,hospital_health_system_provider,neutral,Joseph A. Griffo,state_senate
2020-03-06,250.0,New York State Dental Association PAC (NYSDAPAC),industry_association,unknown,Michael J Fitzpatrick,assembly
2023-04-04,250.0,New York State Society of Anesthesiologists,industry_association,neutral,Michael J Fitzpatrick,assembly
2020-10-15,250.0,Cardiology For Life PC,hospital_health_system_provider,unknown,James Skoufis,state_senate
2020-07-08,250.0,Northwell Health,hospital_health_system_provider,neutral,Rebecca A. Seawright,assembly
2026-03-11,250.0,New York State Society of Anesthesiologists,industry_association,unknown,Michelle Hinchey,state_senate
2026-03-23,250.0,Healthcare Association of New York State (HANYS),industry_association,unknown,Matthew Slater,assembly
2020-10-19,250.0,Chain Pharmacy Association of New York State,industry_association,neutral,Rebecca A. Seawright,assembly
2023-08-23,250.0,Pfizer,pharma,unknown,William J Weber Jr.,state_senate
2020-10-22,250.0,Medical Society of the State of New York,industry_association,neutral,Rebecca A. Seawright,assembly
2020-01-17,250.0,Medical Society of the State of New York,industry_association,neutral,Rebecca A. Seawright,assembly
2021-06-23,250.0,Medical Society of the State of New York,industry_association,neutral,Rebecca A. Seawright,assembly
2025-02-27,250.0,PhRMA,pharma,neutral,Alicia A. Hyndman,assembly
2022-09-25,250.0,Johnson & Johnson,pharma,neutral,Michaelle C. Solages,assembly
2020-01-08,250.0,Merck,pharma,neutral,"George A Amedore, Jr.",state_senate
2025-03-12,250.0,Healthcare Association of New York State (HANYS),industry_association,unknown,Matthew Slater,assembly
2020-08-20,250.0,"Sheridan Family Dentistry, PLLC",hospital_health_system_provider,unknown,William C. Conrad Ill,assembly
2024-03-07,250.0,"Benson Integrative Acupuncture Care, PC",hospital_health_system_provider,neutral,William Colton,assembly
2021-06-09,250.0,Medical Society of the State of New York,industry_association,neutral,Jen Lunsford,state_senate
2023-05-22,250.0,Medical Society of the State of New York,industry_association,neutral,Jen Lunsford,state_senate
2026-05-13,250.0,Health Plan Association (HPA) PAC,industry_association,neutral,Jen Lunsford,state_senate
2025-08-05,250.0,New York State Dental Association PAC (NYSDAPAC),industry_association,neutral,Jarett C. Gandolfo,state_senate
2025-05-20,250.0,Healthcare Association of New York State (HANYS),industry_association,unknown,Jen Lunsford,state_senate
2020-11-03,250.0,Medical Society of the State of New York,industry_association,neutral,Michael Gianaris,assembly
2024-06-25,250.0,New York State Dental Association PAC (NYSDAPAC),industry_association,unknown,Grace Lee,state_senate
2021-11-01,250.0,NY State Psychiatric PAC,industry_association,neutral,Carrie Woerner,assembly
2022-05-18,250.0,Medical Society of the State of New York,industry_association,neutral,Carrie Woerner,assembly
2023-04-29,250.0,Healthcare Association of New York State (HANYS),industry_association,unknown,Carrie Woerner,assembly
2026-06-11,250.0,New York State Society of Anesthesiologists,industry_association,unknown,Joseph A. Griffo,state_senate
2022-06-10,250.0,New York State Society of Anesthesiologists,industry_association,neutral,Nily D Rozic,assembly
2026-03-04,240.0,Health Plan Association (HPA) PAC,industry_association,neutral,John T. Mcdonald III,assembly
2024-06-12,238.0,Health Plan Association (HPA) PAC,industry_association,neutral,Nathalia Fernandez,state_senate
2025-02-26,236.5,Health Plan Association (HPA) PAC,industry_association,neutral,John T. Mcdonald III,assembly
2023-03-21,234.85,Health Plan Association (HPA) PAC,industry_association,neutral,Amy Paulin,assembly
2023-03-10,223.85,Health Plan Association (HPA) PAC,industry_association,neutral,Gustavo Rivera,state_senate
2026-02-27,219.0,Health Plan Association (HPA) PAC,industry_association,neutral,Michaelle C. Solages,assembly
2023-06-28,218.0,Sun Medical Care Primary Care,hospital_health_system_provider,neutral,Patricia A. Fahy,assembly
2023-02-15,213.4,Health Plan Association (HPA) PAC,industry_association,neutral,Neil D Breslin,state_senate
2024-05-22,208.0,Health Plan Association (HPA) PAC,industry_association,neutral,Crystal D Peoples,assembly
2025-03-04,207.0,Health Plan Association (HPA) PAC,industry_association,neutral,Amy Paulin,assembly
2021-06-27,200.0,East Hill Family Medical Inc,hospital_health_system_provider,neutral,Pamela A Helming,state_senate
2020-09-25,200.0,Hartford Pharmacy,pharmacy,neutral,James Skoufis,state_senate
2020-09-25,200.0,Hartford Pharmacy Ii Inc,pharmacy,neutral,James Skoufis,state_senate
2023-10-26,200.0,Independent Health Association,health_insurer,neutral,Monica Piga Wallace,assembly
2022-11-07,200.0,Medical Society of the State of New York,industry_association,neutral,Monica Piga Wallace,assembly
2022-07-26,200.0,Medical Society of the State of New York,industry_association,neutral,Robert G Ortt,state_senate
2022-06-12,200.0,Cotugno Dental Associates PC,hospital_health_system_provider,neutral,Angelo L Santabarbara,assembly
2020-02-26,200.0,New York State Dental Association PAC (NYSDAPAC),industry_association,neutral,Anthony H. Palumbo,assembly
2020-12-03,200.0,Beacon Dental,hospital_health_system_provider,neutral,Susan J Serino,state_senate
2020-12-03,200.0,Beacon Dental,hospital_health_system_provider,neutral,Susan J Serino,assembly
2022-08-26,200.0,Plastic Surgeons of the Hudson Valley,hospital_health_system_provider,neutral,Susan J Serino,state_senate
2022-08-26,200.0,Plastic Surgeons of the Hudson Valley,hospital_health_system_provider,neutral,Susan J Serino,assembly
2024-07-10,200.0,Greater New York Hospital Association (GNYHA),industry_association,neutral,Andrew Gounardes,state_senate
2022-07-11,200.0,Amazing Community Pharmacy LLC,pharmacy,neutral,Gustavo Rivera,state_senate
2021-08-25,200.0,Middletown Ltc Pharmacy LLC Dba,pharmacy,unknown,James Skoufis,state_senate
2024-08-28,200.0,Chain Pharmacy Association of New York State,industry_association,neutral,James Skoufis,state_senate
2021-09-22,200.0,Medical Society of the State of New York,industry_association,neutral,Monica Piga Wallace,assembly
2020-09-25,200.0,Community Pharmacy Inc,pharmacy,neutral,James Skoufis,state_senate
2020-09-25,200.0,Community Care Pharmacy,pharmacy,neutral,James Skoufis,state_senate
2024-08-16,200.0,Maplewood Nursing Home Inc,post_acute_long_term_care,neutral,Joshua T. Jensen,assembly
2025-03-18,200.0,Abbive Inc.,pharma,neutral,Joshua T. Jensen,assembly
2020-10-01,200.0,Eurotechnic Diagnostics Inc,imaging_diagnostics,neutral,Michael J Fitzpatrick,assembly
2024-04-09,200.0,CT Physical Therapy Care PC,hospital_health_system_provider,neutral,Steven B. Raga,assembly
2020-02-03,200.0,New York State Dental Association PAC (NYSDAPAC),industry_association,neutral,Christopher Tague,assembly
2023-10-16,200.0,Abbive Inc.,pharma,neutral,Joshua T. Jensen,assembly
2024-04-30,200.0,Maplewood Nursing Home Inc,post_acute_long_term_care,neutral,Joshua T. Jensen,assembly
2024-03-18,200.0,Abbive Inc.,pharma,neutral,Joshua T. Jensen,assembly
2020-03-03,200.0,Chain Pharmacy Association of New York State,industry_association,neutral,Patricia A. Fahy,assembly
2023-04-28,200.0,Brooklyn Village Adult Day Care Center I,adult_day_care,neutral,Iwen Chu,state_senate
2026-04-03,200.0,AbbVie,pharma,neutral,Joshua T. Jensen,assembly
2025-05-07,200.0,Maplewood Nursing Home Inc,post_acute_long_term_care,neutral,Joshua T. Jensen,assembly
2025-10-27,200.0,"Independent Health Care Services, Inc",hospital_health_system_provider,neutral,William B Magnarelli,assembly
2024-03-09,200.0,New York State Dental Association PAC (NYSDAPAC),industry_association,unknown,Dean Murray,state_senate
2025-10-14,200.0,Empire State Assn. of Assisted Living (ESAAL),industry_association,unknown,William B Magnarelli,assembly
2025-03-03,200.0,Medical Society of the State of New York,industry_association,neutral,Nathalia Fernandez,state_senate
2024-08-16,200.0,New York State Dental Association PAC (NYSDAPAC),industry_association,neutral,George M. Borrello,state_senate
2024-03-12,200.0,North Fork Physical Therapy,hospital_health_system_provider,neutral,Anthony H. Palumbo,state_senate
2021-07-11,200.0,Medical Society of the State of New York,industry_association,neutral,Timothy M Kennedy,state_senate
2024-03-27,200.0,New York State Dental Association PAC (NYSDAPAC),industry_association,unknown,Rachel May,state_senate
2024-08-09,200.0,New York State Dental Association PAC (NYSDAPAC),industry_association,unknown,James N. Tedisco,state_senate
2026-06-26,200.0,LN Foot Care PC,hospital_health_system_provider,neutral,Bruce  Blakeman,governor
2021-11-01,200.0,Medical Society of the State of New York,industry_association,neutral,"Edward A. Rath, Iii",state_senate
2020-02-26,200.0,New York State Dental Association PAC (NYSDAPAC),industry_association,neutral,Anthony H. Palumbo,state_senate
2024-08-12,200.0,NYS Optometric Association PAC,industry_association,neutral,John Lemondes,assembly
2021-10-25,200.0,Medical Society of the State of New York,industry_association,neutral,Samra Brouk,state_senate
2021-05-10,200.0,Medical Society of the State of New York,industry_association,neutral,Timothy M Kennedy,state_senate
2022-11-07,200.0,Medical Society of the State of New York,industry_association,neutral,Timothy M Kennedy,state_senate
2023-03-30,200.0,New York State Dental Association PAC (NYSDAPAC),industry_association,neutral,Timothy M Kennedy,state_senate
2022-01-13,200.0,Medical Society of the State of New York,industry_association,neutral,Patrick M Gallivan,state_senate
2022-03-21,200.0,Medical Society Of The County Of Erie,industry_association,neutral,Patrick M Gallivan,state_senate
2021-09-25,200.0,Medical Society of the State of New York,industry_association,neutral,Patrick M Gallivan,state_senate
2020-09-25,200.0,Waterbury Pharmacy,pharmacy,neutral,James Skoufis,state_senate
2022-05-18,200.0,Medical Society of the State of New York,industry_association,neutral,Karen M. Mcmahon,assembly
2023-09-12,200.0,MS Family Medicine Health Care PC,hospital_health_system_provider,neutral,Taylor Darling,state_senate
2022-05-22,200.0,Rc Wellness Medical PC,hospital_health_system_provider,neutral,Lee Michael Zeldin,governor
2024-10-01,200.0,Pharmacists Society of the State of New York,industry_association,unknown,Charles D Lavine,assembly
2024-04-09,200.0,CT Physical Therapy Care PC,hospital_health_system_provider,neutral,Steven B. Raga,state_senate
2024-09-16,200.0,"Mountainside Medical Equipment, Inc.",hospital_health_system_provider,neutral,Marianne Buttenschon,assembly
2023-08-30,200.0,Pharmacists Society of the State of New York,industry_association,unknown,Kimberly Jean-Pierre,assembly
2024-03-29,200.0,"Mountainside Medical Equipment, Inc.",hospital_health_system_provider,neutral,Marianne Buttenschon,assembly
2023-07-07,200.0,Medical Society of the State of New York,industry_association,neutral,Rob Rolison,state_senate
2024-08-22,200.0,Morgan Medical Practice PLLC,hospital_health_system_provider,neutral,J. Garry Pretlow,assembly
2022-09-08,200.0,Modern Dental PC,hospital_health_system_provider,neutral,Michael Novakhov,assembly
2026-04-07,200.0,AbbVie,pharma,neutral,John T. Mcdonald III,assembly
2022-05-15,200.0,Noor Medical Care PLLC,hospital_health_system_provider,neutral,Thomas R. Suozzi,governor
2021-10-30,200.0,Chain Pharmacy Association of New York State,industry_association,neutral,John T. Mcdonald III,assembly
2022-02-05,200.0,"Andolina Dental, P.C.",hospital_health_system_provider,neutral,Marjorie L. Byrnes,assembly
2025-05-31,200.0,AbbVie,pharma,neutral,John T. Mcdonald III,assembly
2023-11-14,200.0,AbbVie,pharma,neutral,John T. Mcdonald III,assembly
2024-04-25,200.0,AbbVie,pharma,neutral,John T. Mcdonald III,assembly
2024-06-20,191.4,New York State Dental Association PAC (NYSDAPAC),industry_association,unknown,Jeremy Cooney,state_senate
2020-02-05,185.6,Health Plan Association (HPA) PAC,industry_association,neutral,Pamela Hunter,assembly
2025-09-22,180.0,Batavia Foot Care Center,hospital_health_system_provider,neutral,Stephen M. Hawley,assembly
2022-05-06,179.0,Health Plan Association (HPA) PAC,industry_association,neutral,Pamela Hunter,assembly
2022-03-09,179.0,Health Plan Association (HPA) PAC,industry_association,neutral,Neil D Breslin,state_senate
2023-10-02,175.0,Batavia Foot Care Center,hospital_health_system_provider,neutral,Stephen M. Hawley,assembly
2020-01-25,175.0,Medical Society of the State of New York,industry_association,neutral,Monica Piga Wallace,assembly
2022-05-04,174.0,Health Plan Association (HPA) PAC,industry_association,neutral,John T. Mcdonald III,assembly
2021-08-28,151.0,Fishkill Pharmacy LLC,pharmacy,unknown,James Skoufis,state_senate
2021-08-28,151.0,Millbrook Pharmacy LLC,pharmacy,unknown,James Skoufis,state_senate
2022-09-19,150.0,Empress Ambulance Service Inc,other_healthcare_related,neutral,Nader J. Sayegh,assembly
2021-09-21,150.0,Pilgrim Pharmacy,pharmacy,neutral,Michael R Benedetto,assembly
2020-01-11,150.0,Centene,health_insurer,neutral,Grace Lee,assembly
2020-04-27,150.0,Kingsway Arms Nursing Center,post_acute_long_term_care,neutral,James N. Tedisco,state_senate
2023-09-27,150.0,"Southern Westchester Family Medicine, PC",hospital_health_system_provider,neutral,Nader J. Sayegh,assembly
2023-06-26,150.0,American Assoc. of Orthopedic Surgeons,industry_association,neutral,Jeremy Cooney,state_senate
2026-03-27,150.0,Greater New York Hospital Association (GNYHA),industry_association,neutral,Tunisia Morrison,assembly
2020-01-31,150.0,"Alden Medical Group, PLLC",hospital_health_system_provider,neutral,Patrick M Gallivan,state_senate
2021-08-16,150.0,Northway Physical Therapy PC,hospital_health_system_provider,unknown,Nader J. Sayegh,assembly
2023-06-26,150.0,NEW YORK HOSPITALITY ALLIANCE PAC,industry_association,neutral,Kenneth Burgos,assembly
2024-10-21,150.0,Morgan Medical Practice PLLC,hospital_health_system_provider,neutral,Nader J. Sayegh,assembly
2022-09-26,150.0,Northway Physical Therapy PC,hospital_health_system_provider,unknown,Nader J. Sayegh,assembly
2025-12-04,150.0,Soma Cura Wellness Center,hospital_health_system_provider,neutral,David J. Dipietro,assembly
2022-02-03,150.0,Medical Society of the State of New York,industry_association,neutral,Peter Harckham,state_senate
2020-02-22,150.0,Northway Physical Therapy PC,hospital_health_system_provider,unknown,Nader J. Sayegh,assembly
2023-08-01,150.0,Greece Pediatric,hospital_health_system_provider,neutral,Joshua T. Jensen,assembly
2024-04-01,150.0,Dental Offices LLP,hospital_health_system_provider,neutral,James N. Tedisco,state_senate
2020-02-22,150.0,Westchester Family Medical Practice PC,hospital_health_system_provider,neutral,Nader J. Sayegh,assembly
2021-08-24,150.0,P&S Pharmacy LLC,pharmacy,neutral,James Skoufis,state_senate
2024-10-22,150.0,Medical Society of the State of New York,industry_association,neutral,Nader J. Sayegh,assembly
2021-07-06,150.0,Pharmacists Society of the State of New York,industry_association,unknown,Judy A. Griffin,assembly
2020-01-17,150.0,Medical Society of the State of New York,industry_association,neutral,Patrick M Gallivan,state_senate
2020-10-21,150.0,P & S Pharmacy,pharmacy,neutral,James Skoufis,state_senate
2022-04-05,150.0,Dental Offices LLP,hospital_health_system_provider,neutral,James N. Tedisco,state_senate
2023-05-22,150.0,Medical Society of the State of New York,industry_association,neutral,Rachel May,state_senate
2024-02-05,150.0,Hearing Healthcare Alliance of New York,industry_association,neutral,Peter Harckham,state_senate
2023-03-24,150.0,Dental Offices LLP,hospital_health_system_provider,neutral,James N. Tedisco,state_senate
2021-07-08,150.0,Queens Multicare Psychiatric,hospital_health_system_provider,neutral,Rodneyse Bichotte,assembly
2022-10-11,150.0,Batavia Foot Care Center,hospital_health_system_provider,neutral,Stephen M. Hawley,assembly
2020-11-13,150.0,AbbVie,pharma,neutral,Neil D Breslin,state_senate
2021-03-05,150.0,Pharmacists Society of the State of New York,industry_association,unknown,Amy Paulin,assembly
2021-08-04,150.0,Independent Health Association,health_insurer,neutral,Patrick M Gallivan,state_senate
2026-04-28,150.0,Medical Society of the State of New York,industry_association,neutral,Lea Webb,state_senate
2023-05-22,150.0,Medical Society of the State of New York,industry_association,neutral,Monica R. Martinez,state_senate
2024-07-19,150.0,"Independent Health Care Services, Inc",hospital_health_system_provider,neutral,Lea Webb,state_senate
2024-07-10,150.0,Greater New York Hospital Association (GNYHA),industry_association,neutral,Tony Simone,assembly
2021-05-20,150.0,Dental Offices,hospital_health_system_provider,neutral,James N. Tedisco,state_senate
2022-10-06,143.3,New York State Dental Association PAC (NYSDAPAC),industry_association,unknown,Jessica Scarcella-Spanton,state_senate
2021-10-25,125.0,MSSNY,industry_association,neutral,Maritza Davila,assembly
2024-10-10,125.0,Independent Health Association,health_insurer,neutral,Monica Piga Wallace,assembly
2022-01-13,125.0,Medical Society of the State of New York,industry_association,neutral,Elijah Reichlin-Melnick,state_senate
2021-07-07,125.0,Medical Society of the State of New York,industry_association,neutral,Andrew Gounardes,state_senate
2025-05-19,125.0,Medical Society of the State of New York,industry_association,neutral,April Nicole Mccants-Baskin,state_senate
2023-09-25,125.0,New York State Dental Association PAC (NYSDAPAC),industry_association,unknown,MaryJane C Shimsky,assembly
2022-03-26,125.0,Northway Physical Therapy PC,hospital_health_system_provider,unknown,Nader J. Sayegh,assembly
2024-03-02,120.78,New York State Dental Association PAC (NYSDAPAC),industry_association,unknown,Amy Paulin,assembly
2020-07-12,120.0,Medical Society of the State of New York,industry_association,neutral,Karen M. Mcmahon,assembly
2021-10-06,120.0,Taconic Dental,hospital_health_system_provider,neutral,Susan J Serino,state_senate
2021-10-06,120.0,Taconic Dental,hospital_health_system_provider,neutral,Susan J Serino,assembly
2024-04-18,117.0,Kingsway Arms Nursing Center,post_acute_long_term_care,neutral,James N. Tedisco,state_senate
2023-03-09,116.0,Kingsway Arms Nursing Center,post_acute_long_term_care,neutral,James N. Tedisco,state_senate
2022-02-09,110.0,Soma Cura Wellness Center,hospital_health_system_provider,neutral,David J. Dipietro,assembly
2026-07-10,110.0,M AND L PHYSICAL THERAPY PC,hospital_health_system_provider,neutral,Robert Inzerillo,assembly
2023-06-28,109.0,New York State Dental Association PAC (NYSDAPAC),industry_association,neutral,Patricia A. Fahy,assembly
2022-05-12,103.23,New York State Dental Association PAC (NYSDAPAC),industry_association,neutral,Rachel May,state_senate
2022-11-07,100.0,Medical Society of the State of New York,industry_association,neutral,Judy A. Griffin,assembly
2024-05-15,100.0,Empress Ambulance Service Inc,other_healthcare_related,neutral,Matthew Slater,assembly
2022-10-17,100.0,Maplewood Nursing Home Inc,post_acute_long_term_care,neutral,Josh Jensen,assembly
2020-11-16,100.0,Sinclair Pharmacy,pharmacy,neutral,Patrick M Gallivan,state_senate
2025-05-27,100.0,NYS Dentist Assoc. PAC,industry_association,neutral,Joshua T. Jensen,assembly
2022-09-29,100.0,"Independent Health Care Services, Inc",hospital_health_system_provider,neutral,John W. Mannion,state_senate
2020-09-26,100.0,Washingtonville Pharmacy Inc,pharmacy,neutral,James Skoufis,state_senate
2024-07-07,100.0,P&S Pharmacy LLC,pharmacy,neutral,James Skoufis,state_senate
2022-09-29,100.0,"Nunn's Hospital Supplies, Inc.",other_healthcare_related,neutral,Marianne Buttenschon,assembly
2025-06-20,100.0,PENN YAN MEDICAL,hospital_health_system_provider,neutral,Richard C David,state_senate
2020-10-05,100.0,"Northern Westchester Internal Medicine, PC",hospital_health_system_provider,neutral,Peter Harckham,state_senate
2024-06-26,100.0,Dental Design Studio,hospital_health_system_provider,neutral,Robert G Rolison,state_senate
2024-10-29,100.0,Medical Society of the State of New York,industry_association,neutral,James N. Tedisco,state_senate
2022-04-14,100.0,New York State Dental Association PAC (NYSDAPAC),industry_association,neutral,John W. Mannion,state_senate
2025-09-12,100.0,Mount Sinai Health System,hospital_health_system_provider,neutral,Will Sussman,assembly
2021-01-15,100.0,Health Now Pac,industry_association,neutral,Kathleen C. Hochul,governor
2020-02-22,100.0,"Southern Westchester Family Medicine, PC",hospital_health_system_provider,neutral,Nader J. Sayegh,assembly
2021-04-12,100.0,Pharmacists Society of the State of New York,industry_association,unknown,John W. Mannion,state_senate
2020-09-09,100.0,Johnson & Johnson,pharma,neutral,Pamela Hunter,assembly
2022-05-14,100.0,"Nunda Family Pharmacy, LLC",pharmacy,unknown,Marjorie L. Byrnes,assembly
2023-12-02,100.0,NYS OCCUPATION THERAPY ASSN PAC,industry_association,neutral,Latoya Joyner,assembly
2024-06-03,100.0,Maplesood Nursing Home Inc,post_acute_long_term_care,neutral,Mark C Johns,assembly
2023-10-03,100.0,Maplewood Nursing Home,post_acute_long_term_care,neutral,Mark C Johns,assembly
2024-06-21,100.0,Medical Society of the State of New York,industry_association,neutral,Brian-Christopher A. Cunningham,assembly
2022-10-12,100.0,Maplewood Nursing Home Inc,post_acute_long_term_care,neutral,Mark C Johns,assembly
2021-06-21,100.0,Medical Society of the State of New York,industry_association,neutral,John W. Mannion,state_senate
2022-08-18,100.0,Medical Society of the State of New York,industry_association,neutral,Monica Piga Wallace,assembly
2023-08-01,100.0,Independent Health Association,health_insurer,neutral,Monica Piga Wallace,assembly
2022-07-30,100.0,Medical Society of the State of New York,industry_association,neutral,John W. Mannion,state_senate
2021-10-26,100.0,Medical Society of the State of New York,industry_association,neutral,John W. Mannion,state_senate
2024-10-22,100.0,Medical Society of the State of New York,industry_association,neutral,Jen Lunsford,state_senate
2023-12-18,100.0,Greater New York Hospital Association (GNYHA),industry_association,neutral,Yudelka Tapia,assembly
2020-07-07,100.0,Dental Offices LLP,hospital_health_system_provider,neutral,James N. Tedisco,state_senate
2020-09-09,100.0,Johnson & Johnson,pharma,neutral,Jacob Christopher Ashby,assembly
2023-12-01,100.0,Maplewood Nursing Home Inc,post_acute_long_term_care,neutral,Brian David Manktelow,assembly
2024-09-01,100.0,NY Diagnostics Corp. Mgmnt Corp,imaging_diagnostics,neutral,Joseph P. De Stefano,assembly
2024-04-30,100.0,NY Total Body Physical Therapy PLLC,hospital_health_system_provider,neutral,Steven B. Raga,assembly
2024-01-05,100.0,American Assoc. of Orthopedic Surgeons,industry_association,neutral,Lea Webb,state_senate
2022-11-07,100.0,Medical Society of the State of New York,industry_association,neutral,Iwen Chu,state_senate
2020-09-10,100.0,Pelican Point Health Inc,hospital_health_system_provider,neutral,John K. Mikulin,assembly
2020-03-02,100.0,NY Radiological Society,industry_association,neutral,John J Salka,assembly
2020-05-21,100.0,Greater New York Hospital Association (GNYHA),industry_association,neutral,Diana C. Richardson,assembly
2023-10-17,100.0,Independent Health Association,health_insurer,neutral,Leah M Halton-Pope,assembly
2024-05-21,100.0,New York State Dental Association PAC (NYSDAPAC),industry_association,unknown,Shelley Mayer,state_senate
2024-10-22,100.0,Medical Society of the State of New York,industry_association,neutral,Jen Lunsford,assembly
2022-06-02,100.0,Medical Society of the State of New York,industry_association,neutral,Timothy M Kennedy,state_senate
2023-12-10,100.0,Wellness Care Acupuncture PC,hospital_health_system_provider,neutral,Ron Kim,assembly
2026-07-01,100.0,Medical Society of the State of New York,industry_association,neutral,Liz Krueger,state_senate
2024-07-22,100.0,Hearing Healthcare Alliance of New York,industry_association,neutral,Shelley Mayer,state_senate
2023-03-18,100.0,"Happy House Adult Day Care Center, Inc",adult_day_care,neutral,Andrew J Lanza,state_senate
2020-10-26,100.0,Preferred Medical Products,hospital_health_system_provider,neutral,Jarett C. Gandolfo,assembly
2025-11-17,100.0,Empire State Assn. of Assisted Living (ESAAL),industry_association,neutral,Michelle Hinchey,state_senate
2021-12-08,100.0,Upstate Health Advocacy Project (UHAP),industry_association,neutral,Harry Bronson,assembly
2020-09-09,100.0,Johnson & Johnson,pharma,neutral,Jacob Christopher Ashby,state_senate
2026-03-11,100.0,Westchester Chiropratic Healthcare P.C,hospital_health_system_provider,neutral,Brandon J. Neider,assembly
2022-10-31,100.0,P & S Pharmacy,pharmacy,neutral,James Skoufis,state_senate
2024-05-20,100.0,Greater New York Hospital Association (GNYHA),industry_association,neutral,Landon Dais,assembly
2024-03-20,100.0,NEW YORK HOSPITALITY ALLIANCE PAC,industry_association,neutral,Landon Dais,assembly
2022-05-25,100.0,NY Vision Rehabilitation Association,industry_association,neutral,Donna A Lupardo,assembly
2020-02-05,100.0,New York State Society of Anesthesiologists,industry_association,unknown,John W. Mannion,state_senate
2020-03-02,100.0,Happyhouse Adult Day Care Center Inc.,adult_day_care,neutral,William Colton,assembly
2024-04-30,100.0,NY Total Body Physical Therapy PLLC,hospital_health_system_provider,neutral,Steven B. Raga,state_senate
2020-11-16,100.0,Cy'S Elma Pharmacy,pharmacy,neutral,Patrick M Gallivan,state_senate
2023-10-05,100.0,P&S Pharmacy LLC,pharmacy,neutral,James Skoufis,state_senate
2025-03-31,80.0,Dental Design Studio,hospital_health_system_provider,neutral,Robert G Rolison,state_senate
2024-02-06,75.0,New York State Dental Association PAC (NYSDAPAC),industry_association,unknown,Peter Harckham,state_senate
2020-10-29,75.0,Medical Society of the State of New York,industry_association,neutral,"Edward A. Rath, Iii",state_senate
2024-09-24,75.0,"Independent Health Care Services, Inc",hospital_health_system_provider,neutral,Pamela Hunter,assembly
2021-05-13,75.0,Grassy Sprain Pharmacy,pharmacy,unknown,Shelley Mayer,state_senate
2026-06-01,50.0,Medical Society of the State of New York,industry_association,neutral,Anil R Beephan Jr,assembly
2025-12-05,50.0,Medical Society of the State of New York,industry_association,neutral,Jacob Christopher Ashby,state_senate
2025-04-30,50.0,"Independent Health Care Services, Inc",hospital_health_system_provider,neutral,Christopher J. Ryan,state_senate
2020-09-25,50.0,Greater New York Hospital Association (GNYHA),industry_association,neutral,Samra Brouk,state_senate
2020-03-20,25.0,Future Pharmacy Inc.,pharmacy,neutral,William Colton,assembly
2020-10-15,25.0,Future Pharmacy Inc.,pharmacy,neutral,William Colton,assembly
2020-05-20,25.0,Greater New York Hospital Association (GNYHA),industry_association,neutral,Samra Brouk,state_senate
2026-01-09,25.0,Greater New York Hospital Association (GNYHA),industry_association,neutral,Jo Anne Simon,assembly
2023-03-01,25.0,Future Pharmacy Inc.,pharmacy,neutral,William Colton,assembly
2022-09-16,25.0,Future Pharmacy Inc.,pharmacy,neutral,William Colton,assembly
